disease,resistance_gene_count,temperature,humidity,soil_moisture,light,risk_level,risk_score
Early Blight,0,29.7,31.7,32.0,345.5,LOW,12.0
Late Blight,0,29.7,31.7,32.0,345.5,LOW,10.0
Fusarium Wilt,2,29.7,31.7,32.0,345.5,LOW,25.0
Early Blight,1,15.7,44.9,50.4,129.2,LOW,22.0
Late Blight,0,15.7,44.9,50.4,129.2,LOW,10.0
Fusarium Wilt,1,15.7,44.9,50.4,129.2,LOW,25.0
Early Blight,1,33.6,30.4,74.5,868.0,LOW,22.0
Late Blight,1,33.6,30.4,74.5,868.0,LOW,10.0
Fusarium Wilt,2,33.6,30.4,74.5,868.0,LOW,25.0
Early Blight,0,17.2,87.6,58.3,987.8,LOW,25.0
Late Blight,0,17.2,87.6,58.3,987.8,MEDIUM,45.0
Fusarium Wilt,1,17.2,87.6,58.3,987.8,LOW,25.0
Early Blight,0,34.1,72.1,78.9,735.1,LOW,25.0
Late Blight,2,34.1,72.1,78.9,735.1,LOW,10.0
Fusarium Wilt,2,34.1,72.1,78.9,735.1,LOW,25.0
Early Blight,1,20.4,36.9,32.2,799.3,LOW,22.0
Late Blight,2,20.4,36.9,32.2,799.3,LOW,10.0
Fusarium Wilt,1,20.4,36.9,32.2,799.3,LOW,25.0
Early Blight,1,29.9,71.4,23.7,902.0,MEDIUM,52.0
Late Blight,1,29.9,71.4,23.7,902.0,LOW,10.0
Fusarium Wilt,0,29.9,71.4,23.7,902.0,LOW,15.0
Early Blight,1,30.7,87.3,72.1,352.0,MEDIUM,52.0
Late Blight,2,30.7,87.3,72.1,352.0,LOW,10.0
Fusarium Wilt,1,30.7,87.3,72.1,352.0,LOW,25.0
Early Blight,0,35.2,51.4,62.4,535.2,LOW,25.0
Late Blight,2,35.2,51.4,62.4,535.2,LOW,10.0
Fusarium Wilt,1,35.2,51.4,62.4,535.2,MEDIUM,40.0
Early Blight,1,21.0,69.8,81.8,539.3,LOW,35.0
Late Blight,0,21.0,69.8,81.8,539.3,LOW,25.0
Fusarium Wilt,2,21.0,69.8,81.8,539.3,LOW,25.0
Early Blight,1,17.5,72.7,73.4,564.4,LOW,35.0
Late Blight,1,17.5,72.7,73.4,564.4,LOW,25.0
Fusarium Wilt,0,17.5,72.7,73.4,564.4,LOW,25.0
Early Blight,0,34.8,30.8,67.7,849.9,LOW,12.0
Late Blight,1,34.8,30.8,67.7,849.9,LOW,10.0
Fusarium Wilt,2,34.8,30.8,67.7,849.9,MEDIUM,40.0
Early Blight,0,25.4,94.9,80.1,389.7,MEDIUM,42.0
Late Blight,1,25.4,94.9,80.1,389.7,LOW,25.0
Fusarium Wilt,1,25.4,94.9,80.1,389.7,LOW,25.0
Early Blight,0,29.7,71.4,22.2,938.8,MEDIUM,42.0
Late Blight,0,29.7,71.4,22.2,938.8,LOW,10.0
Fusarium Wilt,2,29.7,71.4,22.2,938.8,LOW,15.0
Early Blight,1,15.4,93.2,80.3,1014.8,LOW,35.0
Late Blight,1,15.4,93.2,80.3,1014.8,MEDIUM,45.0
Fusarium Wilt,1,15.4,93.2,80.3,1014.8,LOW,25.0
Early Blight,1,26.2,34.7,70.8,942.4,LOW,22.0
Late Blight,1,26.2,34.7,70.8,942.4,LOW,10.0
Fusarium Wilt,1,26.2,34.7,70.8,942.4,LOW,25.0
Early Blight,1,24.7,44.4,53.1,902.9,LOW,22.0
Late Blight,1,24.7,44.4,53.1,902.9,LOW,10.0
Fusarium Wilt,1,24.7,44.4,53.1,902.9,LOW,25.0
Early Blight,0,26.9,38.2,28.0,471.9,LOW,12.0
Late Blight,2,26.9,38.2,28.0,471.9,LOW,10.0
Fusarium Wilt,1,26.9,38.2,28.0,471.9,LOW,25.0
Early Blight,1,20.3,91.6,78.8,177.9,LOW,35.0
Late Blight,1,20.3,91.6,78.8,177.9,MEDIUM,55.0
Fusarium Wilt,1,20.3,91.6,78.8,177.9,LOW,25.0
Early Blight,1,28.1,62.1,72.8,988.2,LOW,35.0
Late Blight,2,28.1,62.1,72.8,988.2,LOW,10.0
Fusarium Wilt,2,28.1,62.1,72.8,988.2,LOW,25.0
Early Blight,1,31.8,75.8,88.7,208.3,MEDIUM,52.0
Late Blight,1,31.8,75.8,88.7,208.3,LOW,10.0
Fusarium Wilt,2,31.8,75.8,88.7,208.3,LOW,25.0
Early Blight,0,25.3,58.7,32.3,374.8,LOW,25.0
Late Blight,1,25.3,58.7,32.3,374.8,LOW,10.0
Fusarium Wilt,1,25.3,58.7,32.3,374.8,LOW,25.0
Early Blight,0,38.0,86.8,87.5,1119.0,LOW,25.0
Late Blight,2,38.0,86.8,87.5,1119.0,LOW,10.0
Fusarium Wilt,2,38.0,86.8,87.5,1119.0,LOW,25.0
Early Blight,0,16.3,55.8,88.8,391.7,LOW,25.0
Late Blight,2,16.3,55.8,88.8,391.7,LOW,10.0
Fusarium Wilt,0,16.3,55.8,88.8,391.7,LOW,25.0
Early Blight,0,27.8,78.9,22.4,426.4,MEDIUM,42.0
Late Blight,0,27.8,78.9,22.4,426.4,LOW,25.0
Fusarium Wilt,1,27.8,78.9,22.4,426.4,LOW,15.0
Early Blight,0,28.4,64.2,78.2,273.2,LOW,25.0
Late Blight,2,28.4,64.2,78.2,273.2,LOW,10.0
Fusarium Wilt,0,28.4,64.2,78.2,273.2,LOW,25.0
Early Blight,0,20.4,38.2,81.2,370.8,LOW,12.0
Late Blight,1,20.4,38.2,81.2,370.8,LOW,20.0
Fusarium Wilt,0,20.4,38.2,81.2,370.8,LOW,25.0
Early Blight,1,36.5,43.9,67.3,362.6,LOW,22.0
Late Blight,1,36.5,43.9,67.3,362.6,LOW,20.0
Fusarium Wilt,1,36.5,43.9,67.3,362.6,MEDIUM,40.0
Early Blight,1,16.7,61.2,89.9,1195.7,LOW,35.0
Late Blight,2,16.7,61.2,89.9,1195.7,LOW,25.0
Fusarium Wilt,0,16.7,61.2,89.9,1195.7,LOW,25.0
Early Blight,0,35.2,55.1,22.6,1017.1,LOW,25.0
Late Blight,0,35.2,55.1,22.6,1017.1,LOW,10.0
Fusarium Wilt,1,35.2,55.1,22.6,1017.1,LOW,15.0
Early Blight,1,33.8,50.4,63.1,1132.8,LOW,35.0
Late Blight,2,33.8,50.4,63.1,1132.8,LOW,10.0
Fusarium Wilt,1,33.8,50.4,63.1,1132.8,MEDIUM,40.0
Early Blight,1,28.9,78.8,26.3,797.7,MEDIUM,52.0
Late Blight,1,28.9,78.8,26.3,797.7,LOW,10.0
Fusarium Wilt,1,28.9,78.8,26.3,797.7,LOW,25.0
Early Blight,0,24.7,48.8,10.3,948.2,LOW,12.0
Late Blight,1,24.7,48.8,10.3,948.2,LOW,10.0
Fusarium Wilt,1,24.7,48.8,10.3,948.2,LOW,15.0
Early Blight,0,15.2,35.1,80.6,1094.3,LOW,12.0
Late Blight,0,15.2,35.1,80.6,1094.3,LOW,10.0
Fusarium Wilt,2,15.2,35.1,80.6,1094.3,LOW,25.0
Early Blight,0,22.1,91.1,73.7,1046.8,LOW,25.0
Late Blight,2,22.1,91.1,73.7,1046.8,MEDIUM,45.0
Fusarium Wilt,1,22.1,91.1,73.7,1046.8,LOW,25.0
Early Blight,0,35.3,57.6,59.7,270.0,LOW,25.0
Late Blight,0,35.3,57.6,59.7,270.0,LOW,10.0
Fusarium Wilt,0,35.3,57.6,59.7,270.0,MEDIUM,40.0
Early Blight,0,15.6,80.1,36.6,1123.9,LOW,25.0
Late Blight,0,15.6,80.1,36.6,1123.9,MEDIUM,45.0
Fusarium Wilt,1,15.6,80.1,36.6,1123.9,LOW,25.0
Early Blight,0,17.5,89.3,78.7,344.7,LOW,25.0
Late Blight,2,17.5,89.3,78.7,344.7,MEDIUM,45.0
Fusarium Wilt,1,17.5,89.3,78.7,344.7,LOW,25.0
Early Blight,0,15.5,43.1,36.3,1050.8,LOW,12.0
Late Blight,1,15.5,43.1,36.3,1050.8,LOW,10.0
Fusarium Wilt,1,15.5,43.1,36.3,1050.8,LOW,25.0
Early Blight,1,27.3,93.9,19.2,1167.4,MEDIUM,52.0
Late Blight,1,27.3,93.9,19.2,1167.4,LOW,35.0
Fusarium Wilt,2,27.3,93.9,19.2,1167.4,LOW,15.0
Early Blight,1,31.8,51.3,58.5,662.6,LOW,35.0
Late Blight,1,31.8,51.3,58.5,662.6,LOW,20.0
Fusarium Wilt,1,31.8,51.3,58.5,662.6,MEDIUM,40.0
Early Blight,0,36.3,66.6,67.6,916.1,LOW,25.0
Late Blight,2,36.3,66.6,67.6,916.1,LOW,10.0
Fusarium Wilt,1,36.3,66.6,67.6,916.1,MEDIUM,40.0
Early Blight,1,22.2,87.7,67.6,430.4,LOW,35.0
Late Blight,2,22.2,87.7,67.6,430.4,MEDIUM,45.0
Fusarium Wilt,2,22.2,87.7,67.6,430.4,LOW,25.0
Early Blight,0,24.7,93.9,64.2,1093.1,MEDIUM,42.0
Late Blight,1,24.7,93.9,64.2,1093.1,LOW,25.0
Fusarium Wilt,2,24.7,93.9,64.2,1093.1,LOW,25.0
Early Blight,1,24.9,69.4,62.4,611.5,LOW,35.0
Late Blight,2,24.9,69.4,62.4,611.5,LOW,25.0
Fusarium Wilt,0,24.9,69.4,62.4,611.5,LOW,25.0
Early Blight,1,18.9,35.8,51.2,796.2,LOW,22.0
Late Blight,0,18.9,35.8,51.2,796.2,LOW,10.0
Fusarium Wilt,1,18.9,35.8,51.2,796.2,LOW,25.0
Early Blight,0,19.6,31.7,29.6,622.6,LOW,12.0
Late Blight,2,19.6,31.7,29.6,622.6,LOW,10.0
Fusarium Wilt,1,19.6,31.7,29.6,622.6,LOW,25.0
Early Blight,1,31.0,63.6,29.5,821.7,LOW,35.0
Late Blight,0,31.0,63.6,29.5,821.7,LOW,10.0
Fusarium Wilt,2,31.0,63.6,29.5,821.7,LOW,25.0
Early Blight,1,19.0,95.1,51.4,155.2,LOW,35.0
Late Blight,1,19.0,95.1,51.4,155.2,MEDIUM,55.0
Fusarium Wilt,0,19.0,95.1,51.4,155.2,LOW,25.0
Early Blight,0,37.7,70.5,86.0,1080.6,LOW,25.0
Late Blight,0,37.7,70.5,86.0,1080.6,LOW,10.0
Fusarium Wilt,0,37.7,70.5,86.0,1080.6,LOW,25.0
Early Blight,1,35.6,80.6,48.0,385.1,LOW,35.0
Late Blight,0,35.6,80.6,48.0,385.1,LOW,10.0
Fusarium Wilt,0,35.6,80.6,48.0,385.1,MEDIUM,40.0
Early Blight,1,21.3,35.3,32.9,398.9,LOW,22.0
Late Blight,1,21.3,35.3,32.9,398.9,LOW,20.0
Fusarium Wilt,1,21.3,35.3,32.9,398.9,LOW,25.0
Early Blight,1,31.2,34.4,42.6,696.9,LOW,22.0
Late Blight,2,31.2,34.4,42.6,696.9,LOW,10.0
Fusarium Wilt,0,31.2,34.4,42.6,696.9,MEDIUM,40.0
Early Blight,1,31.0,88.3,71.2,518.4,MEDIUM,52.0
Late Blight,1,31.0,88.3,71.2,518.4,LOW,10.0
Fusarium Wilt,0,31.0,88.3,71.2,518.4,LOW,25.0
Early Blight,1,24.6,80.8,53.7,763.6,MEDIUM,52.0
Late Blight,2,24.6,80.8,53.7,763.6,LOW,25.0
Fusarium Wilt,2,24.6,80.8,53.7,763.6,LOW,25.0
Early Blight,1,30.6,57.5,23.2,614.1,LOW,35.0
Late Blight,1,30.6,57.5,23.2,614.1,LOW,20.0
Fusarium Wilt,1,30.6,57.5,23.2,614.1,LOW,15.0
Early Blight,1,15.6,73.7,20.9,607.9,LOW,35.0
Late Blight,2,15.6,73.7,20.9,607.9,LOW,25.0
Fusarium Wilt,1,15.6,73.7,20.9,607.9,LOW,15.0
Early Blight,1,23.7,81.1,76.6,377.5,LOW,35.0
Late Blight,1,23.7,81.1,76.6,377.5,MEDIUM,45.0
Fusarium Wilt,1,23.7,81.1,76.6,377.5,LOW,25.0
Early Blight,0,30.0,83.1,62.1,929.7,MEDIUM,42.0
Late Blight,2,30.0,83.1,62.1,929.7,LOW,10.0
Fusarium Wilt,2,30.0,83.1,62.1,929.7,MEDIUM,40.0
Early Blight,0,30.4,68.3,27.4,869.4,LOW,25.0
Late Blight,1,30.4,68.3,27.4,869.4,LOW,10.0
Fusarium Wilt,1,30.4,68.3,27.4,869.4,LOW,25.0
Early Blight,1,33.8,95.6,18.6,128.2,LOW,35.0
Late Blight,0,33.8,95.6,18.6,128.2,LOW,10.0
Fusarium Wilt,1,33.8,95.6,18.6,128.2,LOW,15.0
Early Blight,0,16.7,77.0,60.2,212.1,LOW,25.0
Late Blight,0,16.7,77.0,60.2,212.1,LOW,25.0
Fusarium Wilt,1,16.7,77.0,60.2,212.1,LOW,25.0
Early Blight,0,33.0,53.6,44.3,507.6,LOW,25.0
Late Blight,1,33.0,53.6,44.3,507.6,LOW,10.0
Fusarium Wilt,1,33.0,53.6,44.3,507.6,MEDIUM,40.0
Early Blight,1,37.1,73.2,76.3,878.0,LOW,35.0
Late Blight,0,37.1,73.2,76.3,878.0,LOW,10.0
Fusarium Wilt,1,37.1,73.2,76.3,878.0,LOW,25.0
Early Blight,1,27.4,62.9,44.8,904.1,LOW,35.0
Late Blight,0,27.4,62.9,44.8,904.1,LOW,25.0
Fusarium Wilt,1,27.4,62.9,44.8,904.1,MEDIUM,40.0
Early Blight,1,20.6,61.6,58.8,516.9,LOW,35.0
Late Blight,1,20.6,61.6,58.8,516.9,LOW,35.0
Fusarium Wilt,1,20.6,61.6,58.8,516.9,LOW,25.0
Early Blight,1,22.8,89.9,66.1,403.9,LOW,35.0
Late Blight,1,22.8,89.9,66.1,403.9,MEDIUM,55.0
Fusarium Wilt,1,22.8,89.9,66.1,403.9,LOW,25.0
Early Blight,0,32.4,77.0,61.7,639.9,LOW,25.0
Late Blight,2,32.4,77.0,61.7,639.9,LOW,10.0
Fusarium Wilt,1,32.4,77.0,61.7,639.9,MEDIUM,40.0
Early Blight,0,28.4,62.2,52.5,568.1,LOW,25.0
Late Blight,1,28.4,62.2,52.5,568.1,LOW,10.0
Fusarium Wilt,2,28.4,62.2,52.5,568.1,MEDIUM,40.0
Early Blight,0,17.8,43.1,19.6,689.5,LOW,12.0
Late Blight,2,17.8,43.1,19.6,689.5,LOW,10.0
Fusarium Wilt,1,17.8,43.1,19.6,689.5,LOW,15.0
Early Blight,1,37.5,65.7,32.6,210.6,LOW,35.0
Late Blight,2,37.5,65.7,32.6,210.6,LOW,10.0
Fusarium Wilt,1,37.5,65.7,32.6,210.6,LOW,25.0
Early Blight,1,21.3,96.3,54.3,867.2,LOW,35.0
Late Blight,1,21.3,96.3,54.3,867.2,MEDIUM,55.0
Fusarium Wilt,0,21.3,96.3,54.3,867.2,LOW,25.0
Early Blight,0,25.8,60.0,24.7,156.5,LOW,25.0
Late Blight,1,25.8,60.0,24.7,156.5,LOW,25.0
Fusarium Wilt,2,25.8,60.0,24.7,156.5,LOW,15.0
Early Blight,1,29.5,33.6,21.9,719.1,LOW,22.0
Late Blight,1,29.5,33.6,21.9,719.1,LOW,20.0
Fusarium Wilt,0,29.5,33.6,21.9,719.1,LOW,15.0
Early Blight,1,33.2,45.3,51.8,595.6,LOW,22.0
Late Blight,0,33.2,45.3,51.8,595.6,LOW,10.0
Fusarium Wilt,1,33.2,45.3,51.8,595.6,MEDIUM,40.0
Early Blight,1,29.0,80.3,85.8,328.6,MEDIUM,52.0
Late Blight,1,29.0,80.3,85.8,328.6,LOW,20.0
Fusarium Wilt,2,29.0,80.3,85.8,328.6,LOW,25.0
Early Blight,1,15.1,60.6,57.5,420.4,LOW,35.0
Late Blight,0,15.1,60.6,57.5,420.4,LOW,25.0
Fusarium Wilt,1,15.1,60.6,57.5,420.4,LOW,25.0
Early Blight,0,36.2,83.6,60.0,827.3,LOW,25.0
Late Blight,1,36.2,83.6,60.0,827.3,LOW,10.0
Fusarium Wilt,0,36.2,83.6,60.0,827.3,MEDIUM,40.0
Early Blight,0,34.0,34.9,23.3,438.4,LOW,12.0
Late Blight,1,34.0,34.9,23.3,438.4,LOW,20.0
Fusarium Wilt,1,34.0,34.9,23.3,438.4,LOW,15.0
Early Blight,1,31.1,94.1,50.0,643.2,MEDIUM,52.0
Late Blight,2,31.1,94.1,50.0,643.2,LOW,10.0
Fusarium Wilt,2,31.1,94.1,50.0,643.2,MEDIUM,40.0
Early Blight,0,17.1,95.4,76.9,732.7,LOW,25.0
Late Blight,0,17.1,95.4,76.9,732.7,MEDIUM,45.0
Fusarium Wilt,2,17.1,95.4,76.9,732.7,LOW,25.0
Early Blight,1,32.4,62.0,62.1,1107.7,LOW,35.0
Late Blight,0,32.4,62.0,62.1,1107.7,LOW,10.0
Fusarium Wilt,2,32.4,62.0,62.1,1107.7,MEDIUM,40.0
Early Blight,1,23.0,52.7,63.6,1043.5,LOW,35.0
Late Blight,1,23.0,52.7,63.6,1043.5,LOW,20.0
Fusarium Wilt,0,23.0,52.7,63.6,1043.5,LOW,25.0
Early Blight,0,27.7,60.9,35.2,455.6,LOW,25.0
Late Blight,1,27.7,60.9,35.2,455.6,LOW,25.0
Fusarium Wilt,0,27.7,60.9,35.2,455.6,LOW,25.0
Early Blight,0,27.5,58.1,25.0,498.0,LOW,25.0
Late Blight,0,27.5,58.1,25.0,498.0,LOW,10.0
Fusarium Wilt,1,27.5,58.1,25.0,498.0,LOW,25.0
Early Blight,0,36.3,59.8,65.9,233.6,LOW,25.0
Late Blight,1,36.3,59.8,65.9,233.6,LOW,20.0
Fusarium Wilt,1,36.3,59.8,65.9,233.6,MEDIUM,40.0
Early Blight,1,27.7,36.3,89.4,1104.2,LOW,22.0
Late Blight,1,27.7,36.3,89.4,1104.2,LOW,10.0
Fusarium Wilt,1,27.7,36.3,89.4,1104.2,LOW,25.0
Early Blight,1,26.7,48.6,76.8,1178.3,LOW,22.0
Late Blight,1,26.7,48.6,76.8,1178.3,LOW,20.0
Fusarium Wilt,0,26.7,48.6,76.8,1178.3,LOW,25.0
Early Blight,1,35.2,88.8,32.1,969.0,LOW,35.0
Late Blight,0,35.2,88.8,32.1,969.0,LOW,10.0
Fusarium Wilt,1,35.2,88.8,32.1,969.0,LOW,25.0
Early Blight,1,21.9,69.9,89.9,638.6,LOW,35.0
Late Blight,1,21.9,69.9,89.9,638.6,LOW,35.0
Fusarium Wilt,0,21.9,69.9,89.9,638.6,LOW,25.0
Early Blight,0,25.5,51.9,25.1,867.2,LOW,25.0
Late Blight,1,25.5,51.9,25.1,867.2,LOW,10.0
Fusarium Wilt,1,25.5,51.9,25.1,867.2,LOW,25.0
Early Blight,0,31.2,85.2,40.9,830.1,MEDIUM,42.0
Late Blight,1,31.2,85.2,40.9,830.1,LOW,20.0
Fusarium Wilt,1,31.2,85.2,40.9,830.1,MEDIUM,40.0
Early Blight,0,28.6,89.1,79.9,584.3,MEDIUM,42.0
Late Blight,1,28.6,89.1,79.9,584.3,LOW,10.0
Fusarium Wilt,1,28.6,89.1,79.9,584.3,LOW,25.0
Early Blight,0,18.6,61.9,87.5,472.4,LOW,25.0
Late Blight,0,18.6,61.9,87.5,472.4,LOW,25.0
Fusarium Wilt,0,18.6,61.9,87.5,472.4,LOW,25.0
Early Blight,0,23.7,51.5,67.5,935.3,LOW,25.0
Late Blight,2,23.7,51.5,67.5,935.3,LOW,10.0
Fusarium Wilt,0,23.7,51.5,67.5,935.3,LOW,25.0
Early Blight,0,37.9,80.8,44.7,208.3,LOW,25.0
Late Blight,1,37.9,80.8,44.7,208.3,LOW,20.0
Fusarium Wilt,0,37.9,80.8,44.7,208.3,MEDIUM,40.0
Early Blight,1,16.1,84.1,33.5,512.3,LOW,35.0
Late Blight,0,16.1,84.1,33.5,512.3,MEDIUM,45.0
Fusarium Wilt,1,16.1,84.1,33.5,512.3,LOW,25.0
Early Blight,0,16.8,89.2,59.6,364.9,LOW,25.0
Late Blight,2,16.8,89.2,59.6,364.9,MEDIUM,45.0
Fusarium Wilt,2,16.8,89.2,59.6,364.9,LOW,25.0
Early Blight,1,15.2,84.7,82.1,845.4,LOW,35.0
Late Blight,2,15.2,84.7,82.1,845.4,MEDIUM,45.0
Fusarium Wilt,0,15.2,84.7,82.1,845.4,LOW,25.0
Early Blight,1,24.8,47.0,77.6,319.1,LOW,22.0
Late Blight,2,24.8,47.0,77.6,319.1,LOW,10.0
Fusarium Wilt,0,24.8,47.0,77.6,319.1,LOW,25.0
Early Blight,1,37.8,50.1,88.2,824.1,LOW,35.0
Late Blight,0,37.8,50.1,88.2,824.1,LOW,10.0
Fusarium Wilt,1,37.8,50.1,88.2,824.1,LOW,25.0
Early Blight,0,28.9,63.8,82.3,414.8,LOW,25.0
Late Blight,1,28.9,63.8,82.3,414.8,LOW,20.0
Fusarium Wilt,0,28.9,63.8,82.3,414.8,LOW,25.0
Early Blight,0,30.6,79.0,62.7,1022.2,MEDIUM,42.0
Late Blight,0,30.6,79.0,62.7,1022.2,LOW,10.0
Fusarium Wilt,2,30.6,79.0,62.7,1022.2,MEDIUM,40.0
Early Blight,0,28.3,79.8,17.2,424.6,MEDIUM,42.0
Late Blight,2,28.3,79.8,17.2,424.6,LOW,10.0
Fusarium Wilt,0,28.3,79.8,17.2,424.6,LOW,15.0
Early Blight,0,27.2,92.1,76.4,382.7,MEDIUM,42.0
Late Blight,1,27.2,92.1,76.4,382.7,LOW,25.0
Fusarium Wilt,1,27.2,92.1,76.4,382.7,LOW,25.0
Early Blight,0,17.6,95.5,21.3,1163.2,LOW,25.0
Late Blight,0,17.6,95.5,21.3,1163.2,MEDIUM,45.0
Fusarium Wilt,0,17.6,95.5,21.3,1163.2,LOW,15.0
Early Blight,1,23.4,83.8,11.1,690.2,LOW,35.0
Late Blight,0,23.4,83.8,11.1,690.2,MEDIUM,45.0
Fusarium Wilt,0,23.4,83.8,11.1,690.2,LOW,15.0
Early Blight,0,36.6,37.4,28.7,127.5,LOW,12.0
Late Blight,0,36.6,37.4,28.7,127.5,LOW,10.0
Fusarium Wilt,2,36.6,37.4,28.7,127.5,LOW,25.0
Early Blight,1,33.9,91.8,34.2,549.1,LOW,35.0
Late Blight,1,33.9,91.8,34.2,549.1,LOW,20.0
Fusarium Wilt,2,33.9,91.8,34.2,549.1,LOW,25.0
Early Blight,0,35.4,39.2,46.3,837.5,LOW,12.0
Late Blight,1,35.4,39.2,46.3,837.5,LOW,20.0
Fusarium Wilt,1,35.4,39.2,46.3,837.5,MEDIUM,40.0
Early Blight,0,24.5,36.7,49.1,548.9,LOW,12.0
Late Blight,2,24.5,36.7,49.1,548.9,LOW,10.0
Fusarium Wilt,1,24.5,36.7,49.1,548.9,LOW,25.0
Early Blight,0,34.7,36.8,64.9,698.9,LOW,12.0
Late Blight,2,34.7,36.8,64.9,698.9,LOW,10.0
Fusarium Wilt,2,34.7,36.8,64.9,698.9,MEDIUM,40.0
Early Blight,0,34.5,60.9,63.0,805.9,LOW,25.0
Late Blight,1,34.5,60.9,63.0,805.9,LOW,10.0
Fusarium Wilt,2,34.5,60.9,63.0,805.9,MEDIUM,40.0
Early Blight,1,28.0,34.7,71.2,327.9,LOW,22.0
Late Blight,1,28.0,34.7,71.2,327.9,LOW,20.0
Fusarium Wilt,1,28.0,34.7,71.2,327.9,LOW,25.0
Early Blight,1,15.1,88.4,21.6,243.0,LOW,35.0
Late Blight,1,15.1,88.4,21.6,243.0,MEDIUM,45.0
Fusarium Wilt,2,15.1,88.4,21.6,243.0,LOW,15.0
Early Blight,1,33.2,46.2,35.9,291.7,LOW,22.0
Late Blight,0,33.2,46.2,35.9,291.7,LOW,10.0
Fusarium Wilt,1,33.2,46.2,35.9,291.7,LOW,25.0
Early Blight,0,32.9,64.9,18.7,654.2,LOW,25.0
Late Blight,1,32.9,64.9,18.7,654.2,LOW,10.0
Fusarium Wilt,0,32.9,64.9,18.7,654.2,LOW,15.0
Early Blight,1,25.5,95.6,14.9,626.9,MEDIUM,52.0
Late Blight,1,25.5,95.6,14.9,626.9,LOW,35.0
Fusarium Wilt,1,25.5,95.6,14.9,626.9,LOW,15.0
Early Blight,0,16.9,71.4,15.3,402.5,LOW,25.0
Late Blight,1,16.9,71.4,15.3,402.5,LOW,35.0
Fusarium Wilt,0,16.9,71.4,15.3,402.5,LOW,15.0
Early Blight,0,25.4,71.2,17.9,872.0,MEDIUM,42.0
Late Blight,0,25.4,71.2,17.9,872.0,LOW,25.0
Fusarium Wilt,1,25.4,71.2,17.9,872.0,LOW,15.0
Early Blight,1,25.4,45.5,37.1,598.8,LOW,22.0
Late Blight,2,25.4,45.5,37.1,598.8,LOW,10.0
Fusarium Wilt,1,25.4,45.5,37.1,598.8,LOW,25.0
Early Blight,1,18.5,92.8,15.4,1014.9,LOW,35.0
Late Blight,1,18.5,92.8,15.4,1014.9,MEDIUM,45.0
Fusarium Wilt,0,18.5,92.8,15.4,1014.9,LOW,15.0
Early Blight,1,28.5,68.2,36.4,234.5,LOW,35.0
Late Blight,0,28.5,68.2,36.4,234.5,LOW,10.0
Fusarium Wilt,0,28.5,68.2,36.4,234.5,LOW,25.0
Early Blight,1,37.3,70.8,38.1,735.7,LOW,35.0
Late Blight,1,37.3,70.8,38.1,735.7,LOW,20.0
Fusarium Wilt,1,37.3,70.8,38.1,735.7,LOW,25.0
Early Blight,0,23.5,81.9,55.9,987.9,LOW,25.0
Late Blight,0,23.5,81.9,55.9,987.9,MEDIUM,45.0
Fusarium Wilt,0,23.5,81.9,55.9,987.9,LOW,25.0
Early Blight,1,15.6,93.2,76.4,394.2,LOW,35.0
Late Blight,1,15.6,93.2,76.4,394.2,MEDIUM,55.0
Fusarium Wilt,2,15.6,93.2,76.4,394.2,LOW,25.0
Early Blight,0,35.0,68.5,42.1,256.1,LOW,25.0
Late Blight,1,35.0,68.5,42.1,256.1,LOW,10.0
Fusarium Wilt,2,35.0,68.5,42.1,256.1,MEDIUM,40.0
Early Blight,0,22.8,55.2,67.7,954.5,LOW,25.0
Late Blight,2,22.8,55.2,67.7,954.5,LOW,10.0
Fusarium Wilt,1,22.8,55.2,67.7,954.5,LOW,25.0
Early Blight,1,30.5,48.5,63.0,634.2,LOW,22.0
Late Blight,1,30.5,48.5,63.0,634.2,LOW,10.0
Fusarium Wilt,2,30.5,48.5,63.0,634.2,MEDIUM,40.0
Early Blight,1,21.5,76.1,48.9,833.8,LOW,35.0
Late Blight,1,21.5,76.1,48.9,833.8,LOW,25.0
Fusarium Wilt,2,21.5,76.1,48.9,833.8,LOW,25.0
Early Blight,1,19.9,39.3,30.4,460.9,LOW,22.0
Late Blight,1,19.9,39.3,30.4,460.9,LOW,20.0
Fusarium Wilt,1,19.9,39.3,30.4,460.9,LOW,25.0
Early Blight,0,26.5,86.7,74.5,179.3,MEDIUM,42.0
Late Blight,2,26.5,86.7,74.5,179.3,LOW,25.0
Fusarium Wilt,0,26.5,86.7,74.5,179.3,LOW,25.0
Early Blight,1,28.2,69.0,66.8,559.5,LOW,35.0
Late Blight,2,28.2,69.0,66.8,559.5,LOW,10.0
Fusarium Wilt,0,28.2,69.0,66.8,559.5,MEDIUM,40.0
Early Blight,1,34.1,92.5,17.1,1028.9,LOW,35.0
Late Blight,0,34.1,92.5,17.1,1028.9,LOW,10.0
Fusarium Wilt,2,34.1,92.5,17.1,1028.9,LOW,15.0
Early Blight,1,22.8,52.6,23.5,661.5,LOW,35.0
Late Blight,0,22.8,52.6,23.5,661.5,LOW,10.0
Fusarium Wilt,1,22.8,52.6,23.5,661.5,LOW,15.0
Early Blight,1,33.8,85.4,28.9,261.1,LOW,35.0
Late Blight,0,33.8,85.4,28.9,261.1,LOW,10.0
Fusarium Wilt,1,33.8,85.4,28.9,261.1,LOW,25.0
Early Blight,1,32.8,63.6,70.4,935.9,LOW,35.0
Late Blight,0,32.8,63.6,70.4,935.9,LOW,10.0
Fusarium Wilt,0,32.8,63.6,70.4,935.9,LOW,25.0
Early Blight,1,34.9,72.7,22.1,175.1,LOW,35.0
Late Blight,2,34.9,72.7,22.1,175.1,LOW,10.0
Fusarium Wilt,1,34.9,72.7,22.1,175.1,LOW,15.0
Early Blight,1,22.1,60.7,14.6,1014.9,LOW,35.0
Late Blight,0,22.1,60.7,14.6,1014.9,LOW,25.0
Fusarium Wilt,0,22.1,60.7,14.6,1014.9,LOW,15.0
Early Blight,1,25.6,67.7,73.3,1085.5,LOW,35.0
Late Blight,0,25.6,67.7,73.3,1085.5,LOW,25.0
Fusarium Wilt,2,25.6,67.7,73.3,1085.5,LOW,25.0
Early Blight,1,18.5,34.2,18.3,1089.0,LOW,22.0
Late Blight,0,18.5,34.2,18.3,1089.0,LOW,10.0
Fusarium Wilt,2,18.5,34.2,18.3,1089.0,LOW,15.0
Early Blight,1,25.1,59.9,51.8,274.6,LOW,35.0
Late Blight,2,25.1,59.9,51.8,274.6,LOW,10.0
Fusarium Wilt,1,25.1,59.9,51.8,274.6,MEDIUM,40.0
Early Blight,0,33.2,74.0,15.3,204.0,LOW,25.0
Late Blight,1,33.2,74.0,15.3,204.0,LOW,10.0
Fusarium Wilt,0,33.2,74.0,15.3,204.0,LOW,15.0
Early Blight,1,35.1,52.7,56.6,255.6,LOW,35.0
Late Blight,0,35.1,52.7,56.6,255.6,LOW,10.0
Fusarium Wilt,1,35.1,52.7,56.6,255.6,MEDIUM,40.0
Early Blight,0,36.6,51.1,40.1,970.8,LOW,25.0
Late Blight,0,36.6,51.1,40.1,970.8,LOW,10.0
Fusarium Wilt,0,36.6,51.1,40.1,970.8,MEDIUM,40.0
Early Blight,1,27.1,73.9,43.9,498.0,MEDIUM,52.0
Late Blight,2,27.1,73.9,43.9,498.0,LOW,25.0
Fusarium Wilt,1,27.1,73.9,43.9,498.0,MEDIUM,40.0
Early Blight,1,20.2,39.4,16.2,1028.9,LOW,22.0
Late Blight,0,20.2,39.4,16.2,1028.9,LOW,10.0
Fusarium Wilt,1,20.2,39.4,16.2,1028.9,LOW,15.0
Early Blight,1,22.7,82.1,20.5,514.4,LOW,35.0
Late Blight,0,22.7,82.1,20.5,514.4,MEDIUM,45.0
Fusarium Wilt,1,22.7,82.1,20.5,514.4,LOW,15.0
Early Blight,1,25.1,57.9,64.1,361.3,LOW,35.0
Late Blight,1,25.1,57.9,64.1,361.3,LOW,10.0
Fusarium Wilt,1,25.1,57.9,64.1,361.3,MEDIUM,40.0
Early Blight,1,22.1,85.0,47.5,1018.6,LOW,35.0
Late Blight,0,22.1,85.0,47.5,1018.6,MEDIUM,45.0
Fusarium Wilt,2,22.1,85.0,47.5,1018.6,LOW,25.0
Early Blight,0,23.8,65.9,87.3,998.6,LOW,25.0
Late Blight,2,23.8,65.9,87.3,998.6,LOW,25.0
Fusarium Wilt,0,23.8,65.9,87.3,998.6,LOW,25.0
Early Blight,1,27.8,37.0,77.7,1036.3,LOW,22.0
Late Blight,1,27.8,37.0,77.7,1036.3,LOW,20.0
Fusarium Wilt,1,27.8,37.0,77.7,1036.3,LOW,25.0
Early Blight,1,25.1,94.4,27.8,596.2,MEDIUM,52.0
Late Blight,2,25.1,94.4,27.8,596.2,LOW,25.0
Fusarium Wilt,1,25.1,94.4,27.8,596.2,LOW,25.0
Early Blight,0,37.9,55.5,12.3,1123.9,LOW,25.0
Late Blight,0,37.9,55.5,12.3,1123.9,LOW,10.0
Fusarium Wilt,2,37.9,55.5,12.3,1123.9,LOW,15.0
Early Blight,1,34.1,77.3,21.1,876.1,LOW,35.0
Late Blight,2,34.1,77.3,21.1,876.1,LOW,10.0
Fusarium Wilt,1,34.1,77.3,21.1,876.1,LOW,15.0
Early Blight,1,27.6,79.5,52.2,222.3,MEDIUM,52.0
Late Blight,2,27.6,79.5,52.2,222.3,LOW,25.0
Fusarium Wilt,1,27.6,79.5,52.2,222.3,MEDIUM,40.0
Early Blight,1,25.5,37.5,82.4,756.4,LOW,22.0
Late Blight,1,25.5,37.5,82.4,756.4,LOW,20.0
Fusarium Wilt,2,25.5,37.5,82.4,756.4,LOW,25.0
Early Blight,1,29.1,46.4,43.3,830.8,LOW,22.0
Late Blight,1,29.1,46.4,43.3,830.8,LOW,20.0
Fusarium Wilt,0,29.1,46.4,43.3,830.8,MEDIUM,40.0
Early Blight,0,37.7,67.7,41.2,617.1,LOW,25.0
Late Blight,1,37.7,67.7,41.2,617.1,LOW,20.0
Fusarium Wilt,1,37.7,67.7,41.2,617.1,MEDIUM,40.0
Early Blight,0,22.9,79.8,60.3,948.7,LOW,25.0
Late Blight,2,22.9,79.8,60.3,948.7,LOW,25.0
Fusarium Wilt,0,22.9,79.8,60.3,948.7,LOW,25.0
Early Blight,0,19.0,83.0,47.2,864.9,LOW,25.0
Late Blight,1,19.0,83.0,47.2,864.9,MEDIUM,55.0
Fusarium Wilt,1,19.0,83.0,47.2,864.9,LOW,25.0
Early Blight,0,21.7,33.0,26.0,146.1,LOW,12.0
Late Blight,0,21.7,33.0,26.0,146.1,LOW,10.0
Fusarium Wilt,1,21.7,33.0,26.0,146.1,LOW,25.0
Early Blight,0,32.3,43.0,38.6,958.9,LOW,12.0
Late Blight,2,32.3,43.0,38.6,958.9,LOW,10.0
Fusarium Wilt,1,32.3,43.0,38.6,958.9,LOW,25.0
Early Blight,1,32.1,90.8,40.9,1171.1,LOW,35.0
Late Blight,1,32.1,90.8,40.9,1171.1,LOW,10.0
Fusarium Wilt,0,32.1,90.8,40.9,1171.1,MEDIUM,40.0
Early Blight,0,31.7,35.4,58.2,1004.6,LOW,12.0
Late Blight,2,31.7,35.4,58.2,1004.6,LOW,10.0
Fusarium Wilt,1,31.7,35.4,58.2,1004.6,MEDIUM,40.0
Early Blight,1,28.9,59.0,65.2,486.7,LOW,35.0
Late Blight,1,28.9,59.0,65.2,486.7,LOW,20.0
Fusarium Wilt,1,28.9,59.0,65.2,486.7,MEDIUM,40.0
Early Blight,1,37.5,94.5,16.0,801.3,LOW,35.0
Late Blight,0,37.5,94.5,16.0,801.3,LOW,10.0
Fusarium Wilt,1,37.5,94.5,16.0,801.3,LOW,15.0
Early Blight,0,29.0,83.1,12.8,174.0,MEDIUM,42.0
Late Blight,2,29.0,83.1,12.8,174.0,LOW,10.0
Fusarium Wilt,0,29.0,83.1,12.8,174.0,LOW,15.0
Early Blight,0,30.6,94.5,39.8,939.4,MEDIUM,42.0
Late Blight,1,30.6,94.5,39.8,939.4,LOW,20.0
Fusarium Wilt,1,30.6,94.5,39.8,939.4,LOW,25.0
Early Blight,0,17.6,80.0,49.9,525.7,LOW,25.0
Late Blight,2,17.6,80.0,49.9,525.7,MEDIUM,45.0
Fusarium Wilt,1,17.6,80.0,49.9,525.7,LOW,25.0
Early Blight,0,21.6,92.3,49.3,234.9,LOW,25.0
Late Blight,1,21.6,92.3,49.3,234.9,MEDIUM,45.0
Fusarium Wilt,2,21.6,92.3,49.3,234.9,LOW,25.0
Early Blight,1,30.7,87.5,35.6,482.2,MEDIUM,52.0
Late Blight,0,30.7,87.5,35.6,482.2,LOW,10.0
Fusarium Wilt,0,30.7,87.5,35.6,482.2,LOW,25.0
Early Blight,1,36.3,73.4,73.5,659.6,LOW,35.0
Late Blight,2,36.3,73.4,73.5,659.6,LOW,10.0
Fusarium Wilt,1,36.3,73.4,73.5,659.6,LOW,25.0
Early Blight,0,27.7,55.1,74.3,706.8,LOW,25.0
Late Blight,2,27.7,55.1,74.3,706.8,LOW,10.0
Fusarium Wilt,0,27.7,55.1,74.3,706.8,LOW,25.0
Early Blight,0,27.1,82.3,75.9,181.1,MEDIUM,42.0
Late Blight,1,27.1,82.3,75.9,181.1,LOW,35.0
Fusarium Wilt,1,27.1,82.3,75.9,181.1,LOW,25.0
Early Blight,0,35.2,83.1,61.2,300.2,LOW,25.0
Late Blight,1,35.2,83.1,61.2,300.2,LOW,10.0
Fusarium Wilt,2,35.2,83.1,61.2,300.2,MEDIUM,40.0
Early Blight,1,18.5,41.2,35.8,880.3,LOW,22.0
Late Blight,0,18.5,41.2,35.8,880.3,LOW,10.0
Fusarium Wilt,1,18.5,41.2,35.8,880.3,LOW,25.0
Early Blight,0,29.6,67.5,20.0,433.1,LOW,25.0
Late Blight,1,29.6,67.5,20.0,433.1,LOW,20.0
Fusarium Wilt,1,29.6,67.5,20.0,433.1,LOW,15.0
Early Blight,0,30.2,79.0,58.4,1026.8,MEDIUM,42.0
Late Blight,1,30.2,79.0,58.4,1026.8,LOW,20.0
Fusarium Wilt,1,30.2,79.0,58.4,1026.8,MEDIUM,40.0
Early Blight,0,28.3,74.3,71.4,558.2,MEDIUM,42.0
Late Blight,1,28.3,74.3,71.4,558.2,LOW,10.0
Fusarium Wilt,1,28.3,74.3,71.4,558.2,LOW,25.0
Early Blight,1,26.1,84.7,64.8,427.2,MEDIUM,52.0
Late Blight,2,26.1,84.7,64.8,427.2,LOW,25.0
Fusarium Wilt,2,26.1,84.7,64.8,427.2,MEDIUM,40.0
Early Blight,0,29.0,51.3,67.5,907.6,LOW,25.0
Late Blight,1,29.0,51.3,67.5,907.6,LOW,20.0
Fusarium Wilt,1,29.0,51.3,67.5,907.6,MEDIUM,40.0
Early Blight,1,22.3,61.7,31.4,372.7,LOW,35.0
Late Blight,2,22.3,61.7,31.4,372.7,LOW,25.0
Fusarium Wilt,1,22.3,61.7,31.4,372.7,LOW,25.0
Early Blight,1,34.9,40.9,36.2,735.5,LOW,22.0
Late Blight,1,34.9,40.9,36.2,735.5,LOW,20.0
Fusarium Wilt,1,34.9,40.9,36.2,735.5,LOW,25.0
Early Blight,0,22.1,31.6,85.6,656.0,LOW,12.0
Late Blight,2,22.1,31.6,85.6,656.0,LOW,10.0
Fusarium Wilt,2,22.1,31.6,85.6,656.0,LOW,25.0
Early Blight,0,35.3,74.5,47.6,690.4,LOW,25.0
Late Blight,1,35.3,74.5,47.6,690.4,LOW,10.0
Fusarium Wilt,0,35.3,74.5,47.6,690.4,MEDIUM,40.0
Early Blight,0,23.4,57.2,55.6,314.1,LOW,25.0
Late Blight,1,23.4,57.2,55.6,314.1,LOW,10.0
Fusarium Wilt,1,23.4,57.2,55.6,314.1,LOW,25.0
Early Blight,1,37.7,76.3,19.5,1172.6,LOW,35.0
Late Blight,1,37.7,76.3,19.5,1172.6,LOW,20.0
Fusarium Wilt,0,37.7,76.3,19.5,1172.6,LOW,15.0
Early Blight,1,19.6,64.6,50.0,149.8,LOW,35.0
Late Blight,2,19.6,64.6,50.0,149.8,LOW,25.0
Fusarium Wilt,1,19.6,64.6,50.0,149.8,LOW,25.0
Early Blight,0,26.9,52.3,59.0,278.8,LOW,25.0
Late Blight,1,26.9,52.3,59.0,278.8,LOW,20.0
Fusarium Wilt,1,26.9,52.3,59.0,278.8,MEDIUM,40.0
Early Blight,1,27.2,78.2,34.0,997.3,MEDIUM,52.0
Late Blight,0,27.2,78.2,34.0,997.3,LOW,25.0
Fusarium Wilt,0,27.2,78.2,34.0,997.3,LOW,25.0
Early Blight,0,31.7,76.8,12.1,622.0,MEDIUM,42.0
Late Blight,0,31.7,76.8,12.1,622.0,LOW,10.0
Fusarium Wilt,0,31.7,76.8,12.1,622.0,LOW,15.0
Early Blight,0,28.4,41.6,60.3,781.7,LOW,12.0
Late Blight,1,28.4,41.6,60.3,781.7,LOW,10.0
Fusarium Wilt,1,28.4,41.6,60.3,781.7,MEDIUM,40.0
Early Blight,0,17.5,31.3,35.1,266.6,LOW,12.0
Late Blight,1,17.5,31.3,35.1,266.6,LOW,10.0
Fusarium Wilt,0,17.5,31.3,35.1,266.6,LOW,25.0
Early Blight,1,31.9,34.2,21.0,328.1,LOW,22.0
Late Blight,0,31.9,34.2,21.0,328.1,LOW,10.0
Fusarium Wilt,2,31.9,34.2,21.0,328.1,LOW,15.0
Early Blight,0,36.0,53.3,38.3,949.2,LOW,25.0
Late Blight,0,36.0,53.3,38.3,949.2,LOW,10.0
Fusarium Wilt,1,36.0,53.3,38.3,949.2,LOW,25.0
Early Blight,1,20.7,67.9,28.0,1170.2,LOW,35.0
Late Blight,2,20.7,67.9,28.0,1170.2,LOW,25.0
Fusarium Wilt,1,20.7,67.9,28.0,1170.2,LOW,25.0
Early Blight,1,23.0,93.5,73.6,400.8,LOW,35.0
Late Blight,1,23.0,93.5,73.6,400.8,MEDIUM,55.0
Fusarium Wilt,0,23.0,93.5,73.6,400.8,LOW,25.0
Early Blight,0,37.0,84.7,33.2,416.4,LOW,25.0
Late Blight,2,37.0,84.7,33.2,416.4,LOW,10.0
Fusarium Wilt,2,37.0,84.7,33.2,416.4,LOW,25.0
Early Blight,1,19.6,66.6,84.6,865.8,LOW,35.0
Late Blight,0,19.6,66.6,84.6,865.8,LOW,25.0
Fusarium Wilt,1,19.6,66.6,84.6,865.8,LOW,25.0
Early Blight,0,27.2,73.4,14.2,554.6,MEDIUM,42.0
Late Blight,1,27.2,73.4,14.2,554.6,LOW,25.0
Fusarium Wilt,1,27.2,73.4,14.2,554.6,LOW,15.0
Early Blight,1,36.4,57.7,84.8,1066.2,LOW,35.0
Late Blight,1,36.4,57.7,84.8,1066.2,LOW,10.0
Fusarium Wilt,1,36.4,57.7,84.8,1066.2,LOW,25.0
Early Blight,0,35.9,36.1,55.9,688.7,LOW,12.0
Late Blight,0,35.9,36.1,55.9,688.7,LOW,10.0
Fusarium Wilt,1,35.9,36.1,55.9,688.7,MEDIUM,40.0
Early Blight,1,19.0,92.5,89.8,536.7,LOW,35.0
Late Blight,0,19.0,92.5,89.8,536.7,MEDIUM,45.0
Fusarium Wilt,0,19.0,92.5,89.8,536.7,LOW,25.0
Early Blight,1,15.2,68.6,18.6,1181.3,LOW,35.0
Late Blight,0,15.2,68.6,18.6,1181.3,LOW,25.0
Fusarium Wilt,1,15.2,68.6,18.6,1181.3,LOW,15.0
Early Blight,1,34.6,61.8,25.4,223.9,LOW,35.0
Late Blight,2,34.6,61.8,25.4,223.9,LOW,10.0
Fusarium Wilt,1,34.6,61.8,25.4,223.9,LOW,25.0
Early Blight,0,33.2,68.6,70.6,293.0,LOW,25.0
Late Blight,0,33.2,68.6,70.6,293.0,LOW,10.0
Fusarium Wilt,1,33.2,68.6,70.6,293.0,LOW,25.0
Early Blight,1,30.4,42.6,21.2,456.0,LOW,22.0
Late Blight,2,30.4,42.6,21.2,456.0,LOW,10.0
Fusarium Wilt,0,30.4,42.6,21.2,456.0,LOW,15.0
Early Blight,0,21.9,79.2,10.9,819.1,LOW,25.0
Late Blight,2,21.9,79.2,10.9,819.1,LOW,25.0
Fusarium Wilt,2,21.9,79.2,10.9,819.1,LOW,15.0
Early Blight,1,26.6,90.9,66.3,442.1,MEDIUM,52.0
Late Blight,1,26.6,90.9,66.3,442.1,LOW,35.0
Fusarium Wilt,1,26.6,90.9,66.3,442.1,MEDIUM,40.0
Early Blight,1,18.1,40.4,69.8,766.3,LOW,22.0
Late Blight,1,18.1,40.4,69.8,766.3,LOW,20.0
Fusarium Wilt,0,18.1,40.4,69.8,766.3,LOW,25.0
Early Blight,1,20.0,46.8,70.4,1060.4,LOW,22.0
Late Blight,1,20.0,46.8,70.4,1060.4,LOW,10.0
Fusarium Wilt,1,20.0,46.8,70.4,1060.4,LOW,25.0
Early Blight,1,16.4,67.2,50.4,730.0,LOW,35.0
Late Blight,1,16.4,67.2,50.4,730.0,LOW,25.0
Fusarium Wilt,2,16.4,67.2,50.4,730.0,LOW,25.0
Early Blight,1,28.4,36.2,50.8,989.6,LOW,22.0
Late Blight,1,28.4,36.2,50.8,989.6,LOW,20.0
Fusarium Wilt,2,28.4,36.2,50.8,989.6,MEDIUM,40.0
Early Blight,0,33.6,79.2,41.7,998.1,LOW,25.0
Late Blight,1,33.6,79.2,41.7,998.1,LOW,20.0
Fusarium Wilt,2,33.6,79.2,41.7,998.1,MEDIUM,40.0
Early Blight,1,37.9,93.6,15.5,1127.2,LOW,35.0
Late Blight,1,37.9,93.6,15.5,1127.2,LOW,10.0
Fusarium Wilt,0,37.9,93.6,15.5,1127.2,LOW,15.0
Early Blight,0,29.9,58.6,89.4,520.7,LOW,25.0
Late Blight,1,29.9,58.6,89.4,520.7,LOW,20.0
Fusarium Wilt,0,29.9,58.6,89.4,520.7,LOW,25.0
Early Blight,0,27.4,74.4,37.8,296.3,MEDIUM,42.0
Late Blight,0,27.4,74.4,37.8,296.3,LOW,25.0
Fusarium Wilt,2,27.4,74.4,37.8,296.3,LOW,25.0
Early Blight,0,15.5,50.3,63.9,698.9,LOW,25.0
Late Blight,1,15.5,50.3,63.9,698.9,LOW,20.0
Fusarium Wilt,2,15.5,50.3,63.9,698.9,LOW,25.0
Early Blight,1,36.6,79.3,19.0,990.4,LOW,35.0
Late Blight,0,36.6,79.3,19.0,990.4,LOW,10.0
Fusarium Wilt,2,36.6,79.3,19.0,990.4,LOW,15.0
Early Blight,1,17.3,32.3,57.8,873.6,LOW,22.0
Late Blight,1,17.3,32.3,57.8,873.6,LOW,20.0
Fusarium Wilt,2,17.3,32.3,57.8,873.6,LOW,25.0
Early Blight,0,34.9,33.8,50.3,418.2,LOW,12.0
Late Blight,1,34.9,33.8,50.3,418.2,LOW,20.0
Fusarium Wilt,0,34.9,33.8,50.3,418.2,MEDIUM,40.0
Early Blight,1,22.4,50.5,21.5,826.2,LOW,35.0
Late Blight,2,22.4,50.5,21.5,826.2,LOW,10.0
Fusarium Wilt,0,22.4,50.5,21.5,826.2,LOW,15.0
Early Blight,0,36.0,72.6,44.2,645.2,LOW,25.0
Late Blight,0,36.0,72.6,44.2,645.2,LOW,10.0
Fusarium Wilt,1,36.0,72.6,44.2,645.2,MEDIUM,40.0
Early Blight,1,24.6,40.1,40.1,929.9,LOW,22.0
Late Blight,1,24.6,40.1,40.1,929.9,LOW,20.0
Fusarium Wilt,0,24.6,40.1,40.1,929.9,LOW,25.0
Early Blight,1,36.0,68.2,87.4,713.0,LOW,35.0
Late Blight,2,36.0,68.2,87.4,713.0,LOW,10.0
Fusarium Wilt,0,36.0,68.2,87.4,713.0,LOW,25.0
Early Blight,1,34.5,36.3,68.0,309.5,LOW,22.0
Late Blight,0,34.5,36.3,68.0,309.5,LOW,10.0
Fusarium Wilt,1,34.5,36.3,68.0,309.5,MEDIUM,40.0
Early Blight,0,32.5,79.3,54.7,627.3,LOW,25.0
Late Blight,1,32.5,79.3,54.7,627.3,LOW,10.0
Fusarium Wilt,1,32.5,79.3,54.7,627.3,MEDIUM,40.0
Early Blight,1,37.1,38.0,90.0,626.8,LOW,22.0
Late Blight,1,37.1,38.0,90.0,626.8,LOW,20.0
Fusarium Wilt,0,37.1,38.0,90.0,626.8,LOW,25.0
Early Blight,1,32.8,55.9,52.7,495.2,LOW,35.0
Late Blight,1,32.8,55.9,52.7,495.2,LOW,20.0
Fusarium Wilt,1,32.8,55.9,52.7,495.2,MEDIUM,40.0
Early Blight,1,25.8,87.1,83.1,507.8,MEDIUM,52.0
Late Blight,1,25.8,87.1,83.1,507.8,LOW,35.0
Fusarium Wilt,2,25.8,87.1,83.1,507.8,LOW,25.0
Early Blight,1,36.5,69.4,43.4,267.7,LOW,35.0
Late Blight,1,36.5,69.4,43.4,267.7,LOW,10.0
Fusarium Wilt,1,36.5,69.4,43.4,267.7,MEDIUM,40.0
Early Blight,0,30.8,47.5,75.7,1163.2,LOW,12.0
Late Blight,2,30.8,47.5,75.7,1163.2,LOW,10.0
Fusarium Wilt,1,30.8,47.5,75.7,1163.2,LOW,25.0
Early Blight,0,31.6,63.2,83.4,696.4,LOW,25.0
Late Blight,2,31.6,63.2,83.4,696.4,LOW,10.0
Fusarium Wilt,0,31.6,63.2,83.4,696.4,LOW,25.0
Early Blight,1,30.4,82.0,43.0,1026.8,MEDIUM,52.0
Late Blight,1,30.4,82.0,43.0,1026.8,LOW,20.0
Fusarium Wilt,1,30.4,82.0,43.0,1026.8,MEDIUM,40.0
Early Blight,1,29.2,75.3,59.3,631.5,MEDIUM,52.0
Late Blight,1,29.2,75.3,59.3,631.5,LOW,10.0
Fusarium Wilt,1,29.2,75.3,59.3,631.5,MEDIUM,40.0
Early Blight,0,21.3,96.5,11.4,994.5,LOW,25.0
Late Blight,0,21.3,96.5,11.4,994.5,MEDIUM,45.0
Fusarium Wilt,2,21.3,96.5,11.4,994.5,LOW,15.0
Early Blight,1,18.4,43.1,52.1,996.7,LOW,22.0
Late Blight,2,18.4,43.1,52.1,996.7,LOW,10.0
Fusarium Wilt,1,18.4,43.1,52.1,996.7,LOW,25.0
Early Blight,0,37.8,45.4,64.7,1032.7,LOW,12.0
Late Blight,0,37.8,45.4,64.7,1032.7,LOW,10.0
Fusarium Wilt,2,37.8,45.4,64.7,1032.7,MEDIUM,40.0
Early Blight,1,27.7,33.8,10.8,288.5,LOW,22.0
Late Blight,1,27.7,33.8,10.8,288.5,LOW,10.0
Fusarium Wilt,0,27.7,33.8,10.8,288.5,LOW,15.0
Early Blight,0,17.2,65.9,13.4,332.6,LOW,25.0
Late Blight,1,17.2,65.9,13.4,332.6,LOW,35.0
Fusarium Wilt,2,17.2,65.9,13.4,332.6,LOW,15.0
Early Blight,0,36.3,91.2,55.1,136.2,LOW,25.0
Late Blight,1,36.3,91.2,55.1,136.2,LOW,10.0
Fusarium Wilt,0,36.3,91.2,55.1,136.2,MEDIUM,40.0
Early Blight,1,31.4,57.1,16.2,278.7,LOW,35.0
Late Blight,1,31.4,57.1,16.2,278.7,LOW,20.0
Fusarium Wilt,1,31.4,57.1,16.2,278.7,LOW,15.0
Early Blight,0,32.4,39.5,89.1,896.6,LOW,12.0
Late Blight,1,32.4,39.5,89.1,896.6,LOW,20.0
Fusarium Wilt,1,32.4,39.5,89.1,896.6,LOW,25.0
Early Blight,0,22.8,82.3,86.4,536.4,LOW,25.0
Late Blight,2,22.8,82.3,86.4,536.4,MEDIUM,45.0
Fusarium Wilt,1,22.8,82.3,86.4,536.4,LOW,25.0
Early Blight,0,23.2,94.0,44.5,847.7,LOW,25.0
Late Blight,1,23.2,94.0,44.5,847.7,MEDIUM,45.0
Fusarium Wilt,0,23.2,94.0,44.5,847.7,LOW,25.0
Early Blight,0,16.9,40.5,66.9,797.3,LOW,12.0
Late Blight,2,16.9,40.5,66.9,797.3,LOW,10.0
Fusarium Wilt,2,16.9,40.5,66.9,797.3,LOW,25.0
Early Blight,1,23.3,48.3,20.6,306.1,LOW,22.0
Late Blight,1,23.3,48.3,20.6,306.1,LOW,20.0
Fusarium Wilt,2,23.3,48.3,20.6,306.1,LOW,15.0
Early Blight,1,17.1,70.7,36.0,523.8,LOW,35.0
Late Blight,2,17.1,70.7,36.0,523.8,LOW,25.0
Fusarium Wilt,0,17.1,70.7,36.0,523.8,LOW,25.0
Early Blight,1,37.5,68.9,23.6,518.8,LOW,35.0
Late Blight,2,37.5,68.9,23.6,518.8,LOW,10.0
Fusarium Wilt,2,37.5,68.9,23.6,518.8,LOW,15.0
Early Blight,1,24.7,62.9,16.2,376.9,LOW,35.0
Late Blight,0,24.7,62.9,16.2,376.9,LOW,25.0
Fusarium Wilt,2,24.7,62.9,16.2,376.9,LOW,15.0
Early Blight,0,22.0,94.5,36.6,782.2,LOW,25.0
Late Blight,2,22.0,94.5,36.6,782.2,MEDIUM,45.0
Fusarium Wilt,0,22.0,94.5,36.6,782.2,LOW,25.0
Early Blight,1,37.4,39.3,35.7,1142.0,LOW,22.0
Late Blight,1,37.4,39.3,35.7,1142.0,LOW,10.0
Fusarium Wilt,1,37.4,39.3,35.7,1142.0,LOW,25.0
Early Blight,1,31.0,63.4,56.1,366.7,LOW,35.0
Late Blight,1,31.0,63.4,56.1,366.7,LOW,20.0
Fusarium Wilt,1,31.0,63.4,56.1,366.7,MEDIUM,40.0
Early Blight,0,28.6,67.1,64.5,705.1,LOW,25.0
Late Blight,1,28.6,67.1,64.5,705.1,LOW,10.0
Fusarium Wilt,2,28.6,67.1,64.5,705.1,MEDIUM,40.0
Early Blight,1,30.9,85.7,73.7,550.1,MEDIUM,52.0
Late Blight,1,30.9,85.7,73.7,550.1,LOW,20.0
Fusarium Wilt,0,30.9,85.7,73.7,550.1,LOW,25.0
Early Blight,1,33.1,35.0,89.3,627.2,LOW,22.0
Late Blight,0,33.1,35.0,89.3,627.2,LOW,10.0
Fusarium Wilt,0,33.1,35.0,89.3,627.2,LOW,25.0
Early Blight,0,33.2,54.4,81.6,690.6,LOW,25.0
Late Blight,1,33.2,54.4,81.6,690.6,LOW,10.0
Fusarium Wilt,1,33.2,54.4,81.6,690.6,LOW,25.0
Early Blight,1,29.9,33.0,88.7,845.2,LOW,22.0
Late Blight,0,29.9,33.0,88.7,845.2,LOW,10.0
Fusarium Wilt,2,29.9,33.0,88.7,845.2,LOW,25.0
Early Blight,0,21.0,64.7,51.5,738.6,LOW,25.0
Late Blight,2,21.0,64.7,51.5,738.6,LOW,25.0
Fusarium Wilt,0,21.0,64.7,51.5,738.6,LOW,25.0
Early Blight,1,26.5,53.5,12.0,215.0,LOW,35.0
Late Blight,1,26.5,53.5,12.0,215.0,LOW,20.0
Fusarium Wilt,1,26.5,53.5,12.0,215.0,LOW,15.0
Early Blight,1,22.2,61.0,26.5,631.2,LOW,35.0
Late Blight,1,22.2,61.0,26.5,631.2,LOW,25.0
Fusarium Wilt,2,22.2,61.0,26.5,631.2,LOW,25.0
Early Blight,0,33.6,37.8,77.9,812.8,LOW,12.0
Late Blight,1,33.6,37.8,77.9,812.8,LOW,10.0
Fusarium Wilt,2,33.6,37.8,77.9,812.8,LOW,25.0
Early Blight,1,18.7,68.1,86.7,355.0,LOW,35.0
Late Blight,1,18.7,68.1,86.7,355.0,LOW,25.0
Fusarium Wilt,2,18.7,68.1,86.7,355.0,LOW,25.0
Early Blight,0,29.1,43.4,57.4,527.7,LOW,12.0
Late Blight,1,29.1,43.4,57.4,527.7,LOW,10.0
Fusarium Wilt,1,29.1,43.4,57.4,527.7,MEDIUM,40.0
Early Blight,1,17.3,89.3,25.0,458.6,LOW,35.0
Late Blight,1,17.3,89.3,25.0,458.6,MEDIUM,45.0
Fusarium Wilt,0,17.3,89.3,25.0,458.6,LOW,25.0
Early Blight,0,28.7,71.6,57.0,482.7,MEDIUM,42.0
Late Blight,0,28.7,71.6,57.0,482.7,LOW,10.0
Fusarium Wilt,1,28.7,71.6,57.0,482.7,MEDIUM,40.0
Early Blight,1,29.1,35.8,20.7,229.6,LOW,22.0
Late Blight,1,29.1,35.8,20.7,229.6,LOW,10.0
Fusarium Wilt,1,29.1,35.8,20.7,229.6,LOW,15.0
Early Blight,0,18.2,56.1,24.9,799.1,LOW,25.0
Late Blight,0,18.2,56.1,24.9,799.1,LOW,10.0
Fusarium Wilt,1,18.2,56.1,24.9,799.1,LOW,15.0
Early Blight,1,18.2,51.4,46.1,159.0,LOW,35.0
Late Blight,2,18.2,51.4,46.1,159.0,LOW,10.0
Fusarium Wilt,0,18.2,51.4,46.1,159.0,LOW,25.0
Early Blight,0,26.6,63.7,64.8,557.2,LOW,25.0
Late Blight,2,26.6,63.7,64.8,557.2,LOW,25.0
Fusarium Wilt,1,26.6,63.7,64.8,557.2,MEDIUM,40.0
Early Blight,1,21.7,48.7,53.0,285.0,LOW,22.0
Late Blight,0,21.7,48.7,53.0,285.0,LOW,10.0
Fusarium Wilt,1,21.7,48.7,53.0,285.0,LOW,25.0
Early Blight,0,17.6,82.7,75.9,503.5,LOW,25.0
Late Blight,1,17.6,82.7,75.9,503.5,MEDIUM,45.0
Fusarium Wilt,0,17.6,82.7,75.9,503.5,LOW,25.0
Early Blight,0,17.4,86.4,70.1,427.5,LOW,25.0
Late Blight,2,17.4,86.4,70.1,427.5,MEDIUM,45.0
Fusarium Wilt,1,17.4,86.4,70.1,427.5,LOW,25.0
Early Blight,0,37.9,82.7,29.0,991.8,LOW,25.0
Late Blight,1,37.9,82.7,29.0,991.8,LOW,10.0
Fusarium Wilt,1,37.9,82.7,29.0,991.8,LOW,25.0
Early Blight,1,18.2,44.1,26.6,165.3,LOW,22.0
Late Blight,1,18.2,44.1,26.6,165.3,LOW,10.0
Fusarium Wilt,1,18.2,44.1,26.6,165.3,LOW,25.0
Early Blight,0,21.7,48.2,78.6,1184.0,LOW,12.0
Late Blight,1,21.7,48.2,78.6,1184.0,LOW,10.0
Fusarium Wilt,0,21.7,48.2,78.6,1184.0,LOW,25.0
Early Blight,1,37.8,89.0,20.2,1052.7,LOW,35.0
Late Blight,0,37.8,89.0,20.2,1052.7,LOW,10.0
Fusarium Wilt,0,37.8,89.0,20.2,1052.7,LOW,15.0
Early Blight,1,26.3,69.3,31.5,555.6,LOW,35.0
Late Blight,0,26.3,69.3,31.5,555.6,LOW,25.0
Fusarium Wilt,1,26.3,69.3,31.5,555.6,LOW,25.0
Early Blight,1,21.4,93.7,39.5,1145.3,LOW,35.0
Late Blight,1,21.4,93.7,39.5,1145.3,MEDIUM,45.0
Fusarium Wilt,0,21.4,93.7,39.5,1145.3,LOW,25.0
Early Blight,0,25.5,75.2,38.7,169.7,MEDIUM,42.0
Late Blight,2,25.5,75.2,38.7,169.7,LOW,25.0
Fusarium Wilt,2,25.5,75.2,38.7,169.7,LOW,25.0
Early Blight,1,34.1,53.0,56.2,722.8,LOW,35.0
Late Blight,1,34.1,53.0,56.2,722.8,LOW,10.0
Fusarium Wilt,2,34.1,53.0,56.2,722.8,MEDIUM,40.0
Early Blight,1,33.0,61.3,19.9,1043.4,LOW,35.0
Late Blight,1,33.0,61.3,19.9,1043.4,LOW,10.0
Fusarium Wilt,1,33.0,61.3,19.9,1043.4,LOW,15.0
Early Blight,1,18.0,74.2,22.7,1126.0,LOW,35.0
Late Blight,1,18.0,74.2,22.7,1126.0,LOW,35.0
Fusarium Wilt,1,18.0,74.2,22.7,1126.0,LOW,15.0
Early Blight,1,18.8,57.0,34.4,869.4,LOW,35.0
Late Blight,0,18.8,57.0,34.4,869.4,LOW,10.0
Fusarium Wilt,2,18.8,57.0,34.4,869.4,LOW,25.0
Early Blight,0,18.1,45.4,64.4,110.2,LOW,12.0
Late Blight,0,18.1,45.4,64.4,110.2,LOW,10.0
Fusarium Wilt,2,18.1,45.4,64.4,110.2,LOW,25.0
Early Blight,1,16.6,56.0,68.5,212.7,LOW,35.0
Late Blight,1,16.6,56.0,68.5,212.7,LOW,20.0
Fusarium Wilt,0,16.6,56.0,68.5,212.7,LOW,25.0
Early Blight,1,18.1,97.5,21.4,683.6,LOW,35.0
Late Blight,1,18.1,97.5,21.4,683.6,MEDIUM,55.0
Fusarium Wilt,0,18.1,97.5,21.4,683.6,LOW,15.0
Early Blight,1,18.5,58.0,64.9,1046.0,LOW,35.0
Late Blight,1,18.5,58.0,64.9,1046.0,LOW,10.0
Fusarium Wilt,1,18.5,58.0,64.9,1046.0,LOW,25.0
Early Blight,1,37.2,51.4,21.2,404.7,LOW,35.0
Late Blight,0,37.2,51.4,21.2,404.7,LOW,10.0
Fusarium Wilt,0,37.2,51.4,21.2,404.7,LOW,15.0
Early Blight,0,30.9,87.7,62.7,431.8,MEDIUM,42.0
Late Blight,0,30.9,87.7,62.7,431.8,LOW,10.0
Fusarium Wilt,2,30.9,87.7,62.7,431.8,MEDIUM,40.0
Early Blight,1,35.7,94.9,49.6,224.0,LOW,35.0
Late Blight,0,35.7,94.9,49.6,224.0,LOW,10.0
Fusarium Wilt,0,35.7,94.9,49.6,224.0,MEDIUM,40.0
Early Blight,1,36.5,39.0,78.9,725.2,LOW,22.0
Late Blight,0,36.5,39.0,78.9,725.2,LOW,10.0
Fusarium Wilt,0,36.5,39.0,78.9,725.2,LOW,25.0
Early Blight,1,15.4,34.6,31.0,143.8,LOW,22.0
Late Blight,0,15.4,34.6,31.0,143.8,LOW,10.0
Fusarium Wilt,0,15.4,34.6,31.0,143.8,LOW,25.0
Early Blight,0,24.6,77.7,16.6,690.2,MEDIUM,42.0
Late Blight,2,24.6,77.7,16.6,690.2,LOW,25.0
Fusarium Wilt,1,24.6,77.7,16.6,690.2,LOW,15.0
Early Blight,0,33.6,66.5,41.3,797.7,LOW,25.0
Late Blight,1,33.6,66.5,41.3,797.7,LOW,20.0
Fusarium Wilt,0,33.6,66.5,41.3,797.7,MEDIUM,40.0
Early Blight,1,34.5,33.9,16.9,577.9,LOW,22.0
Late Blight,1,34.5,33.9,16.9,577.9,LOW,20.0
Fusarium Wilt,0,34.5,33.9,16.9,577.9,LOW,15.0
Early Blight,0,17.7,78.1,66.1,280.2,LOW,25.0
Late Blight,0,17.7,78.1,66.1,280.2,LOW,25.0
Fusarium Wilt,1,17.7,78.1,66.1,280.2,LOW,25.0
Early Blight,0,17.9,83.1,31.5,1075.1,LOW,25.0
Late Blight,1,17.9,83.1,31.5,1075.1,MEDIUM,45.0
Fusarium Wilt,2,17.9,83.1,31.5,1075.1,LOW,25.0
Early Blight,1,31.4,69.2,16.2,600.7,LOW,35.0
Late Blight,1,31.4,69.2,16.2,600.7,LOW,10.0
Fusarium Wilt,2,31.4,69.2,16.2,600.7,LOW,15.0
Early Blight,0,17.4,69.0,67.8,351.2,LOW,25.0
Late Blight,1,17.4,69.0,67.8,351.2,LOW,25.0
Fusarium Wilt,2,17.4,69.0,67.8,351.2,LOW,25.0
Early Blight,0,23.8,40.2,84.5,1043.2,LOW,12.0
Late Blight,0,23.8,40.2,84.5,1043.2,LOW,10.0
Fusarium Wilt,2,23.8,40.2,84.5,1043.2,LOW,25.0
Early Blight,1,24.6,79.0,31.7,185.7,MEDIUM,52.0
Late Blight,0,24.6,79.0,31.7,185.7,LOW,25.0
Fusarium Wilt,1,24.6,79.0,31.7,185.7,LOW,25.0
Early Blight,1,37.6,94.9,15.5,611.6,LOW,35.0
Late Blight,1,37.6,94.9,15.5,611.6,LOW,20.0
Fusarium Wilt,1,37.6,94.9,15.5,611.6,LOW,15.0
Early Blight,1,19.6,68.3,34.3,785.0,LOW,35.0
Late Blight,1,19.6,68.3,34.3,785.0,LOW,35.0
Fusarium Wilt,1,19.6,68.3,34.3,785.0,LOW,25.0
Early Blight,1,35.7,81.7,29.6,107.0,LOW,35.0
Late Blight,2,35.7,81.7,29.6,107.0,LOW,10.0
Fusarium Wilt,0,35.7,81.7,29.6,107.0,LOW,25.0
Early Blight,0,36.9,30.1,62.6,1033.9,LOW,12.0
Late Blight,1,36.9,30.1,62.6,1033.9,LOW,10.0
Fusarium Wilt,2,36.9,30.1,62.6,1033.9,MEDIUM,40.0
Early Blight,0,16.4,97.8,66.9,202.3,LOW,25.0
Late Blight,0,16.4,97.8,66.9,202.3,MEDIUM,45.0
Fusarium Wilt,1,16.4,97.8,66.9,202.3,LOW,25.0
Early Blight,0,37.4,35.8,17.6,246.9,LOW,12.0
Late Blight,1,37.4,35.8,17.6,246.9,LOW,10.0
Fusarium Wilt,1,37.4,35.8,17.6,246.9,LOW,15.0
Early Blight,0,20.4,47.7,35.2,980.9,LOW,12.0
Late Blight,1,20.4,47.7,35.2,980.9,LOW,20.0
Fusarium Wilt,2,20.4,47.7,35.2,980.9,LOW,25.0
Early Blight,1,19.7,83.0,56.8,271.0,LOW,35.0
Late Blight,2,19.7,83.0,56.8,271.0,MEDIUM,45.0
Fusarium Wilt,0,19.7,83.0,56.8,271.0,LOW,25.0
Early Blight,1,19.8,51.0,31.2,231.9,LOW,35.0
Late Blight,0,19.8,51.0,31.2,231.9,LOW,10.0
Fusarium Wilt,1,19.8,51.0,31.2,231.9,LOW,25.0
Early Blight,1,34.2,52.3,17.3,373.0,LOW,35.0
Late Blight,0,34.2,52.3,17.3,373.0,LOW,10.0
Fusarium Wilt,1,34.2,52.3,17.3,373.0,LOW,15.0
Early Blight,1,15.7,57.5,46.2,922.9,LOW,35.0
Late Blight,1,15.7,57.5,46.2,922.9,LOW,10.0
Fusarium Wilt,2,15.7,57.5,46.2,922.9,LOW,25.0
Early Blight,1,34.1,96.8,20.5,1006.0,LOW,35.0
Late Blight,0,34.1,96.8,20.5,1006.0,LOW,10.0
Fusarium Wilt,1,34.1,96.8,20.5,1006.0,LOW,15.0
Early Blight,1,33.7,31.5,15.2,1092.7,LOW,22.0
Late Blight,1,33.7,31.5,15.2,1092.7,LOW,10.0
Fusarium Wilt,1,33.7,31.5,15.2,1092.7,LOW,15.0
Early Blight,0,16.0,61.3,23.4,731.3,LOW,25.0
Late Blight,2,16.0,61.3,23.4,731.3,LOW,25.0
Fusarium Wilt,1,16.0,61.3,23.4,731.3,LOW,15.0
Early Blight,1,19.9,42.7,32.4,1071.8,LOW,22.0
Late Blight,1,19.9,42.7,32.4,1071.8,LOW,20.0
Fusarium Wilt,2,19.9,42.7,32.4,1071.8,LOW,25.0
Early Blight,1,27.7,34.1,32.4,251.0,LOW,22.0
Late Blight,0,27.7,34.1,32.4,251.0,LOW,10.0
Fusarium Wilt,0,27.7,34.1,32.4,251.0,LOW,25.0
Early Blight,0,33.3,97.3,72.6,495.0,LOW,25.0
Late Blight,1,33.3,97.3,72.6,495.0,LOW,10.0
Fusarium Wilt,1,33.3,97.3,72.6,495.0,LOW,25.0
Early Blight,0,19.1,51.7,27.5,1085.3,LOW,25.0
Late Blight,1,19.1,51.7,27.5,1085.3,LOW,10.0
Fusarium Wilt,0,19.1,51.7,27.5,1085.3,LOW,25.0
Early Blight,1,38.0,96.2,18.0,822.6,LOW,35.0
Late Blight,0,38.0,96.2,18.0,822.6,LOW,10.0
Fusarium Wilt,1,38.0,96.2,18.0,822.6,LOW,15.0
Early Blight,0,20.0,87.6,73.8,490.3,LOW,25.0
Late Blight,1,20.0,87.6,73.8,490.3,MEDIUM,55.0
Fusarium Wilt,0,20.0,87.6,73.8,490.3,LOW,25.0
Early Blight,0,31.0,92.2,12.3,870.6,MEDIUM,42.0
Late Blight,0,31.0,92.2,12.3,870.6,LOW,10.0
Fusarium Wilt,1,31.0,92.2,12.3,870.6,LOW,15.0
Early Blight,1,35.3,63.5,34.7,639.5,LOW,35.0
Late Blight,2,35.3,63.5,34.7,639.5,LOW,10.0
Fusarium Wilt,1,35.3,63.5,34.7,639.5,LOW,25.0
Early Blight,0,36.1,43.7,20.4,888.6,LOW,12.0
Late Blight,1,36.1,43.7,20.4,888.6,LOW,20.0
Fusarium Wilt,1,36.1,43.7,20.4,888.6,LOW,15.0
Early Blight,0,36.1,82.7,77.7,1046.7,LOW,25.0
Late Blight,1,36.1,82.7,77.7,1046.7,LOW,10.0
Fusarium Wilt,2,36.1,82.7,77.7,1046.7,LOW,25.0
Early Blight,0,21.9,39.3,22.6,1143.6,LOW,12.0
Late Blight,0,21.9,39.3,22.6,1143.6,LOW,10.0
Fusarium Wilt,1,21.9,39.3,22.6,1143.6,LOW,15.0
Early Blight,0,31.0,93.2,73.0,345.6,MEDIUM,42.0
Late Blight,2,31.0,93.2,73.0,345.6,LOW,10.0
Fusarium Wilt,1,31.0,93.2,73.0,345.6,LOW,25.0
Early Blight,0,31.8,94.5,85.9,530.8,MEDIUM,42.0
Late Blight,1,31.8,94.5,85.9,530.8,LOW,20.0
Fusarium Wilt,0,31.8,94.5,85.9,530.8,LOW,25.0
Early Blight,1,37.3,45.0,55.2,1130.4,LOW,22.0
Late Blight,1,37.3,45.0,55.2,1130.4,LOW,20.0
Fusarium Wilt,1,37.3,45.0,55.2,1130.4,MEDIUM,40.0
Early Blight,0,35.4,36.0,66.7,803.0,LOW,12.0
Late Blight,2,35.4,36.0,66.7,803.0,LOW,10.0
Fusarium Wilt,2,35.4,36.0,66.7,803.0,MEDIUM,40.0
Early Blight,0,20.9,37.3,10.1,524.5,LOW,12.0
Late Blight,0,20.9,37.3,10.1,524.5,LOW,10.0
Fusarium Wilt,2,20.9,37.3,10.1,524.5,LOW,15.0
Early Blight,0,27.6,36.9,48.4,1050.5,LOW,12.0
Late Blight,1,27.6,36.9,48.4,1050.5,LOW,20.0
Fusarium Wilt,1,27.6,36.9,48.4,1050.5,MEDIUM,40.0
Early Blight,1,21.8,51.7,86.1,181.6,LOW,35.0
Late Blight,1,21.8,51.7,86.1,181.6,LOW,10.0
Fusarium Wilt,0,21.8,51.7,86.1,181.6,LOW,25.0
Early Blight,1,17.1,70.4,59.1,631.0,LOW,35.0
Late Blight,1,17.1,70.4,59.1,631.0,LOW,35.0
Fusarium Wilt,1,17.1,70.4,59.1,631.0,LOW,25.0
Early Blight,0,17.3,44.0,25.2,866.9,LOW,12.0
Late Blight,1,17.3,44.0,25.2,866.9,LOW,20.0
Fusarium Wilt,2,17.3,44.0,25.2,866.9,LOW,25.0
Early Blight,1,16.1,68.9,77.2,268.9,LOW,35.0
Late Blight,2,16.1,68.9,77.2,268.9,LOW,25.0
Fusarium Wilt,0,16.1,68.9,77.2,268.9,LOW,25.0
Early Blight,1,19.6,31.8,23.7,421.0,LOW,22.0
Late Blight,1,19.6,31.8,23.7,421.0,LOW,20.0
Fusarium Wilt,2,19.6,31.8,23.7,421.0,LOW,15.0
Early Blight,0,30.2,36.2,53.5,303.4,LOW,12.0
Late Blight,2,30.2,36.2,53.5,303.4,LOW,10.0
Fusarium Wilt,2,30.2,36.2,53.5,303.4,MEDIUM,40.0
Early Blight,0,20.2,48.3,14.9,927.5,LOW,12.0
Late Blight,2,20.2,48.3,14.9,927.5,LOW,10.0
Fusarium Wilt,0,20.2,48.3,14.9,927.5,LOW,15.0
Early Blight,1,28.6,67.6,77.3,1000.2,LOW,35.0
Late Blight,0,28.6,67.6,77.3,1000.2,LOW,10.0
Fusarium Wilt,1,28.6,67.6,77.3,1000.2,LOW,25.0
Early Blight,0,26.0,35.4,82.2,885.7,LOW,12.0
Late Blight,0,26.0,35.4,82.2,885.7,LOW,10.0
Fusarium Wilt,0,26.0,35.4,82.2,885.7,LOW,25.0
Early Blight,0,17.8,81.5,23.8,1182.8,LOW,25.0
Late Blight,1,17.8,81.5,23.8,1182.8,MEDIUM,55.0
Fusarium Wilt,1,17.8,81.5,23.8,1182.8,LOW,15.0
Early Blight,1,25.0,97.8,60.2,1017.5,MEDIUM,52.0
Late Blight,0,25.0,97.8,60.2,1017.5,LOW,25.0
Fusarium Wilt,2,25.0,97.8,60.2,1017.5,MEDIUM,40.0
Early Blight,0,24.1,52.2,32.1,604.0,LOW,25.0
Late Blight,0,24.1,52.2,32.1,604.0,LOW,10.0
Fusarium Wilt,1,24.1,52.2,32.1,604.0,LOW,25.0
Early Blight,0,24.5,40.1,57.0,934.2,LOW,12.0
Late Blight,0,24.5,40.1,57.0,934.2,LOW,10.0
Fusarium Wilt,2,24.5,40.1,57.0,934.2,LOW,25.0
Early Blight,1,27.3,53.4,42.9,521.3,LOW,35.0
Late Blight,1,27.3,53.4,42.9,521.3,LOW,20.0
Fusarium Wilt,2,27.3,53.4,42.9,521.3,MEDIUM,40.0
Early Blight,1,29.0,77.2,13.1,1078.5,MEDIUM,52.0
Late Blight,1,29.0,77.2,13.1,1078.5,LOW,10.0
Fusarium Wilt,0,29.0,77.2,13.1,1078.5,LOW,15.0
Early Blight,1,15.5,85.6,34.2,408.4,LOW,35.0
Late Blight,1,15.5,85.6,34.2,408.4,MEDIUM,55.0
Fusarium Wilt,1,15.5,85.6,34.2,408.4,LOW,25.0
Early Blight,1,37.4,60.1,76.1,396.4,LOW,35.0
Late Blight,1,37.4,60.1,76.1,396.4,LOW,20.0
Fusarium Wilt,1,37.4,60.1,76.1,396.4,LOW,25.0
Early Blight,0,32.0,81.6,79.4,1003.1,MEDIUM,42.0
Late Blight,2,32.0,81.6,79.4,1003.1,LOW,10.0
Fusarium Wilt,1,32.0,81.6,79.4,1003.1,LOW,25.0
Early Blight,0,34.6,89.8,12.3,312.0,LOW,25.0
Late Blight,1,34.6,89.8,12.3,312.0,LOW,20.0
Fusarium Wilt,1,34.6,89.8,12.3,312.0,LOW,15.0
Early Blight,0,31.2,48.6,75.9,655.6,LOW,12.0
Late Blight,2,31.2,48.6,75.9,655.6,LOW,10.0
Fusarium Wilt,1,31.2,48.6,75.9,655.6,LOW,25.0
Early Blight,1,19.1,89.2,57.0,484.7,LOW,35.0
Late Blight,0,19.1,89.2,57.0,484.7,MEDIUM,45.0
Fusarium Wilt,1,19.1,89.2,57.0,484.7,LOW,25.0
Early Blight,0,23.9,41.1,55.8,1161.4,LOW,12.0
Late Blight,0,23.9,41.1,55.8,1161.4,LOW,10.0
Fusarium Wilt,2,23.9,41.1,55.8,1161.4,LOW,25.0
Early Blight,0,15.5,83.1,71.4,109.8,LOW,25.0
Late Blight,0,15.5,83.1,71.4,109.8,MEDIUM,45.0
Fusarium Wilt,2,15.5,83.1,71.4,109.8,LOW,25.0
Early Blight,1,33.5,50.8,87.4,807.0,LOW,35.0
Late Blight,2,33.5,50.8,87.4,807.0,LOW,10.0
Fusarium Wilt,2,33.5,50.8,87.4,807.0,LOW,25.0
Early Blight,0,30.6,86.1,41.8,212.5,MEDIUM,42.0
Late Blight,0,30.6,86.1,41.8,212.5,LOW,10.0
Fusarium Wilt,1,30.6,86.1,41.8,212.5,MEDIUM,40.0
Early Blight,0,29.0,50.3,18.6,170.2,LOW,25.0
Late Blight,0,29.0,50.3,18.6,170.2,LOW,10.0
Fusarium Wilt,1,29.0,50.3,18.6,170.2,LOW,15.0
Early Blight,0,35.5,50.3,22.0,942.0,LOW,25.0
Late Blight,0,35.5,50.3,22.0,942.0,LOW,10.0
Fusarium Wilt,0,35.5,50.3,22.0,942.0,LOW,15.0
Early Blight,1,30.7,79.0,62.4,1197.2,MEDIUM,52.0
Late Blight,2,30.7,79.0,62.4,1197.2,LOW,10.0
Fusarium Wilt,1,30.7,79.0,62.4,1197.2,MEDIUM,40.0
Early Blight,0,28.2,42.9,68.1,344.6,LOW,12.0
Late Blight,0,28.2,42.9,68.1,344.6,LOW,10.0
Fusarium Wilt,0,28.2,42.9,68.1,344.6,MEDIUM,40.0
Early Blight,1,34.4,87.2,80.1,299.2,LOW,35.0
Late Blight,2,34.4,87.2,80.1,299.2,LOW,10.0
Fusarium Wilt,0,34.4,87.2,80.1,299.2,LOW,25.0
Early Blight,1,19.2,76.2,36.9,198.2,LOW,35.0
Late Blight,1,19.2,76.2,36.9,198.2,LOW,35.0
Fusarium Wilt,1,19.2,76.2,36.9,198.2,LOW,25.0
Early Blight,0,21.0,50.0,78.1,617.6,LOW,25.0
Late Blight,0,21.0,50.0,78.1,617.6,LOW,10.0
Fusarium Wilt,1,21.0,50.0,78.1,617.6,LOW,25.0
Early Blight,1,26.5,89.0,40.5,428.2,MEDIUM,52.0
Late Blight,1,26.5,89.0,40.5,428.2,LOW,35.0
Fusarium Wilt,2,26.5,89.0,40.5,428.2,MEDIUM,40.0
Early Blight,0,28.1,91.7,46.6,448.0,MEDIUM,42.0
Late Blight,1,28.1,91.7,46.6,448.0,LOW,20.0
Fusarium Wilt,1,28.1,91.7,46.6,448.0,MEDIUM,40.0
Early Blight,1,29.6,30.3,31.9,937.3,LOW,22.0
Late Blight,1,29.6,30.3,31.9,937.3,LOW,20.0
Fusarium Wilt,1,29.6,30.3,31.9,937.3,LOW,25.0
Early Blight,1,29.1,73.1,42.3,1161.9,MEDIUM,52.0
Late Blight,2,29.1,73.1,42.3,1161.9,LOW,10.0
Fusarium Wilt,2,29.1,73.1,42.3,1161.9,MEDIUM,40.0
Early Blight,0,22.4,86.7,25.2,844.4,LOW,25.0
Late Blight,1,22.4,86.7,25.2,844.4,MEDIUM,45.0
Fusarium Wilt,2,22.4,86.7,25.2,844.4,LOW,25.0
Early Blight,1,23.8,70.0,23.4,1006.2,LOW,35.0
Late Blight,1,23.8,70.0,23.4,1006.2,LOW,25.0
Fusarium Wilt,1,23.8,70.0,23.4,1006.2,LOW,15.0
Early Blight,1,35.4,97.7,37.4,1091.5,LOW,35.0
Late Blight,1,35.4,97.7,37.4,1091.5,LOW,10.0
Fusarium Wilt,1,35.4,97.7,37.4,1091.5,LOW,25.0
Early Blight,0,20.3,79.4,20.5,907.5,LOW,25.0
Late Blight,2,20.3,79.4,20.5,907.5,LOW,25.0
Fusarium Wilt,1,20.3,79.4,20.5,907.5,LOW,15.0
Early Blight,0,35.2,47.4,52.8,153.4,LOW,12.0
Late Blight,0,35.2,47.4,52.8,153.4,LOW,10.0
Fusarium Wilt,1,35.2,47.4,52.8,153.4,MEDIUM,40.0
Early Blight,1,24.6,55.9,53.8,621.8,LOW,35.0
Late Blight,0,24.6,55.9,53.8,621.8,LOW,10.0
Fusarium Wilt,1,24.6,55.9,53.8,621.8,LOW,25.0
Early Blight,0,30.2,48.4,58.5,250.9,LOW,12.0
Late Blight,1,30.2,48.4,58.5,250.9,LOW,10.0
Fusarium Wilt,2,30.2,48.4,58.5,250.9,MEDIUM,40.0
Early Blight,0,17.4,43.5,26.0,389.3,LOW,12.0
Late Blight,1,17.4,43.5,26.0,389.3,LOW,10.0
Fusarium Wilt,2,17.4,43.5,26.0,389.3,LOW,25.0
Early Blight,1,26.4,44.1,84.6,463.7,LOW,22.0
Late Blight,0,26.4,44.1,84.6,463.7,LOW,10.0
Fusarium Wilt,0,26.4,44.1,84.6,463.7,LOW,25.0
Early Blight,1,18.4,36.1,50.9,895.9,LOW,22.0
Late Blight,2,18.4,36.1,50.9,895.9,LOW,10.0
Fusarium Wilt,1,18.4,36.1,50.9,895.9,LOW,25.0
Early Blight,1,25.7,36.8,24.0,143.4,LOW,22.0
Late Blight,1,25.7,36.8,24.0,143.4,LOW,20.0
Fusarium Wilt,1,25.7,36.8,24.0,143.4,LOW,15.0
Early Blight,1,32.4,33.1,78.2,829.7,LOW,22.0
Late Blight,2,32.4,33.1,78.2,829.7,LOW,10.0
Fusarium Wilt,0,32.4,33.1,78.2,829.7,LOW,25.0
Early Blight,0,17.1,85.4,24.6,540.9,LOW,25.0
Late Blight,2,17.1,85.4,24.6,540.9,MEDIUM,45.0
Fusarium Wilt,0,17.1,85.4,24.6,540.9,LOW,15.0
Early Blight,1,29.9,84.2,19.0,865.8,MEDIUM,52.0
Late Blight,1,29.9,84.2,19.0,865.8,LOW,20.0
Fusarium Wilt,1,29.9,84.2,19.0,865.8,LOW,15.0
Early Blight,1,33.5,76.1,24.5,517.7,LOW,35.0
Late Blight,1,33.5,76.1,24.5,517.7,LOW,10.0
Fusarium Wilt,0,33.5,76.1,24.5,517.7,LOW,15.0
Early Blight,1,18.0,92.6,19.0,552.4,LOW,35.0
Late Blight,2,18.0,92.6,19.0,552.4,MEDIUM,45.0
Fusarium Wilt,0,18.0,92.6,19.0,552.4,LOW,15.0
Early Blight,0,32.7,69.2,55.2,1175.7,LOW,25.0
Late Blight,1,32.7,69.2,55.2,1175.7,LOW,10.0
Fusarium Wilt,1,32.7,69.2,55.2,1175.7,MEDIUM,40.0
Early Blight,1,30.2,46.9,37.7,843.9,LOW,22.0
Late Blight,0,30.2,46.9,37.7,843.9,LOW,10.0
Fusarium Wilt,1,30.2,46.9,37.7,843.9,LOW,25.0
Early Blight,0,29.8,40.7,77.9,1037.1,LOW,12.0
Late Blight,2,29.8,40.7,77.9,1037.1,LOW,10.0
Fusarium Wilt,1,29.8,40.7,77.9,1037.1,LOW,25.0
Early Blight,1,16.2,45.1,61.5,543.6,LOW,22.0
Late Blight,1,16.2,45.1,61.5,543.6,LOW,10.0
Fusarium Wilt,1,16.2,45.1,61.5,543.6,LOW,25.0
Early Blight,1,25.3,38.1,49.8,818.7,LOW,22.0
Late Blight,1,25.3,38.1,49.8,818.7,LOW,10.0
Fusarium Wilt,2,25.3,38.1,49.8,818.7,MEDIUM,40.0
Early Blight,1,28.9,72.1,34.4,659.2,MEDIUM,52.0
Late Blight,0,28.9,72.1,34.4,659.2,LOW,10.0
Fusarium Wilt,2,28.9,72.1,34.4,659.2,LOW,25.0
Early Blight,1,20.1,60.9,54.8,781.7,LOW,35.0
Late Blight,0,20.1,60.9,54.8,781.7,LOW,25.0
Fusarium Wilt,1,20.1,60.9,54.8,781.7,LOW,25.0
Early Blight,1,20.1,53.2,76.4,1160.9,LOW,35.0
Late Blight,0,20.1,53.2,76.4,1160.9,LOW,10.0
Fusarium Wilt,2,20.1,53.2,76.4,1160.9,LOW,25.0
Early Blight,0,18.2,78.7,67.7,217.7,LOW,25.0
Late Blight,1,18.2,78.7,67.7,217.7,LOW,25.0
Fusarium Wilt,2,18.2,78.7,67.7,217.7,LOW,25.0
Early Blight,0,33.0,78.7,18.6,555.9,LOW,25.0
Late Blight,0,33.0,78.7,18.6,555.9,LOW,10.0
Fusarium Wilt,1,33.0,78.7,18.6,555.9,LOW,15.0
Early Blight,0,30.1,95.0,20.8,648.7,MEDIUM,42.0
Late Blight,1,30.1,95.0,20.8,648.7,LOW,10.0
Fusarium Wilt,1,30.1,95.0,20.8,648.7,LOW,15.0
Early Blight,0,26.7,92.6,24.2,736.4,MEDIUM,42.0
Late Blight,2,26.7,92.6,24.2,736.4,LOW,25.0
Fusarium Wilt,0,26.7,92.6,24.2,736.4,LOW,15.0
Early Blight,0,26.6,56.2,88.4,1107.5,LOW,25.0
Late Blight,1,26.6,56.2,88.4,1107.5,LOW,10.0
Fusarium Wilt,1,26.6,56.2,88.4,1107.5,LOW,25.0
Early Blight,1,18.1,58.1,66.0,923.3,LOW,35.0
Late Blight,0,18.1,58.1,66.0,923.3,LOW,10.0
Fusarium Wilt,0,18.1,58.1,66.0,923.3,LOW,25.0
Early Blight,1,29.5,43.7,59.9,419.6,LOW,22.0
Late Blight,0,29.5,43.7,59.9,419.6,LOW,10.0
Fusarium Wilt,0,29.5,43.7,59.9,419.6,MEDIUM,40.0
Early Blight,1,26.6,77.2,35.8,226.9,MEDIUM,52.0
Late Blight,1,26.6,77.2,35.8,226.9,LOW,25.0
Fusarium Wilt,1,26.6,77.2,35.8,226.9,LOW,25.0
Early Blight,0,32.2,87.2,32.9,1032.0,LOW,25.0
Late Blight,1,32.2,87.2,32.9,1032.0,LOW,20.0
Fusarium Wilt,1,32.2,87.2,32.9,1032.0,LOW,25.0
Early Blight,1,19.6,81.0,22.9,415.3,LOW,35.0
Late Blight,0,19.6,81.0,22.9,415.3,MEDIUM,45.0
Fusarium Wilt,1,19.6,81.0,22.9,415.3,LOW,15.0
Early Blight,0,15.7,85.4,18.2,1054.8,LOW,25.0
Late Blight,0,15.7,85.4,18.2,1054.8,MEDIUM,45.0
Fusarium Wilt,1,15.7,85.4,18.2,1054.8,LOW,15.0
Early Blight,0,33.0,84.3,33.0,830.9,LOW,25.0
Late Blight,1,33.0,84.3,33.0,830.9,LOW,10.0
Fusarium Wilt,1,33.0,84.3,33.0,830.9,LOW,25.0
Early Blight,0,27.7,30.9,30.1,782.6,LOW,12.0
Late Blight,0,27.7,30.9,30.1,782.6,LOW,10.0
Fusarium Wilt,0,27.7,30.9,30.1,782.6,LOW,25.0
Early Blight,0,29.9,81.3,53.7,763.7,MEDIUM,42.0
Late Blight,1,29.9,81.3,53.7,763.7,LOW,20.0
Fusarium Wilt,1,29.9,81.3,53.7,763.7,MEDIUM,40.0
Early Blight,1,19.3,41.8,51.1,514.9,LOW,22.0
Late Blight,1,19.3,41.8,51.1,514.9,LOW,20.0
Fusarium Wilt,1,19.3,41.8,51.1,514.9,LOW,25.0
Early Blight,1,22.6,78.3,22.4,269.1,LOW,35.0
Late Blight,1,22.6,78.3,22.4,269.1,LOW,25.0
Fusarium Wilt,0,22.6,78.3,22.4,269.1,LOW,15.0
Early Blight,1,26.3,68.9,38.6,962.4,LOW,35.0
Late Blight,2,26.3,68.9,38.6,962.4,LOW,25.0
Fusarium Wilt,1,26.3,68.9,38.6,962.4,LOW,25.0
Early Blight,1,24.6,66.5,17.4,343.3,LOW,35.0
Late Blight,2,24.6,66.5,17.4,343.3,LOW,25.0
Fusarium Wilt,1,24.6,66.5,17.4,343.3,LOW,15.0
Early Blight,1,27.2,97.8,75.9,1179.2,MEDIUM,52.0
Late Blight,1,27.2,97.8,75.9,1179.2,LOW,35.0
Fusarium Wilt,0,27.2,97.8,75.9,1179.2,LOW,25.0
Early Blight,0,29.3,95.2,64.6,453.0,MEDIUM,42.0
Late Blight,1,29.3,95.2,64.6,453.0,LOW,20.0
Fusarium Wilt,1,29.3,95.2,64.6,453.0,MEDIUM,40.0
Early Blight,1,36.0,85.9,40.0,983.1,LOW,35.0
Late Blight,1,36.0,85.9,40.0,983.1,LOW,10.0
Fusarium Wilt,1,36.0,85.9,40.0,983.1,MEDIUM,40.0
Early Blight,1,36.8,41.4,86.5,691.8,LOW,22.0
Late Blight,1,36.8,41.4,86.5,691.8,LOW,10.0
Fusarium Wilt,0,36.8,41.4,86.5,691.8,LOW,25.0
Early Blight,0,24.8,37.1,53.0,873.0,LOW,12.0
Late Blight,0,24.8,37.1,53.0,873.0,LOW,10.0
Fusarium Wilt,0,24.8,37.1,53.0,873.0,LOW,25.0
Early Blight,1,18.5,61.2,36.5,196.3,LOW,35.0
Late Blight,0,18.5,61.2,36.5,196.3,LOW,25.0
Fusarium Wilt,1,18.5,61.2,36.5,196.3,LOW,25.0
Early Blight,1,20.9,56.4,60.4,576.3,LOW,35.0
Late Blight,0,20.9,56.4,60.4,576.3,LOW,10.0
Fusarium Wilt,0,20.9,56.4,60.4,576.3,LOW,25.0
Early Blight,0,32.4,69.8,66.1,179.8,LOW,25.0
Late Blight,1,32.4,69.8,66.1,179.8,LOW,10.0
Fusarium Wilt,2,32.4,69.8,66.1,179.8,MEDIUM,40.0
Early Blight,1,32.6,59.8,41.6,826.8,LOW,35.0
Late Blight,1,32.6,59.8,41.6,826.8,LOW,20.0
Fusarium Wilt,1,32.6,59.8,41.6,826.8,MEDIUM,40.0
Early Blight,0,27.6,95.3,21.5,845.0,MEDIUM,42.0
Late Blight,0,27.6,95.3,21.5,845.0,LOW,25.0
Fusarium Wilt,1,27.6,95.3,21.5,845.0,LOW,15.0
Early Blight,0,27.7,67.7,19.9,105.5,LOW,25.0
Late Blight,0,27.7,67.7,19.9,105.5,LOW,25.0
Fusarium Wilt,1,27.7,67.7,19.9,105.5,LOW,15.0
Early Blight,0,35.8,53.4,43.0,810.5,LOW,25.0
Late Blight,2,35.8,53.4,43.0,810.5,LOW,10.0
Fusarium Wilt,1,35.8,53.4,43.0,810.5,MEDIUM,40.0
Early Blight,0,19.2,84.4,78.2,1036.5,LOW,25.0
Late Blight,1,19.2,84.4,78.2,1036.5,MEDIUM,55.0
Fusarium Wilt,1,19.2,84.4,78.2,1036.5,LOW,25.0
Early Blight,1,16.5,36.7,68.0,635.9,LOW,22.0
Late Blight,1,16.5,36.7,68.0,635.9,LOW,10.0
Fusarium Wilt,1,16.5,36.7,68.0,635.9,LOW,25.0
Early Blight,1,35.7,51.6,46.1,778.0,LOW,35.0
Late Blight,0,35.7,51.6,46.1,778.0,LOW,10.0
Fusarium Wilt,2,35.7,51.6,46.1,778.0,MEDIUM,40.0
Early Blight,0,24.9,30.3,29.7,343.7,LOW,12.0
Late Blight,1,24.9,30.3,29.7,343.7,LOW,10.0
Fusarium Wilt,1,24.9,30.3,29.7,343.7,LOW,25.0
Early Blight,0,35.2,61.5,38.7,436.0,LOW,25.0
Late Blight,1,35.2,61.5,38.7,436.0,LOW,10.0
Fusarium Wilt,0,35.2,61.5,38.7,436.0,LOW,25.0
Early Blight,1,18.2,66.6,31.1,1075.0,LOW,35.0
Late Blight,2,18.2,66.6,31.1,1075.0,LOW,25.0
Fusarium Wilt,1,18.2,66.6,31.1,1075.0,LOW,25.0
Early Blight,0,28.4,57.5,57.2,1096.9,LOW,25.0
Late Blight,0,28.4,57.5,57.2,1096.9,LOW,10.0
Fusarium Wilt,1,28.4,57.5,57.2,1096.9,MEDIUM,40.0
Early Blight,1,23.4,45.2,71.8,906.5,LOW,22.0
Late Blight,1,23.4,45.2,71.8,906.5,LOW,10.0
Fusarium Wilt,1,23.4,45.2,71.8,906.5,LOW,25.0
Early Blight,1,30.2,87.7,74.5,775.4,MEDIUM,52.0
Late Blight,1,30.2,87.7,74.5,775.4,LOW,20.0
Fusarium Wilt,1,30.2,87.7,74.5,775.4,LOW,25.0
Early Blight,1,30.2,95.8,68.9,631.9,MEDIUM,52.0
Late Blight,2,30.2,95.8,68.9,631.9,LOW,10.0
Fusarium Wilt,2,30.2,95.8,68.9,631.9,MEDIUM,40.0
Early Blight,1,16.0,44.1,82.6,497.4,LOW,22.0
Late Blight,2,16.0,44.1,82.6,497.4,LOW,10.0
Fusarium Wilt,1,16.0,44.1,82.6,497.4,LOW,25.0
Early Blight,1,31.2,65.5,76.4,1018.4,LOW,35.0
Late Blight,1,31.2,65.5,76.4,1018.4,LOW,20.0
Fusarium Wilt,1,31.2,65.5,76.4,1018.4,LOW,25.0
Early Blight,0,30.0,86.8,51.3,514.0,MEDIUM,42.0
Late Blight,1,30.0,86.8,51.3,514.0,LOW,20.0
Fusarium Wilt,1,30.0,86.8,51.3,514.0,MEDIUM,40.0
Early Blight,1,26.1,71.1,50.1,252.9,MEDIUM,52.0
Late Blight,1,26.1,71.1,50.1,252.9,LOW,25.0
Fusarium Wilt,2,26.1,71.1,50.1,252.9,MEDIUM,40.0
Early Blight,0,23.3,78.8,19.5,353.4,LOW,25.0
Late Blight,1,23.3,78.8,19.5,353.4,LOW,35.0
Fusarium Wilt,2,23.3,78.8,19.5,353.4,LOW,15.0
Early Blight,0,18.7,86.7,11.8,147.5,LOW,25.0
Late Blight,1,18.7,86.7,11.8,147.5,MEDIUM,45.0
Fusarium Wilt,1,18.7,86.7,11.8,147.5,LOW,15.0
Early Blight,0,16.3,47.6,24.4,1154.1,LOW,12.0
Late Blight,1,16.3,47.6,24.4,1154.1,LOW,20.0
Fusarium Wilt,0,16.3,47.6,24.4,1154.1,LOW,15.0
Early Blight,0,21.5,35.8,45.9,1192.1,LOW,12.0
Late Blight,1,21.5,35.8,45.9,1192.1,LOW,10.0
Fusarium Wilt,0,21.5,35.8,45.9,1192.1,LOW,25.0
Early Blight,0,33.9,42.4,62.8,391.0,LOW,12.0
Late Blight,2,33.9,42.4,62.8,391.0,LOW,10.0
Fusarium Wilt,1,33.9,42.4,62.8,391.0,MEDIUM,40.0
Early Blight,0,23.9,37.4,26.2,1045.6,LOW,12.0
Late Blight,2,23.9,37.4,26.2,1045.6,LOW,10.0
Fusarium Wilt,2,23.9,37.4,26.2,1045.6,LOW,25.0
Early Blight,1,29.1,32.7,72.7,653.7,LOW,22.0
Late Blight,2,29.1,32.7,72.7,653.7,LOW,10.0
Fusarium Wilt,0,29.1,32.7,72.7,653.7,LOW,25.0
Early Blight,1,35.6,82.7,61.9,674.2,LOW,35.0
Late Blight,1,35.6,82.7,61.9,674.2,LOW,10.0
Fusarium Wilt,1,35.6,82.7,61.9,674.2,MEDIUM,40.0
Early Blight,0,33.2,55.9,57.1,915.5,LOW,25.0
Late Blight,1,33.2,55.9,57.1,915.5,LOW,20.0
Fusarium Wilt,2,33.2,55.9,57.1,915.5,MEDIUM,40.0
Early Blight,1,20.3,88.4,32.7,1064.4,LOW,35.0
Late Blight,1,20.3,88.4,32.7,1064.4,MEDIUM,45.0
Fusarium Wilt,0,20.3,88.4,32.7,1064.4,LOW,25.0
Early Blight,1,17.7,30.5,62.4,856.5,LOW,22.0
Late Blight,2,17.7,30.5,62.4,856.5,LOW,10.0
Fusarium Wilt,1,17.7,30.5,62.4,856.5,LOW,25.0
Early Blight,0,34.7,58.8,39.3,403.1,LOW,25.0
Late Blight,1,34.7,58.8,39.3,403.1,LOW,20.0
Fusarium Wilt,1,34.7,58.8,39.3,403.1,LOW,25.0
Early Blight,1,23.5,67.7,30.3,437.3,LOW,35.0
Late Blight,0,23.5,67.7,30.3,437.3,LOW,25.0
Fusarium Wilt,0,23.5,67.7,30.3,437.3,LOW,25.0
Early Blight,1,32.2,60.4,65.9,278.0,LOW,35.0
Late Blight,2,32.2,60.4,65.9,278.0,LOW,10.0
Fusarium Wilt,0,32.2,60.4,65.9,278.0,MEDIUM,40.0
Early Blight,1,31.3,40.9,87.2,105.8,LOW,22.0
Late Blight,1,31.3,40.9,87.2,105.8,LOW,10.0
Fusarium Wilt,2,31.3,40.9,87.2,105.8,LOW,25.0
Early Blight,0,20.1,35.4,13.0,522.8,LOW,12.0
Late Blight,0,20.1,35.4,13.0,522.8,LOW,10.0
Fusarium Wilt,0,20.1,35.4,13.0,522.8,LOW,15.0
Early Blight,1,36.8,85.8,61.2,582.9,LOW,35.0
Late Blight,0,36.8,85.8,61.2,582.9,LOW,10.0
Fusarium Wilt,2,36.8,85.8,61.2,582.9,MEDIUM,40.0
Early Blight,1,28.8,65.1,28.5,286.4,LOW,35.0
Late Blight,2,28.8,65.1,28.5,286.4,LOW,10.0
Fusarium Wilt,1,28.8,65.1,28.5,286.4,LOW,25.0
Early Blight,0,32.9,54.0,41.6,744.7,LOW,25.0
Late Blight,1,32.9,54.0,41.6,744.7,LOW,20.0
Fusarium Wilt,2,32.9,54.0,41.6,744.7,MEDIUM,40.0
Early Blight,1,34.1,92.2,37.8,1159.6,LOW,35.0
Late Blight,1,34.1,92.2,37.8,1159.6,LOW,20.0
Fusarium Wilt,0,34.1,92.2,37.8,1159.6,LOW,25.0
Early Blight,1,21.0,57.7,18.5,179.6,LOW,35.0
Late Blight,0,21.0,57.7,18.5,179.6,LOW,10.0
Fusarium Wilt,0,21.0,57.7,18.5,179.6,LOW,15.0
Early Blight,0,33.7,69.1,65.5,1162.7,LOW,25.0
Late Blight,0,33.7,69.1,65.5,1162.7,LOW,10.0
Fusarium Wilt,1,33.7,69.1,65.5,1162.7,MEDIUM,40.0
Early Blight,1,25.6,69.9,12.2,227.9,LOW,35.0
Late Blight,0,25.6,69.9,12.2,227.9,LOW,25.0
Fusarium Wilt,1,25.6,69.9,12.2,227.9,LOW,15.0
Early Blight,0,22.3,95.0,51.3,110.7,LOW,25.0
Late Blight,2,22.3,95.0,51.3,110.7,MEDIUM,45.0
Fusarium Wilt,0,22.3,95.0,51.3,110.7,LOW,25.0
Early Blight,0,16.7,93.3,48.1,488.9,LOW,25.0
Late Blight,1,16.7,93.3,48.1,488.9,MEDIUM,45.0
Fusarium Wilt,0,16.7,93.3,48.1,488.9,LOW,25.0
Early Blight,1,26.5,43.6,68.8,1060.0,LOW,22.0
Late Blight,2,26.5,43.6,68.8,1060.0,LOW,10.0
Fusarium Wilt,1,26.5,43.6,68.8,1060.0,MEDIUM,40.0
Early Blight,0,17.5,92.6,64.1,829.8,LOW,25.0
Late Blight,0,17.5,92.6,64.1,829.8,MEDIUM,45.0
Fusarium Wilt,2,17.5,92.6,64.1,829.8,LOW,25.0
Early Blight,0,29.3,63.5,88.8,1086.7,LOW,25.0
Late Blight,1,29.3,63.5,88.8,1086.7,LOW,10.0
Fusarium Wilt,1,29.3,63.5,88.8,1086.7,LOW,25.0
Early Blight,1,20.1,69.2,14.3,979.2,LOW,35.0
Late Blight,0,20.1,69.2,14.3,979.2,LOW,25.0
Fusarium Wilt,1,20.1,69.2,14.3,979.2,LOW,15.0
Early Blight,0,19.0,96.4,65.9,606.1,LOW,25.0
Late Blight,2,19.0,96.4,65.9,606.1,MEDIUM,45.0
Fusarium Wilt,1,19.0,96.4,65.9,606.1,LOW,25.0
Early Blight,1,29.1,47.7,53.9,360.9,LOW,22.0
Late Blight,1,29.1,47.7,53.9,360.9,LOW,20.0
Fusarium Wilt,2,29.1,47.7,53.9,360.9,MEDIUM,40.0
Early Blight,1,31.1,55.3,78.3,407.6,LOW,35.0
Late Blight,1,31.1,55.3,78.3,407.6,LOW,10.0
Fusarium Wilt,2,31.1,55.3,78.3,407.6,LOW,25.0
Early Blight,1,21.2,46.0,44.6,519.0,LOW,22.0
Late Blight,1,21.2,46.0,44.6,519.0,LOW,20.0
Fusarium Wilt,1,21.2,46.0,44.6,519.0,LOW,25.0
Early Blight,0,26.5,97.7,78.0,668.7,MEDIUM,42.0
Late Blight,1,26.5,97.7,78.0,668.7,LOW,35.0
Fusarium Wilt,0,26.5,97.7,78.0,668.7,LOW,25.0
Early Blight,1,24.2,77.0,14.8,995.2,MEDIUM,52.0
Late Blight,1,24.2,77.0,14.8,995.2,LOW,35.0
Fusarium Wilt,2,24.2,77.0,14.8,995.2,LOW,15.0
Early Blight,1,27.9,93.4,30.6,121.8,MEDIUM,52.0
Late Blight,0,27.9,93.4,30.6,121.8,LOW,25.0
Fusarium Wilt,1,27.9,93.4,30.6,121.8,LOW,25.0
Early Blight,0,29.9,41.9,72.4,490.6,LOW,12.0
Late Blight,1,29.9,41.9,72.4,490.6,LOW,10.0
Fusarium Wilt,1,29.9,41.9,72.4,490.6,LOW,25.0
Early Blight,0,21.6,73.0,21.6,284.3,LOW,25.0
Late Blight,1,21.6,73.0,21.6,284.3,LOW,25.0
Fusarium Wilt,0,21.6,73.0,21.6,284.3,LOW,15.0
Early Blight,1,16.6,41.0,28.3,448.6,LOW,22.0
Late Blight,1,16.6,41.0,28.3,448.6,LOW,10.0
Fusarium Wilt,2,16.6,41.0,28.3,448.6,LOW,25.0
Early Blight,1,34.8,54.7,57.0,1162.1,LOW,35.0
Late Blight,2,34.8,54.7,57.0,1162.1,LOW,10.0
Fusarium Wilt,0,34.8,54.7,57.0,1162.1,MEDIUM,40.0
Early Blight,1,36.6,77.6,16.4,283.6,LOW,35.0
Late Blight,1,36.6,77.6,16.4,283.6,LOW,10.0
Fusarium Wilt,1,36.6,77.6,16.4,283.6,LOW,15.0
Early Blight,1,24.1,82.0,16.7,388.7,MEDIUM,52.0
Late Blight,0,24.1,82.0,16.7,388.7,LOW,25.0
Fusarium Wilt,2,24.1,82.0,16.7,388.7,LOW,15.0
Early Blight,1,21.5,72.6,20.5,1022.4,LOW,35.0
Late Blight,0,21.5,72.6,20.5,1022.4,LOW,25.0
Fusarium Wilt,2,21.5,72.6,20.5,1022.4,LOW,15.0
Early Blight,0,37.4,66.8,31.8,589.3,LOW,25.0
Late Blight,1,37.4,66.8,31.8,589.3,LOW,20.0
Fusarium Wilt,0,37.4,66.8,31.8,589.3,LOW,25.0
Early Blight,1,29.6,68.4,51.9,803.5,LOW,35.0
Late Blight,1,29.6,68.4,51.9,803.5,LOW,10.0
Fusarium Wilt,1,29.6,68.4,51.9,803.5,MEDIUM,40.0
Early Blight,0,23.4,47.7,34.3,100.1,LOW,12.0
Late Blight,1,23.4,47.7,34.3,100.1,LOW,20.0
Fusarium Wilt,2,23.4,47.7,34.3,100.1,LOW,25.0
Early Blight,1,36.2,94.4,48.2,110.0,LOW,35.0
Late Blight,2,36.2,94.4,48.2,110.0,LOW,10.0
Fusarium Wilt,2,36.2,94.4,48.2,110.0,MEDIUM,40.0
Early Blight,0,24.5,68.1,41.6,279.6,LOW,25.0
Late Blight,2,24.5,68.1,41.6,279.6,LOW,25.0
Fusarium Wilt,2,24.5,68.1,41.6,279.6,LOW,25.0
Early Blight,0,20.5,82.0,82.8,988.3,LOW,25.0
Late Blight,1,20.5,82.0,82.8,988.3,MEDIUM,45.0
Fusarium Wilt,1,20.5,82.0,82.8,988.3,LOW,25.0
Early Blight,0,34.6,42.4,33.2,800.6,LOW,12.0
Late Blight,1,34.6,42.4,33.2,800.6,LOW,10.0
Fusarium Wilt,2,34.6,42.4,33.2,800.6,LOW,25.0
Early Blight,1,16.1,66.4,24.9,212.5,LOW,35.0
Late Blight,0,16.1,66.4,24.9,212.5,LOW,25.0
Fusarium Wilt,2,16.1,66.4,24.9,212.5,LOW,15.0
Early Blight,0,26.4,53.3,34.9,979.4,LOW,25.0
Late Blight,1,26.4,53.3,34.9,979.4,LOW,10.0
Fusarium Wilt,1,26.4,53.3,34.9,979.4,LOW,25.0
Early Blight,1,36.9,33.8,72.1,178.5,LOW,22.0
Late Blight,1,36.9,33.8,72.1,178.5,LOW,10.0
Fusarium Wilt,0,36.9,33.8,72.1,178.5,LOW,25.0
Early Blight,1,17.8,82.2,29.9,948.3,LOW,35.0
Late Blight,1,17.8,82.2,29.9,948.3,MEDIUM,55.0
Fusarium Wilt,1,17.8,82.2,29.9,948.3,LOW,25.0
Early Blight,1,27.0,96.8,47.8,849.6,MEDIUM,52.0
Late Blight,1,27.0,96.8,47.8,849.6,LOW,25.0
Fusarium Wilt,1,27.0,96.8,47.8,849.6,MEDIUM,40.0
Early Blight,0,27.0,47.2,61.1,318.6,LOW,12.0
Late Blight,1,27.0,47.2,61.1,318.6,LOW,20.0
Fusarium Wilt,1,27.0,47.2,61.1,318.6,MEDIUM,40.0
Early Blight,0,22.5,41.4,32.1,231.6,LOW,12.0
Late Blight,2,22.5,41.4,32.1,231.6,LOW,10.0
Fusarium Wilt,1,22.5,41.4,32.1,231.6,LOW,25.0
Early Blight,1,28.7,55.3,17.2,273.5,LOW,35.0
Late Blight,0,28.7,55.3,17.2,273.5,LOW,10.0
Fusarium Wilt,0,28.7,55.3,17.2,273.5,LOW,15.0
Early Blight,1,16.4,73.8,66.1,970.6,LOW,35.0
Late Blight,1,16.4,73.8,66.1,970.6,LOW,25.0
Fusarium Wilt,0,16.4,73.8,66.1,970.6,LOW,25.0
Early Blight,1,33.5,59.8,25.4,858.2,LOW,35.0
Late Blight,1,33.5,59.8,25.4,858.2,LOW,10.0
Fusarium Wilt,2,33.5,59.8,25.4,858.2,LOW,25.0
Early Blight,1,21.8,77.4,25.2,305.3,LOW,35.0
Late Blight,1,21.8,77.4,25.2,305.3,LOW,35.0
Fusarium Wilt,0,21.8,77.4,25.2,305.3,LOW,25.0
Early Blight,1,27.8,34.7,22.4,425.2,LOW,22.0
Late Blight,2,27.8,34.7,22.4,425.2,LOW,10.0
Fusarium Wilt,1,27.8,34.7,22.4,425.2,LOW,15.0
Early Blight,1,19.3,31.3,78.5,953.6,LOW,22.0
Late Blight,0,19.3,31.3,78.5,953.6,LOW,10.0
Fusarium Wilt,1,19.3,31.3,78.5,953.6,LOW,25.0
Early Blight,1,27.1,63.8,54.1,774.3,LOW,35.0
Late Blight,1,27.1,63.8,54.1,774.3,LOW,35.0
Fusarium Wilt,1,27.1,63.8,54.1,774.3,MEDIUM,40.0
Early Blight,1,34.2,38.8,79.9,322.3,LOW,22.0
Late Blight,1,34.2,38.8,79.9,322.3,LOW,10.0
Fusarium Wilt,0,34.2,38.8,79.9,322.3,LOW,25.0
Early Blight,0,27.1,77.7,30.5,503.0,MEDIUM,42.0
Late Blight,1,27.1,77.7,30.5,503.0,LOW,25.0
Fusarium Wilt,2,27.1,77.7,30.5,503.0,LOW,25.0
Early Blight,0,35.5,35.4,74.1,166.8,LOW,12.0
Late Blight,1,35.5,35.4,74.1,166.8,LOW,20.0
Fusarium Wilt,1,35.5,35.4,74.1,166.8,LOW,25.0
Early Blight,1,33.9,48.1,13.3,177.4,LOW,22.0
Late Blight,0,33.9,48.1,13.3,177.4,LOW,10.0
Fusarium Wilt,1,33.9,48.1,13.3,177.4,LOW,15.0
Early Blight,0,27.2,42.9,52.1,373.6,LOW,12.0
Late Blight,1,27.2,42.9,52.1,373.6,LOW,10.0
Fusarium Wilt,2,27.2,42.9,52.1,373.6,MEDIUM,40.0
Early Blight,0,29.7,54.3,46.7,831.8,LOW,25.0
Late Blight,2,29.7,54.3,46.7,831.8,LOW,10.0
Fusarium Wilt,2,29.7,54.3,46.7,831.8,MEDIUM,40.0
Early Blight,1,18.6,97.9,45.4,487.6,LOW,35.0
Late Blight,1,18.6,97.9,45.4,487.6,MEDIUM,55.0
Fusarium Wilt,1,18.6,97.9,45.4,487.6,LOW,25.0
Early Blight,1,24.9,79.4,58.7,719.5,MEDIUM,52.0
Late Blight,0,24.9,79.4,58.7,719.5,LOW,25.0
Fusarium Wilt,1,24.9,79.4,58.7,719.5,LOW,25.0
Early Blight,0,25.3,57.0,68.1,1181.3,LOW,25.0
Late Blight,0,25.3,57.0,68.1,1181.3,LOW,10.0
Fusarium Wilt,2,25.3,57.0,68.1,1181.3,MEDIUM,40.0
Early Blight,0,20.1,88.2,11.7,1004.1,LOW,25.0
Late Blight,1,20.1,88.2,11.7,1004.1,MEDIUM,45.0
Fusarium Wilt,0,20.1,88.2,11.7,1004.1,LOW,15.0
Early Blight,1,18.6,32.6,38.5,252.2,LOW,22.0
Late Blight,1,18.6,32.6,38.5,252.2,LOW,20.0
Fusarium Wilt,1,18.6,32.6,38.5,252.2,LOW,25.0
Early Blight,0,24.2,92.4,68.7,895.9,MEDIUM,42.0
Late Blight,1,24.2,92.4,68.7,895.9,LOW,25.0
Fusarium Wilt,0,24.2,92.4,68.7,895.9,LOW,25.0
Early Blight,0,35.9,70.5,34.0,903.9,LOW,25.0
Late Blight,2,35.9,70.5,34.0,903.9,LOW,10.0
Fusarium Wilt,1,35.9,70.5,34.0,903.9,LOW,25.0
Early Blight,1,33.8,58.3,79.4,1056.8,LOW,35.0
Late Blight,0,33.8,58.3,79.4,1056.8,LOW,10.0
Fusarium Wilt,1,33.8,58.3,79.4,1056.8,LOW,25.0
Early Blight,1,23.8,50.7,13.3,693.9,LOW,35.0
Late Blight,1,23.8,50.7,13.3,693.9,LOW,20.0
Fusarium Wilt,1,23.8,50.7,13.3,693.9,LOW,15.0
Early Blight,1,24.0,60.3,57.6,655.2,LOW,35.0
Late Blight,2,24.0,60.3,57.6,655.2,LOW,25.0
Fusarium Wilt,2,24.0,60.3,57.6,655.2,LOW,25.0
Early Blight,0,28.1,33.4,41.9,193.6,LOW,12.0
Late Blight,1,28.1,33.4,41.9,193.6,LOW,20.0
Fusarium Wilt,1,28.1,33.4,41.9,193.6,MEDIUM,40.0
Early Blight,0,26.2,74.4,25.7,777.6,MEDIUM,42.0
Late Blight,2,26.2,74.4,25.7,777.6,LOW,25.0
Fusarium Wilt,1,26.2,74.4,25.7,777.6,LOW,25.0
Early Blight,1,36.3,36.1,63.7,565.9,LOW,22.0
Late Blight,1,36.3,36.1,63.7,565.9,LOW,10.0
Fusarium Wilt,2,36.3,36.1,63.7,565.9,MEDIUM,40.0
Early Blight,1,37.7,71.9,89.2,586.4,LOW,35.0
Late Blight,1,37.7,71.9,89.2,586.4,LOW,10.0
Fusarium Wilt,2,37.7,71.9,89.2,586.4,LOW,25.0
Early Blight,0,32.4,88.0,19.0,160.0,LOW,25.0
Late Blight,0,32.4,88.0,19.0,160.0,LOW,10.0
Fusarium Wilt,1,32.4,88.0,19.0,160.0,LOW,15.0
Early Blight,1,31.0,37.6,46.0,125.0,LOW,22.0
Late Blight,1,31.0,37.6,46.0,125.0,LOW,20.0
Fusarium Wilt,1,31.0,37.6,46.0,125.0,MEDIUM,40.0
Early Blight,1,26.1,79.6,21.3,868.6,MEDIUM,52.0
Late Blight,0,26.1,79.6,21.3,868.6,LOW,25.0
Fusarium Wilt,2,26.1,79.6,21.3,868.6,LOW,15.0
Early Blight,0,21.5,83.7,59.4,158.4,LOW,25.0
Late Blight,2,21.5,83.7,59.4,158.4,MEDIUM,45.0
Fusarium Wilt,1,21.5,83.7,59.4,158.4,LOW,25.0
Early Blight,0,30.2,88.8,11.5,1054.2,MEDIUM,42.0
Late Blight,2,30.2,88.8,11.5,1054.2,LOW,10.0
Fusarium Wilt,1,30.2,88.8,11.5,1054.2,LOW,15.0
Early Blight,0,22.3,88.9,52.5,305.1,LOW,25.0
Late Blight,1,22.3,88.9,52.5,305.1,MEDIUM,45.0
Fusarium Wilt,2,22.3,88.9,52.5,305.1,LOW,25.0
Early Blight,1,27.2,52.7,41.5,272.7,LOW,35.0
Late Blight,1,27.2,52.7,41.5,272.7,LOW,10.0
Fusarium Wilt,1,27.2,52.7,41.5,272.7,MEDIUM,40.0
Early Blight,0,26.5,85.2,60.1,1066.5,MEDIUM,42.0
Late Blight,1,26.5,85.2,60.1,1066.5,LOW,35.0
Fusarium Wilt,1,26.5,85.2,60.1,1066.5,MEDIUM,40.0
Early Blight,1,18.5,91.0,62.6,196.6,LOW,35.0
Late Blight,0,18.5,91.0,62.6,196.6,MEDIUM,45.0
Fusarium Wilt,1,18.5,91.0,62.6,196.6,LOW,25.0
Early Blight,1,20.5,40.4,87.6,1100.7,LOW,22.0
Late Blight,1,20.5,40.4,87.6,1100.7,LOW,20.0
Fusarium Wilt,1,20.5,40.4,87.6,1100.7,LOW,25.0
Early Blight,0,33.4,88.7,34.7,875.7,LOW,25.0
Late Blight,1,33.4,88.7,34.7,875.7,LOW,10.0
Fusarium Wilt,1,33.4,88.7,34.7,875.7,LOW,25.0
Early Blight,0,36.5,92.4,35.4,713.1,LOW,25.0
Late Blight,2,36.5,92.4,35.4,713.1,LOW,10.0
Fusarium Wilt,0,36.5,92.4,35.4,713.1,LOW,25.0
Early Blight,1,32.6,89.8,43.1,552.4,LOW,35.0
Late Blight,0,32.6,89.8,43.1,552.4,LOW,10.0
Fusarium Wilt,1,32.6,89.8,43.1,552.4,MEDIUM,40.0
Early Blight,0,32.9,37.3,24.8,938.7,LOW,12.0
Late Blight,1,32.9,37.3,24.8,938.7,LOW,10.0
Fusarium Wilt,2,32.9,37.3,24.8,938.7,LOW,15.0
Early Blight,0,30.8,54.4,65.1,624.3,LOW,25.0
Late Blight,0,30.8,54.4,65.1,624.3,LOW,10.0
Fusarium Wilt,1,30.8,54.4,65.1,624.3,MEDIUM,40.0
Early Blight,0,26.3,39.4,25.5,135.5,LOW,12.0
Late Blight,2,26.3,39.4,25.5,135.5,LOW,10.0
Fusarium Wilt,1,26.3,39.4,25.5,135.5,LOW,25.0
Early Blight,0,37.7,81.5,15.3,1119.8,LOW,25.0
Late Blight,1,37.7,81.5,15.3,1119.8,LOW,20.0
Fusarium Wilt,2,37.7,81.5,15.3,1119.8,LOW,15.0
Early Blight,1,20.7,57.5,13.3,908.9,LOW,35.0
Late Blight,1,20.7,57.5,13.3,908.9,LOW,10.0
Fusarium Wilt,0,20.7,57.5,13.3,908.9,LOW,15.0
Early Blight,1,27.1,89.6,73.0,672.7,MEDIUM,52.0
Late Blight,1,27.1,89.6,73.0,672.7,LOW,35.0
Fusarium Wilt,0,27.1,89.6,73.0,672.7,LOW,25.0
Early Blight,0,24.1,80.0,54.6,667.7,MEDIUM,42.0
Late Blight,2,24.1,80.0,54.6,667.7,LOW,25.0
Fusarium Wilt,2,24.1,80.0,54.6,667.7,LOW,25.0
Early Blight,1,34.0,61.4,43.8,774.4,LOW,35.0
Late Blight,1,34.0,61.4,43.8,774.4,LOW,20.0
Fusarium Wilt,1,34.0,61.4,43.8,774.4,MEDIUM,40.0
Early Blight,0,31.6,37.7,72.3,1131.6,LOW,12.0
Late Blight,2,31.6,37.7,72.3,1131.6,LOW,10.0
Fusarium Wilt,2,31.6,37.7,72.3,1131.6,LOW,25.0
Early Blight,1,28.6,78.5,26.2,600.2,MEDIUM,52.0
Late Blight,0,28.6,78.5,26.2,600.2,LOW,10.0
Fusarium Wilt,0,28.6,78.5,26.2,600.2,LOW,25.0
Early Blight,0,17.8,37.8,46.0,499.2,LOW,12.0
Late Blight,1,17.8,37.8,46.0,499.2,LOW,10.0
Fusarium Wilt,0,17.8,37.8,46.0,499.2,LOW,25.0
Early Blight,0,23.7,55.9,71.5,1103.5,LOW,25.0
Late Blight,1,23.7,55.9,71.5,1103.5,LOW,20.0
Fusarium Wilt,1,23.7,55.9,71.5,1103.5,LOW,25.0
Early Blight,1,31.4,58.5,34.8,945.5,LOW,35.0
Late Blight,1,31.4,58.5,34.8,945.5,LOW,20.0
Fusarium Wilt,2,31.4,58.5,34.8,945.5,LOW,25.0
Early Blight,0,29.3,47.2,46.7,1041.0,LOW,12.0
Late Blight,1,29.3,47.2,46.7,1041.0,LOW,10.0
Fusarium Wilt,1,29.3,47.2,46.7,1041.0,MEDIUM,40.0
Early Blight,1,25.9,57.9,16.4,760.1,LOW,35.0
Late Blight,0,25.9,57.9,16.4,760.1,LOW,10.0
Fusarium Wilt,0,25.9,57.9,16.4,760.1,LOW,15.0
Early Blight,0,16.1,40.1,62.3,140.4,LOW,12.0
Late Blight,0,16.1,40.1,62.3,140.4,LOW,10.0
Fusarium Wilt,1,16.1,40.1,62.3,140.4,LOW,25.0
Early Blight,0,16.1,58.4,24.3,839.3,LOW,25.0
Late Blight,0,16.1,58.4,24.3,839.3,LOW,10.0
Fusarium Wilt,1,16.1,58.4,24.3,839.3,LOW,15.0
Early Blight,1,25.5,69.4,84.5,202.4,LOW,35.0
Late Blight,2,25.5,69.4,84.5,202.4,LOW,25.0
Fusarium Wilt,2,25.5,69.4,84.5,202.4,LOW,25.0
Early Blight,1,27.7,49.9,20.8,864.1,LOW,22.0
Late Blight,0,27.7,49.9,20.8,864.1,LOW,10.0
Fusarium Wilt,0,27.7,49.9,20.8,864.1,LOW,15.0
Early Blight,1,17.5,79.6,60.3,1185.9,LOW,35.0
Late Blight,0,17.5,79.6,60.3,1185.9,LOW,25.0
Fusarium Wilt,1,17.5,79.6,60.3,1185.9,LOW,25.0
Early Blight,1,29.0,51.5,52.0,1194.5,LOW,35.0
Late Blight,1,29.0,51.5,52.0,1194.5,LOW,10.0
Fusarium Wilt,0,29.0,51.5,52.0,1194.5,MEDIUM,40.0
Early Blight,0,26.3,42.2,58.8,879.4,LOW,12.0
Late Blight,2,26.3,42.2,58.8,879.4,LOW,10.0
Fusarium Wilt,1,26.3,42.2,58.8,879.4,MEDIUM,40.0
Early Blight,1,34.5,84.4,89.9,555.4,LOW,35.0
Late Blight,0,34.5,84.4,89.9,555.4,LOW,10.0
Fusarium Wilt,2,34.5,84.4,89.9,555.4,LOW,25.0
Early Blight,1,21.5,83.7,34.6,657.4,LOW,35.0
Late Blight,1,21.5,83.7,34.6,657.4,MEDIUM,45.0
Fusarium Wilt,1,21.5,83.7,34.6,657.4,LOW,25.0
Early Blight,1,29.2,32.0,24.1,463.6,LOW,22.0
Late Blight,0,29.2,32.0,24.1,463.6,LOW,10.0
Fusarium Wilt,0,29.2,32.0,24.1,463.6,LOW,15.0
Early Blight,1,26.1,72.6,81.4,690.7,MEDIUM,52.0
Late Blight,1,26.1,72.6,81.4,690.7,LOW,35.0
Fusarium Wilt,0,26.1,72.6,81.4,690.7,LOW,25.0
Early Blight,1,21.9,79.3,35.2,689.5,LOW,35.0
Late Blight,0,21.9,79.3,35.2,689.5,LOW,25.0
Fusarium Wilt,1,21.9,79.3,35.2,689.5,LOW,25.0
Early Blight,0,37.3,49.1,12.5,1182.0,LOW,12.0
Late Blight,0,37.3,49.1,12.5,1182.0,LOW,10.0
Fusarium Wilt,1,37.3,49.1,12.5,1182.0,LOW,15.0
Early Blight,1,34.9,81.1,66.4,445.9,LOW,35.0
Late Blight,2,34.9,81.1,66.4,445.9,LOW,10.0
Fusarium Wilt,2,34.9,81.1,66.4,445.9,MEDIUM,40.0
Early Blight,0,36.9,44.7,34.2,223.5,LOW,12.0
Late Blight,0,36.9,44.7,34.2,223.5,LOW,10.0
Fusarium Wilt,2,36.9,44.7,34.2,223.5,LOW,25.0
Early Blight,0,26.1,64.0,25.2,1116.0,LOW,25.0
Late Blight,0,26.1,64.0,25.2,1116.0,LOW,25.0
Fusarium Wilt,1,26.1,64.0,25.2,1116.0,LOW,25.0
Early Blight,0,33.9,93.8,64.1,246.0,LOW,25.0
Late Blight,1,33.9,93.8,64.1,246.0,LOW,10.0
Fusarium Wilt,1,33.9,93.8,64.1,246.0,MEDIUM,40.0
Early Blight,1,36.4,76.7,57.5,195.8,LOW,35.0
Late Blight,1,36.4,76.7,57.5,195.8,LOW,10.0
Fusarium Wilt,1,36.4,76.7,57.5,195.8,MEDIUM,40.0
Early Blight,1,28.3,51.2,81.4,453.0,LOW,35.0
Late Blight,2,28.3,51.2,81.4,453.0,LOW,10.0
Fusarium Wilt,2,28.3,51.2,81.4,453.0,LOW,25.0
Early Blight,0,18.4,48.6,11.2,785.2,LOW,12.0
Late Blight,2,18.4,48.6,11.2,785.2,LOW,10.0
Fusarium Wilt,2,18.4,48.6,11.2,785.2,LOW,15.0
Early Blight,0,31.2,49.3,29.6,178.4,LOW,12.0
Late Blight,2,31.2,49.3,29.6,178.4,LOW,10.0
Fusarium Wilt,2,31.2,49.3,29.6,178.4,LOW,25.0
Early Blight,1,30.5,37.2,14.3,569.1,LOW,22.0
Late Blight,0,30.5,37.2,14.3,569.1,LOW,10.0
Fusarium Wilt,0,30.5,37.2,14.3,569.1,LOW,15.0
Early Blight,0,29.2,51.2,75.4,884.2,LOW,25.0
Late Blight,0,29.2,51.2,75.4,884.2,LOW,10.0
Fusarium Wilt,1,29.2,51.2,75.4,884.2,LOW,25.0
Early Blight,1,18.0,85.3,83.6,615.1,LOW,35.0
Late Blight,0,18.0,85.3,83.6,615.1,MEDIUM,45.0
Fusarium Wilt,2,18.0,85.3,83.6,615.1,LOW,25.0
Early Blight,1,20.1,88.6,59.4,1104.1,LOW,35.0
Late Blight,0,20.1,88.6,59.4,1104.1,MEDIUM,45.0
Fusarium Wilt,0,20.1,88.6,59.4,1104.1,LOW,25.0
Early Blight,1,25.4,32.1,48.0,486.6,LOW,22.0
Late Blight,1,25.4,32.1,48.0,486.6,LOW,10.0
Fusarium Wilt,1,25.4,32.1,48.0,486.6,MEDIUM,40.0
Early Blight,0,17.4,85.6,73.7,458.5,LOW,25.0
Late Blight,0,17.4,85.6,73.7,458.5,MEDIUM,45.0
Fusarium Wilt,2,17.4,85.6,73.7,458.5,LOW,25.0
Early Blight,1,29.3,67.3,87.9,522.2,LOW,35.0
Late Blight,0,29.3,67.3,87.9,522.2,LOW,10.0
Fusarium Wilt,1,29.3,67.3,87.9,522.2,LOW,25.0
Early Blight,1,33.1,67.0,28.9,828.9,LOW,35.0
Late Blight,0,33.1,67.0,28.9,828.9,LOW,10.0
Fusarium Wilt,1,33.1,67.0,28.9,828.9,LOW,25.0
Early Blight,0,25.6,67.7,75.8,293.8,LOW,25.0
Late Blight,2,25.6,67.7,75.8,293.8,LOW,25.0
Fusarium Wilt,0,25.6,67.7,75.8,293.8,LOW,25.0
Early Blight,0,23.7,63.6,62.8,199.6,LOW,25.0
Late Blight,0,23.7,63.6,62.8,199.6,LOW,25.0
Fusarium Wilt,1,23.7,63.6,62.8,199.6,LOW,25.0
Early Blight,0,18.4,40.1,52.5,529.0,LOW,12.0
Late Blight,1,18.4,40.1,52.5,529.0,LOW,10.0
Fusarium Wilt,1,18.4,40.1,52.5,529.0,LOW,25.0
Early Blight,0,36.0,50.7,85.5,578.2,LOW,25.0
Late Blight,2,36.0,50.7,85.5,578.2,LOW,10.0
Fusarium Wilt,1,36.0,50.7,85.5,578.2,LOW,25.0
Early Blight,0,24.3,38.7,33.5,506.1,LOW,12.0
Late Blight,1,24.3,38.7,33.5,506.1,LOW,10.0
Fusarium Wilt,1,24.3,38.7,33.5,506.1,LOW,25.0
Early Blight,1,34.8,88.9,28.8,872.4,LOW,35.0
Late Blight,2,34.8,88.9,28.8,872.4,LOW,10.0
Fusarium Wilt,1,34.8,88.9,28.8,872.4,LOW,25.0
Early Blight,0,30.2,62.3,25.1,523.1,LOW,25.0
Late Blight,1,30.2,62.3,25.1,523.1,LOW,20.0
Fusarium Wilt,0,30.2,62.3,25.1,523.1,LOW,25.0
Early Blight,1,18.1,34.9,11.3,893.5,LOW,22.0
Late Blight,1,18.1,34.9,11.3,893.5,LOW,10.0
Fusarium Wilt,1,18.1,34.9,11.3,893.5,LOW,15.0
Early Blight,1,24.6,61.0,73.1,764.9,LOW,35.0
Late Blight,1,24.6,61.0,73.1,764.9,LOW,25.0
Fusarium Wilt,1,24.6,61.0,73.1,764.9,LOW,25.0
Early Blight,0,23.2,42.6,58.4,735.7,LOW,12.0
Late Blight,1,23.2,42.6,58.4,735.7,LOW,10.0
Fusarium Wilt,1,23.2,42.6,58.4,735.7,LOW,25.0
Early Blight,1,23.4,96.5,55.5,875.4,LOW,35.0
Late Blight,1,23.4,96.5,55.5,875.4,MEDIUM,45.0
Fusarium Wilt,1,23.4,96.5,55.5,875.4,LOW,25.0
Early Blight,1,37.6,96.9,72.3,611.4,LOW,35.0
Late Blight,1,37.6,96.9,72.3,611.4,LOW,20.0
Fusarium Wilt,1,37.6,96.9,72.3,611.4,LOW,25.0
Early Blight,1,37.1,35.3,60.7,977.9,LOW,22.0
Late Blight,2,37.1,35.3,60.7,977.9,LOW,10.0
Fusarium Wilt,1,37.1,35.3,60.7,977.9,MEDIUM,40.0
Early Blight,0,26.8,61.9,68.7,563.1,LOW,25.0
Late Blight,1,26.8,61.9,68.7,563.1,LOW,35.0
Fusarium Wilt,1,26.8,61.9,68.7,563.1,MEDIUM,40.0
Early Blight,1,32.2,79.4,55.1,167.6,LOW,35.0
Late Blight,2,32.2,79.4,55.1,167.6,LOW,10.0
Fusarium Wilt,0,32.2,79.4,55.1,167.6,MEDIUM,40.0
Early Blight,0,29.4,49.5,16.6,656.2,LOW,12.0
Late Blight,2,29.4,49.5,16.6,656.2,LOW,10.0
Fusarium Wilt,1,29.4,49.5,16.6,656.2,LOW,15.0
Early Blight,1,15.3,37.6,24.0,750.9,LOW,22.0
Late Blight,1,15.3,37.6,24.0,750.9,LOW,10.0
Fusarium Wilt,1,15.3,37.6,24.0,750.9,LOW,15.0
Early Blight,1,26.2,84.4,79.0,477.1,MEDIUM,52.0
Late Blight,1,26.2,84.4,79.0,477.1,LOW,25.0
Fusarium Wilt,2,26.2,84.4,79.0,477.1,LOW,25.0
Early Blight,0,37.9,82.4,29.0,584.2,LOW,25.0
Late Blight,1,37.9,82.4,29.0,584.2,LOW,10.0
Fusarium Wilt,1,37.9,82.4,29.0,584.2,LOW,25.0
Early Blight,1,32.4,37.9,23.4,538.6,LOW,22.0
Late Blight,0,32.4,37.9,23.4,538.6,LOW,10.0
Fusarium Wilt,1,32.4,37.9,23.4,538.6,LOW,15.0
Early Blight,1,31.2,62.3,21.6,1057.3,LOW,35.0
Late Blight,1,31.2,62.3,21.6,1057.3,LOW,20.0
Fusarium Wilt,0,31.2,62.3,21.6,1057.3,LOW,15.0
Early Blight,0,30.7,32.8,83.4,801.2,LOW,12.0
Late Blight,1,30.7,32.8,83.4,801.2,LOW,10.0
Fusarium Wilt,1,30.7,32.8,83.4,801.2,LOW,25.0
Early Blight,0,21.1,36.7,62.3,530.3,LOW,12.0
Late Blight,0,21.1,36.7,62.3,530.3,LOW,10.0
Fusarium Wilt,1,21.1,36.7,62.3,530.3,LOW,25.0
Early Blight,0,22.8,76.9,24.4,702.4,LOW,25.0
Late Blight,1,22.8,76.9,24.4,702.4,LOW,35.0
Fusarium Wilt,2,22.8,76.9,24.4,702.4,LOW,15.0
Early Blight,1,25.3,44.9,32.7,312.4,LOW,22.0
Late Blight,1,25.3,44.9,32.7,312.4,LOW,10.0
Fusarium Wilt,0,25.3,44.9,32.7,312.4,LOW,25.0
Early Blight,0,36.9,73.4,66.6,232.0,LOW,25.0
Late Blight,1,36.9,73.4,66.6,232.0,LOW,10.0
Fusarium Wilt,0,36.9,73.4,66.6,232.0,MEDIUM,40.0
Early Blight,1,37.2,90.9,65.7,378.7,LOW,35.0
Late Blight,0,37.2,90.9,65.7,378.7,LOW,10.0
Fusarium Wilt,1,37.2,90.9,65.7,378.7,MEDIUM,40.0
Early Blight,1,24.8,91.4,71.6,455.7,MEDIUM,52.0
Late Blight,1,24.8,91.4,71.6,455.7,LOW,25.0
Fusarium Wilt,2,24.8,91.4,71.6,455.7,LOW,25.0
Early Blight,1,16.4,95.0,31.2,584.6,LOW,35.0
Late Blight,0,16.4,95.0,31.2,584.6,MEDIUM,45.0
Fusarium Wilt,2,16.4,95.0,31.2,584.6,LOW,25.0
Early Blight,0,18.3,82.3,27.5,807.7,LOW,25.0
Late Blight,1,18.3,82.3,27.5,807.7,MEDIUM,55.0
Fusarium Wilt,1,18.3,82.3,27.5,807.7,LOW,25.0
Early Blight,0,20.8,60.3,81.7,263.7,LOW,25.0
Late Blight,0,20.8,60.3,81.7,263.7,LOW,25.0
Fusarium Wilt,1,20.8,60.3,81.7,263.7,LOW,25.0
Early Blight,1,35.8,69.1,51.2,1133.9,LOW,35.0
Late Blight,1,35.8,69.1,51.2,1133.9,LOW,10.0
Fusarium Wilt,0,35.8,69.1,51.2,1133.9,MEDIUM,40.0
Early Blight,1,27.4,30.2,86.3,999.8,LOW,22.0
Late Blight,0,27.4,30.2,86.3,999.8,LOW,10.0
Fusarium Wilt,1,27.4,30.2,86.3,999.8,LOW,25.0
Early Blight,0,24.2,73.0,86.7,199.7,MEDIUM,42.0
Late Blight,1,24.2,73.0,86.7,199.7,LOW,35.0
Fusarium Wilt,1,24.2,73.0,86.7,199.7,LOW,25.0
Early Blight,1,29.9,42.0,13.1,522.6,LOW,22.0
Late Blight,0,29.9,42.0,13.1,522.6,LOW,10.0
Fusarium Wilt,1,29.9,42.0,13.1,522.6,LOW,15.0
Early Blight,1,17.0,73.0,68.8,253.9,LOW,35.0
Late Blight,0,17.0,73.0,68.8,253.9,LOW,25.0
Fusarium Wilt,2,17.0,73.0,68.8,253.9,LOW,25.0
Early Blight,1,27.4,50.9,52.7,1017.7,LOW,35.0
Late Blight,1,27.4,50.9,52.7,1017.7,LOW,20.0
Fusarium Wilt,1,27.4,50.9,52.7,1017.7,MEDIUM,40.0
Early Blight,1,16.0,38.0,74.6,834.0,LOW,22.0
Late Blight,0,16.0,38.0,74.6,834.0,LOW,10.0
Fusarium Wilt,1,16.0,38.0,74.6,834.0,LOW,25.0
Early Blight,1,36.3,32.5,21.3,819.2,LOW,22.0
Late Blight,1,36.3,32.5,21.3,819.2,LOW,20.0
Fusarium Wilt,1,36.3,32.5,21.3,819.2,LOW,15.0
Early Blight,1,19.0,33.4,34.6,973.1,LOW,22.0
Late Blight,1,19.0,33.4,34.6,973.1,LOW,10.0
Fusarium Wilt,1,19.0,33.4,34.6,973.1,LOW,25.0
Early Blight,1,26.4,84.3,27.6,984.9,MEDIUM,52.0
Late Blight,0,26.4,84.3,27.6,984.9,LOW,25.0
Fusarium Wilt,1,26.4,84.3,27.6,984.9,LOW,25.0
Early Blight,0,37.4,69.2,21.0,1020.1,LOW,25.0
Late Blight,0,37.4,69.2,21.0,1020.1,LOW,10.0
Fusarium Wilt,2,37.4,69.2,21.0,1020.1,LOW,15.0
Early Blight,1,18.2,58.2,65.7,708.7,LOW,35.0
Late Blight,1,18.2,58.2,65.7,708.7,LOW,20.0
Fusarium Wilt,1,18.2,58.2,65.7,708.7,LOW,25.0
Early Blight,1,29.1,82.9,11.3,635.7,MEDIUM,52.0
Late Blight,2,29.1,82.9,11.3,635.7,LOW,10.0
Fusarium Wilt,0,29.1,82.9,11.3,635.7,LOW,15.0
Early Blight,1,24.6,84.9,71.8,861.6,MEDIUM,52.0
Late Blight,0,24.6,84.9,71.8,861.6,LOW,25.0
Fusarium Wilt,1,24.6,84.9,71.8,861.6,LOW,25.0
Early Blight,0,29.0,32.6,24.4,649.9,LOW,12.0
Late Blight,0,29.0,32.6,24.4,649.9,LOW,10.0
Fusarium Wilt,2,29.0,32.6,24.4,649.9,LOW,15.0
Early Blight,1,20.4,38.0,52.4,205.3,LOW,22.0
Late Blight,0,20.4,38.0,52.4,205.3,LOW,10.0
Fusarium Wilt,1,20.4,38.0,52.4,205.3,LOW,25.0
Early Blight,0,30.2,48.8,25.5,976.3,LOW,12.0
Late Blight,1,30.2,48.8,25.5,976.3,LOW,20.0
Fusarium Wilt,1,30.2,48.8,25.5,976.3,LOW,25.0
Early Blight,1,16.0,73.9,32.8,578.1,LOW,35.0
Late Blight,0,16.0,73.9,32.8,578.1,LOW,25.0
Fusarium Wilt,1,16.0,73.9,32.8,578.1,LOW,25.0
Early Blight,1,36.3,42.0,72.8,633.6,LOW,22.0
Late Blight,0,36.3,42.0,72.8,633.6,LOW,10.0
Fusarium Wilt,1,36.3,42.0,72.8,633.6,LOW,25.0
Early Blight,1,19.6,76.0,36.1,956.9,LOW,35.0
Late Blight,1,19.6,76.0,36.1,956.9,LOW,25.0
Fusarium Wilt,1,19.6,76.0,36.1,956.9,LOW,25.0
Early Blight,1,20.1,62.0,48.8,1079.5,LOW,35.0
Late Blight,1,20.1,62.0,48.8,1079.5,LOW,35.0
Fusarium Wilt,2,20.1,62.0,48.8,1079.5,LOW,25.0
Early Blight,1,31.6,73.0,88.0,322.4,MEDIUM,52.0
Late Blight,1,31.6,73.0,88.0,322.4,LOW,20.0
Fusarium Wilt,1,31.6,73.0,88.0,322.4,LOW,25.0
Early Blight,0,25.5,41.6,37.5,1075.0,LOW,12.0
Late Blight,0,25.5,41.6,37.5,1075.0,LOW,10.0
Fusarium Wilt,1,25.5,41.6,37.5,1075.0,LOW,25.0
Early Blight,1,37.3,88.1,16.9,1042.7,LOW,35.0
Late Blight,0,37.3,88.1,16.9,1042.7,LOW,10.0
Fusarium Wilt,1,37.3,88.1,16.9,1042.7,LOW,15.0
Early Blight,0,31.8,80.1,29.7,460.0,MEDIUM,42.0
Late Blight,0,31.8,80.1,29.7,460.0,LOW,10.0
Fusarium Wilt,1,31.8,80.1,29.7,460.0,LOW,25.0
Early Blight,0,15.1,96.7,13.2,617.7,LOW,25.0
Late Blight,1,15.1,96.7,13.2,617.7,MEDIUM,45.0
Fusarium Wilt,1,15.1,96.7,13.2,617.7,LOW,15.0
Early Blight,1,33.9,60.8,29.2,714.3,LOW,35.0
Late Blight,0,33.9,60.8,29.2,714.3,LOW,10.0
Fusarium Wilt,2,33.9,60.8,29.2,714.3,LOW,25.0
Early Blight,0,29.9,36.2,48.4,435.3,LOW,12.0
Late Blight,0,29.9,36.2,48.4,435.3,LOW,10.0
Fusarium Wilt,2,29.9,36.2,48.4,435.3,MEDIUM,40.0
Early Blight,1,32.8,89.4,42.4,968.8,LOW,35.0
Late Blight,1,32.8,89.4,42.4,968.8,LOW,10.0
Fusarium Wilt,1,32.8,89.4,42.4,968.8,MEDIUM,40.0
Early Blight,1,35.5,52.6,12.6,568.5,LOW,35.0
Late Blight,0,35.5,52.6,12.6,568.5,LOW,10.0
Fusarium Wilt,0,35.5,52.6,12.6,568.5,LOW,15.0
Early Blight,0,16.9,89.9,68.9,160.3,LOW,25.0
Late Blight,0,16.9,89.9,68.9,160.3,MEDIUM,45.0
Fusarium Wilt,2,16.9,89.9,68.9,160.3,LOW,25.0
Early Blight,1,29.2,54.9,24.0,714.7,LOW,35.0
Late Blight,1,29.2,54.9,24.0,714.7,LOW,20.0
Fusarium Wilt,1,29.2,54.9,24.0,714.7,LOW,15.0
Early Blight,0,17.6,62.5,85.1,738.1,LOW,25.0
Late Blight,1,17.6,62.5,85.1,738.1,LOW,25.0
Fusarium Wilt,2,17.6,62.5,85.1,738.1,LOW,25.0
Early Blight,1,21.1,76.3,32.2,169.7,LOW,35.0
Late Blight,1,21.1,76.3,32.2,169.7,LOW,25.0
Fusarium Wilt,1,21.1,76.3,32.2,169.7,LOW,25.0
Early Blight,0,30.6,66.2,33.4,783.0,LOW,25.0
Late Blight,0,30.6,66.2,33.4,783.0,LOW,10.0
Fusarium Wilt,1,30.6,66.2,33.4,783.0,LOW,25.0
Early Blight,1,35.5,61.1,16.4,1087.7,LOW,35.0
Late Blight,1,35.5,61.1,16.4,1087.7,LOW,20.0
Fusarium Wilt,1,35.5,61.1,16.4,1087.7,LOW,15.0
Early Blight,1,26.4,89.5,51.7,790.0,MEDIUM,52.0
Late Blight,0,26.4,89.5,51.7,790.0,LOW,25.0
Fusarium Wilt,2,26.4,89.5,51.7,790.0,MEDIUM,40.0
Early Blight,0,25.2,73.8,33.3,169.2,MEDIUM,42.0
Late Blight,1,25.2,73.8,33.3,169.2,LOW,25.0
Fusarium Wilt,1,25.2,73.8,33.3,169.2,LOW,25.0
Early Blight,0,22.9,73.9,36.1,752.7,LOW,25.0
Late Blight,1,22.9,73.9,36.1,752.7,LOW,35.0
Fusarium Wilt,2,22.9,73.9,36.1,752.7,LOW,25.0
Early Blight,0,33.2,41.7,30.8,632.7,LOW,12.0
Late Blight,1,33.2,41.7,30.8,632.7,LOW,20.0
Fusarium Wilt,2,33.2,41.7,30.8,632.7,LOW,25.0
Early Blight,0,18.8,92.8,66.9,413.8,LOW,25.0
Late Blight,0,18.8,92.8,66.9,413.8,MEDIUM,45.0
Fusarium Wilt,1,18.8,92.8,66.9,413.8,LOW,25.0
Early Blight,1,20.5,32.8,35.3,239.1,LOW,22.0
Late Blight,1,20.5,32.8,35.3,239.1,LOW,10.0
Fusarium Wilt,2,20.5,32.8,35.3,239.1,LOW,25.0
Early Blight,1,22.9,55.4,53.2,278.9,LOW,35.0
Late Blight,1,22.9,55.4,53.2,278.9,LOW,20.0
Fusarium Wilt,2,22.9,55.4,53.2,278.9,LOW,25.0
Early Blight,0,25.5,51.8,10.3,912.3,LOW,25.0
Late Blight,1,25.5,51.8,10.3,912.3,LOW,10.0
Fusarium Wilt,2,25.5,51.8,10.3,912.3,LOW,15.0
Early Blight,0,36.7,96.7,55.9,261.8,LOW,25.0
Late Blight,1,36.7,96.7,55.9,261.8,LOW,20.0
Fusarium Wilt,0,36.7,96.7,55.9,261.8,MEDIUM,40.0
Early Blight,1,35.7,39.5,54.1,438.9,LOW,22.0
Late Blight,1,35.7,39.5,54.1,438.9,LOW,20.0
Fusarium Wilt,2,35.7,39.5,54.1,438.9,MEDIUM,40.0
Early Blight,1,29.8,69.7,27.8,1129.2,LOW,35.0
Late Blight,1,29.8,69.7,27.8,1129.2,LOW,10.0
Fusarium Wilt,1,29.8,69.7,27.8,1129.2,LOW,25.0
Early Blight,0,17.0,64.8,25.6,449.5,LOW,25.0
Late Blight,0,17.0,64.8,25.6,449.5,LOW,25.0
Fusarium Wilt,2,17.0,64.8,25.6,449.5,LOW,25.0
Early Blight,1,34.6,55.1,39.8,413.1,LOW,35.0
Late Blight,0,34.6,55.1,39.8,413.1,LOW,10.0
Fusarium Wilt,1,34.6,55.1,39.8,413.1,LOW,25.0
Early Blight,0,25.2,97.5,74.3,417.5,MEDIUM,42.0
Late Blight,1,25.2,97.5,74.3,417.5,LOW,35.0
Fusarium Wilt,1,25.2,97.5,74.3,417.5,LOW,25.0
Early Blight,0,28.5,35.9,26.6,622.1,LOW,12.0
Late Blight,1,28.5,35.9,26.6,622.1,LOW,20.0
Fusarium Wilt,0,28.5,35.9,26.6,622.1,LOW,25.0
Early Blight,0,17.0,57.8,83.2,556.0,LOW,25.0
Late Blight,0,17.0,57.8,83.2,556.0,LOW,10.0
Fusarium Wilt,2,17.0,57.8,83.2,556.0,LOW,25.0
Early Blight,0,23.8,67.7,13.4,1008.9,LOW,25.0
Late Blight,1,23.8,67.7,13.4,1008.9,LOW,25.0
Fusarium Wilt,2,23.8,67.7,13.4,1008.9,LOW,15.0
Early Blight,1,15.1,47.9,86.5,1017.7,LOW,22.0
Late Blight,0,15.1,47.9,86.5,1017.7,LOW,10.0
Fusarium Wilt,2,15.1,47.9,86.5,1017.7,LOW,25.0
Early Blight,0,30.8,46.6,19.5,404.9,LOW,12.0
Late Blight,1,30.8,46.6,19.5,404.9,LOW,10.0
Fusarium Wilt,0,30.8,46.6,19.5,404.9,LOW,15.0
Early Blight,1,35.0,72.7,48.1,863.7,LOW,35.0
Late Blight,0,35.0,72.7,48.1,863.7,LOW,10.0
Fusarium Wilt,1,35.0,72.7,48.1,863.7,MEDIUM,40.0
Early Blight,1,16.3,51.7,80.3,249.0,LOW,35.0
Late Blight,2,16.3,51.7,80.3,249.0,LOW,10.0
Fusarium Wilt,1,16.3,51.7,80.3,249.0,LOW,25.0
Early Blight,0,21.7,66.0,84.9,665.3,LOW,25.0
Late Blight,2,21.7,66.0,84.9,665.3,LOW,25.0
Fusarium Wilt,0,21.7,66.0,84.9,665.3,LOW,25.0
Early Blight,0,35.1,86.2,64.8,431.2,LOW,25.0
Late Blight,1,35.1,86.2,64.8,431.2,LOW,20.0
Fusarium Wilt,0,35.1,86.2,64.8,431.2,MEDIUM,40.0
Early Blight,1,15.3,65.2,39.8,633.4,LOW,35.0
Late Blight,1,15.3,65.2,39.8,633.4,LOW,35.0
Fusarium Wilt,2,15.3,65.2,39.8,633.4,LOW,25.0
Early Blight,0,19.3,91.0,59.1,1014.6,LOW,25.0
Late Blight,0,19.3,91.0,59.1,1014.6,MEDIUM,45.0
Fusarium Wilt,1,19.3,91.0,59.1,1014.6,LOW,25.0
Early Blight,1,25.6,35.2,75.5,1115.8,LOW,22.0
Late Blight,2,25.6,35.2,75.5,1115.8,LOW,10.0
Fusarium Wilt,0,25.6,35.2,75.5,1115.8,LOW,25.0
Early Blight,1,28.7,81.9,37.4,880.9,MEDIUM,52.0
Late Blight,1,28.7,81.9,37.4,880.9,LOW,20.0
Fusarium Wilt,1,28.7,81.9,37.4,880.9,LOW,25.0
Early Blight,0,20.2,38.5,20.4,186.5,LOW,12.0
Late Blight,1,20.2,38.5,20.4,186.5,LOW,20.0
Fusarium Wilt,0,20.2,38.5,20.4,186.5,LOW,15.0
Early Blight,1,16.0,37.3,73.4,664.8,LOW,22.0
Late Blight,2,16.0,37.3,73.4,664.8,LOW,10.0
Fusarium Wilt,1,16.0,37.3,73.4,664.8,LOW,25.0
Early Blight,0,32.4,83.2,83.6,325.9,LOW,25.0
Late Blight,2,32.4,83.2,83.6,325.9,LOW,10.0
Fusarium Wilt,1,32.4,83.2,83.6,325.9,LOW,25.0
Early Blight,0,36.7,94.5,37.8,276.6,LOW,25.0
Late Blight,1,36.7,94.5,37.8,276.6,LOW,20.0
Fusarium Wilt,1,36.7,94.5,37.8,276.6,LOW,25.0
Early Blight,1,28.3,31.0,27.4,310.7,LOW,22.0
Late Blight,0,28.3,31.0,27.4,310.7,LOW,10.0
Fusarium Wilt,1,28.3,31.0,27.4,310.7,LOW,25.0
Early Blight,0,19.9,64.3,66.6,503.1,LOW,25.0
Late Blight,1,19.9,64.3,66.6,503.1,LOW,25.0
Fusarium Wilt,2,19.9,64.3,66.6,503.1,LOW,25.0
Early Blight,0,23.7,44.6,28.2,224.1,LOW,12.0
Late Blight,2,23.7,44.6,28.2,224.1,LOW,10.0
Fusarium Wilt,1,23.7,44.6,28.2,224.1,LOW,25.0
Early Blight,1,31.2,67.9,13.2,460.9,LOW,35.0
Late Blight,1,31.2,67.9,13.2,460.9,LOW,10.0
Fusarium Wilt,1,31.2,67.9,13.2,460.9,LOW,15.0
Early Blight,1,25.2,67.7,33.2,1040.9,LOW,35.0
Late Blight,1,25.2,67.7,33.2,1040.9,LOW,25.0
Fusarium Wilt,1,25.2,67.7,33.2,1040.9,LOW,25.0
Early Blight,1,19.1,97.9,49.3,215.7,LOW,35.0
Late Blight,1,19.1,97.9,49.3,215.7,MEDIUM,55.0
Fusarium Wilt,2,19.1,97.9,49.3,215.7,LOW,25.0
Early Blight,1,28.6,36.9,84.0,1175.6,LOW,22.0
Late Blight,1,28.6,36.9,84.0,1175.6,LOW,20.0
Fusarium Wilt,0,28.6,36.9,84.0,1175.6,LOW,25.0
Early Blight,0,17.8,87.0,68.0,406.4,LOW,25.0
Late Blight,1,17.8,87.0,68.0,406.4,MEDIUM,55.0
Fusarium Wilt,0,17.8,87.0,68.0,406.4,LOW,25.0
Early Blight,1,24.2,62.4,58.3,544.9,LOW,35.0
Late Blight,1,24.2,62.4,58.3,544.9,LOW,25.0
Fusarium Wilt,2,24.2,62.4,58.3,544.9,LOW,25.0
Early Blight,1,26.4,72.7,20.8,209.6,MEDIUM,52.0
Late Blight,1,26.4,72.7,20.8,209.6,LOW,25.0
Fusarium Wilt,1,26.4,72.7,20.8,209.6,LOW,15.0
Early Blight,1,30.6,40.4,59.8,206.0,LOW,22.0
Late Blight,0,30.6,40.4,59.8,206.0,LOW,10.0
Fusarium Wilt,1,30.6,40.4,59.8,206.0,MEDIUM,40.0
Early Blight,0,30.2,63.3,30.9,478.0,LOW,25.0
Late Blight,0,30.2,63.3,30.9,478.0,LOW,10.0
Fusarium Wilt,2,30.2,63.3,30.9,478.0,LOW,25.0
Early Blight,1,36.0,56.1,35.2,514.0,LOW,35.0
Late Blight,1,36.0,56.1,35.2,514.0,LOW,10.0
Fusarium Wilt,1,36.0,56.1,35.2,514.0,LOW,25.0
Early Blight,1,31.2,63.4,20.8,887.3,LOW,35.0
Late Blight,1,31.2,63.4,20.8,887.3,LOW,10.0
Fusarium Wilt,0,31.2,63.4,20.8,887.3,LOW,15.0
Early Blight,1,28.2,62.4,78.3,657.4,LOW,35.0
Late Blight,1,28.2,62.4,78.3,657.4,LOW,10.0
Fusarium Wilt,1,28.2,62.4,78.3,657.4,LOW,25.0
Early Blight,0,37.5,51.8,12.3,149.6,LOW,25.0
Late Blight,1,37.5,51.8,12.3,149.6,LOW,10.0
Fusarium Wilt,1,37.5,51.8,12.3,149.6,LOW,15.0
Early Blight,1,22.8,36.6,37.6,493.1,LOW,22.0
Late Blight,1,22.8,36.6,37.6,493.1,LOW,20.0
Fusarium Wilt,0,22.8,36.6,37.6,493.1,LOW,25.0
Early Blight,1,35.9,34.5,34.4,471.4,LOW,22.0
Late Blight,2,35.9,34.5,34.4,471.4,LOW,10.0
Fusarium Wilt,0,35.9,34.5,34.4,471.4,LOW,25.0
Early Blight,0,35.7,48.1,65.7,746.8,LOW,12.0
Late Blight,2,35.7,48.1,65.7,746.8,LOW,10.0
Fusarium Wilt,0,35.7,48.1,65.7,746.8,MEDIUM,40.0
Early Blight,0,17.3,75.9,36.9,653.0,LOW,25.0
Late Blight,1,17.3,75.9,36.9,653.0,LOW,25.0
Fusarium Wilt,2,17.3,75.9,36.9,653.0,LOW,25.0
Early Blight,0,26.4,87.6,73.0,1024.4,MEDIUM,42.0
Late Blight,2,26.4,87.6,73.0,1024.4,LOW,25.0
Fusarium Wilt,1,26.4,87.6,73.0,1024.4,LOW,25.0
Early Blight,1,20.2,80.5,17.4,1028.6,LOW,35.0
Late Blight,2,20.2,80.5,17.4,1028.6,MEDIUM,45.0
Fusarium Wilt,1,20.2,80.5,17.4,1028.6,LOW,15.0
Early Blight,0,19.8,84.1,62.1,432.0,LOW,25.0
Late Blight,1,19.8,84.1,62.1,432.0,MEDIUM,45.0
Fusarium Wilt,2,19.8,84.1,62.1,432.0,LOW,25.0
Early Blight,1,29.4,60.8,71.1,298.7,LOW,35.0
Late Blight,0,29.4,60.8,71.1,298.7,LOW,10.0
Fusarium Wilt,1,29.4,60.8,71.1,298.7,LOW,25.0
Early Blight,0,37.1,80.5,47.4,1130.9,LOW,25.0
Late Blight,0,37.1,80.5,47.4,1130.9,LOW,10.0
Fusarium Wilt,1,37.1,80.5,47.4,1130.9,MEDIUM,40.0
Early Blight,1,29.4,65.5,39.1,262.5,LOW,35.0
Late Blight,1,29.4,65.5,39.1,262.5,LOW,20.0
Fusarium Wilt,2,29.4,65.5,39.1,262.5,LOW,25.0
Early Blight,0,34.1,34.4,26.3,553.7,LOW,12.0
Late Blight,1,34.1,34.4,26.3,553.7,LOW,20.0
Fusarium Wilt,1,34.1,34.4,26.3,553.7,LOW,25.0
Early Blight,1,17.6,43.1,29.6,1010.0,LOW,22.0
Late Blight,1,17.6,43.1,29.6,1010.0,LOW,20.0
Fusarium Wilt,1,17.6,43.1,29.6,1010.0,LOW,25.0
Early Blight,0,18.7,39.3,30.7,983.9,LOW,12.0
Late Blight,1,18.7,39.3,30.7,983.9,LOW,10.0
Fusarium Wilt,1,18.7,39.3,30.7,983.9,LOW,25.0
Early Blight,0,15.5,88.5,16.7,761.8,LOW,25.0
Late Blight,1,15.5,88.5,16.7,761.8,MEDIUM,55.0
Fusarium Wilt,1,15.5,88.5,16.7,761.8,LOW,15.0
Early Blight,1,17.1,94.1,67.9,254.6,LOW,35.0
Late Blight,0,17.1,94.1,67.9,254.6,MEDIUM,45.0
Fusarium Wilt,0,17.1,94.1,67.9,254.6,LOW,25.0
Early Blight,1,36.8,93.3,30.1,1073.0,LOW,35.0
Late Blight,1,36.8,93.3,30.1,1073.0,LOW,10.0
Fusarium Wilt,1,36.8,93.3,30.1,1073.0,LOW,25.0
Early Blight,1,24.0,80.9,28.9,565.2,MEDIUM,52.0
Late Blight,1,24.0,80.9,28.9,565.2,MEDIUM,45.0
Fusarium Wilt,2,24.0,80.9,28.9,565.2,LOW,25.0
Early Blight,1,28.6,63.3,40.0,1143.6,LOW,35.0
Late Blight,1,28.6,63.3,40.0,1143.6,LOW,10.0
Fusarium Wilt,0,28.6,63.3,40.0,1143.6,MEDIUM,40.0
Early Blight,1,36.6,54.7,67.3,1003.5,LOW,35.0
Late Blight,0,36.6,54.7,67.3,1003.5,LOW,10.0
Fusarium Wilt,0,36.6,54.7,67.3,1003.5,MEDIUM,40.0
Early Blight,0,36.6,77.0,73.1,363.6,LOW,25.0
Late Blight,1,36.6,77.0,73.1,363.6,LOW,10.0
Fusarium Wilt,1,36.6,77.0,73.1,363.6,LOW,25.0
Early Blight,0,17.8,89.0,78.6,527.3,LOW,25.0
Late Blight,1,17.8,89.0,78.6,527.3,MEDIUM,45.0
Fusarium Wilt,2,17.8,89.0,78.6,527.3,LOW,25.0
Early Blight,0,33.9,46.0,26.8,1079.3,LOW,12.0
Late Blight,0,33.9,46.0,26.8,1079.3,LOW,10.0
Fusarium Wilt,1,33.9,46.0,26.8,1079.3,LOW,25.0
Early Blight,1,15.8,88.9,75.9,1134.5,LOW,35.0
Late Blight,1,15.8,88.9,75.9,1134.5,MEDIUM,45.0
Fusarium Wilt,0,15.8,88.9,75.9,1134.5,LOW,25.0
Early Blight,1,33.9,86.1,65.9,657.0,LOW,35.0
Late Blight,0,33.9,86.1,65.9,657.0,LOW,10.0
Fusarium Wilt,1,33.9,86.1,65.9,657.0,MEDIUM,40.0
Early Blight,0,15.6,33.5,61.3,793.2,LOW,12.0
Late Blight,2,15.6,33.5,61.3,793.2,LOW,10.0
Fusarium Wilt,1,15.6,33.5,61.3,793.2,LOW,25.0
Early Blight,0,16.9,40.7,51.3,1166.6,LOW,12.0
Late Blight,0,16.9,40.7,51.3,1166.6,LOW,10.0
Fusarium Wilt,0,16.9,40.7,51.3,1166.6,LOW,25.0
Early Blight,0,22.3,62.5,68.8,386.7,LOW,25.0
Late Blight,0,22.3,62.5,68.8,386.7,LOW,25.0
Fusarium Wilt,2,22.3,62.5,68.8,386.7,LOW,25.0
Early Blight,1,19.2,89.6,85.6,1072.8,LOW,35.0
Late Blight,0,19.2,89.6,85.6,1072.8,MEDIUM,45.0
Fusarium Wilt,0,19.2,89.6,85.6,1072.8,LOW,25.0
Early Blight,1,35.9,96.2,25.9,871.4,LOW,35.0
Late Blight,2,35.9,96.2,25.9,871.4,LOW,10.0
Fusarium Wilt,2,35.9,96.2,25.9,871.4,LOW,25.0
Early Blight,1,23.5,94.4,19.4,890.4,LOW,35.0
Late Blight,1,23.5,94.4,19.4,890.4,MEDIUM,55.0
Fusarium Wilt,1,23.5,94.4,19.4,890.4,LOW,15.0
Early Blight,1,31.4,43.0,79.0,960.3,LOW,22.0
Late Blight,2,31.4,43.0,79.0,960.3,LOW,10.0
Fusarium Wilt,0,31.4,43.0,79.0,960.3,LOW,25.0
Early Blight,1,37.9,49.2,64.2,560.2,LOW,22.0
Late Blight,2,37.9,49.2,64.2,560.2,LOW,10.0
Fusarium Wilt,1,37.9,49.2,64.2,560.2,MEDIUM,40.0
Early Blight,1,35.9,55.1,64.7,604.0,LOW,35.0
Late Blight,2,35.9,55.1,64.7,604.0,LOW,10.0
Fusarium Wilt,0,35.9,55.1,64.7,604.0,MEDIUM,40.0
Early Blight,1,31.4,78.2,68.9,381.8,MEDIUM,52.0
Late Blight,2,31.4,78.2,68.9,381.8,LOW,10.0
Fusarium Wilt,1,31.4,78.2,68.9,381.8,MEDIUM,40.0
Early Blight,0,37.9,93.9,87.4,758.1,LOW,25.0
Late Blight,2,37.9,93.9,87.4,758.1,LOW,10.0
Fusarium Wilt,1,37.9,93.9,87.4,758.1,LOW,25.0
Early Blight,0,24.1,55.2,87.4,715.5,LOW,25.0
Late Blight,1,24.1,55.2,87.4,715.5,LOW,10.0
Fusarium Wilt,0,24.1,55.2,87.4,715.5,LOW,25.0
Early Blight,1,18.0,51.6,52.4,256.0,LOW,35.0
Late Blight,2,18.0,51.6,52.4,256.0,LOW,10.0
Fusarium Wilt,0,18.0,51.6,52.4,256.0,LOW,25.0
Early Blight,0,32.2,93.0,32.6,1064.6,LOW,25.0
Late Blight,1,32.2,93.0,32.6,1064.6,LOW,20.0
Fusarium Wilt,1,32.2,93.0,32.6,1064.6,LOW,25.0
Early Blight,0,22.3,97.6,71.1,266.4,LOW,25.0
Late Blight,0,22.3,97.6,71.1,266.4,MEDIUM,45.0
Fusarium Wilt,2,22.3,97.6,71.1,266.4,LOW,25.0
Early Blight,1,20.3,32.4,30.8,876.6,LOW,22.0
Late Blight,0,20.3,32.4,30.8,876.6,LOW,10.0
Fusarium Wilt,2,20.3,32.4,30.8,876.6,LOW,25.0
Early Blight,0,31.3,63.0,49.4,1030.4,LOW,25.0
Late Blight,2,31.3,63.0,49.4,1030.4,LOW,10.0
Fusarium Wilt,1,31.3,63.0,49.4,1030.4,MEDIUM,40.0
Early Blight,0,18.9,64.6,31.8,1080.0,LOW,25.0
Late Blight,0,18.9,64.6,31.8,1080.0,LOW,25.0
Fusarium Wilt,0,18.9,64.6,31.8,1080.0,LOW,25.0
Early Blight,0,24.6,35.2,71.5,844.6,LOW,12.0
Late Blight,1,24.6,35.2,71.5,844.6,LOW,10.0
Fusarium Wilt,1,24.6,35.2,71.5,844.6,LOW,25.0
Early Blight,1,28.6,94.7,77.0,269.2,MEDIUM,52.0
Late Blight,0,28.6,94.7,77.0,269.2,LOW,10.0
Fusarium Wilt,1,28.6,94.7,77.0,269.2,LOW,25.0
Early Blight,0,28.7,30.4,87.6,821.8,LOW,12.0
Late Blight,1,28.7,30.4,87.6,821.8,LOW,10.0
Fusarium Wilt,0,28.7,30.4,87.6,821.8,LOW,25.0
Early Blight,1,28.1,44.4,13.9,808.0,LOW,22.0
Late Blight,2,28.1,44.4,13.9,808.0,LOW,10.0
Fusarium Wilt,1,28.1,44.4,13.9,808.0,LOW,15.0
Early Blight,1,24.2,42.1,87.2,1052.1,LOW,22.0
Late Blight,1,24.2,42.1,87.2,1052.1,LOW,20.0
Fusarium Wilt,1,24.2,42.1,87.2,1052.1,LOW,25.0
Early Blight,1,32.3,74.5,19.6,639.9,LOW,35.0
Late Blight,1,32.3,74.5,19.6,639.9,LOW,20.0
Fusarium Wilt,1,32.3,74.5,19.6,639.9,LOW,15.0
Early Blight,0,30.3,86.6,51.0,638.6,MEDIUM,42.0
Late Blight,1,30.3,86.6,51.0,638.6,LOW,10.0
Fusarium Wilt,1,30.3,86.6,51.0,638.6,MEDIUM,40.0
Early Blight,1,33.7,71.7,44.7,568.6,LOW,35.0
Late Blight,2,33.7,71.7,44.7,568.6,LOW,10.0
Fusarium Wilt,1,33.7,71.7,44.7,568.6,MEDIUM,40.0
Early Blight,1,18.6,63.7,60.4,677.1,LOW,35.0
Late Blight,1,18.6,63.7,60.4,677.1,LOW,25.0
Fusarium Wilt,2,18.6,63.7,60.4,677.1,LOW,25.0
Early Blight,1,17.9,91.4,77.3,675.4,LOW,35.0
Late Blight,2,17.9,91.4,77.3,675.4,MEDIUM,45.0
Fusarium Wilt,2,17.9,91.4,77.3,675.4,LOW,25.0
Early Blight,1,24.8,36.4,62.9,725.3,LOW,22.0
Late Blight,2,24.8,36.4,62.9,725.3,LOW,10.0
Fusarium Wilt,1,24.8,36.4,62.9,725.3,LOW,25.0
Early Blight,1,30.2,42.2,24.6,532.3,LOW,22.0
Late Blight,1,30.2,42.2,24.6,532.3,LOW,20.0
Fusarium Wilt,1,30.2,42.2,24.6,532.3,LOW,15.0
Early Blight,0,30.4,72.4,31.2,1163.4,MEDIUM,42.0
Late Blight,2,30.4,72.4,31.2,1163.4,LOW,10.0
Fusarium Wilt,0,30.4,72.4,31.2,1163.4,LOW,25.0
Early Blight,1,35.0,37.2,52.8,106.4,LOW,22.0
Late Blight,2,35.0,37.2,52.8,106.4,LOW,10.0
Fusarium Wilt,0,35.0,37.2,52.8,106.4,MEDIUM,40.0
Early Blight,0,37.2,70.9,48.9,780.3,LOW,25.0
Late Blight,1,37.2,70.9,48.9,780.3,LOW,10.0
Fusarium Wilt,1,37.2,70.9,48.9,780.3,MEDIUM,40.0
Early Blight,1,22.0,38.5,11.1,223.1,LOW,22.0
Late Blight,0,22.0,38.5,11.1,223.1,LOW,10.0
Fusarium Wilt,1,22.0,38.5,11.1,223.1,LOW,15.0
Early Blight,1,29.9,59.6,60.1,969.0,LOW,35.0
Late Blight,2,29.9,59.6,60.1,969.0,LOW,10.0
Fusarium Wilt,2,29.9,59.6,60.1,969.0,MEDIUM,40.0
Early Blight,1,18.8,40.4,66.2,1160.3,LOW,22.0
Late Blight,0,18.8,40.4,66.2,1160.3,LOW,10.0
Fusarium Wilt,1,18.8,40.4,66.2,1160.3,LOW,25.0
Early Blight,0,34.2,33.5,10.6,793.5,LOW,12.0
Late Blight,0,34.2,33.5,10.6,793.5,LOW,10.0
Fusarium Wilt,0,34.2,33.5,10.6,793.5,LOW,15.0
Early Blight,0,27.7,49.8,49.0,634.7,LOW,12.0
Late Blight,0,27.7,49.8,49.0,634.7,LOW,10.0
Fusarium Wilt,1,27.7,49.8,49.0,634.7,MEDIUM,40.0
Early Blight,1,31.4,65.9,43.8,447.4,LOW,35.0
Late Blight,1,31.4,65.9,43.8,447.4,LOW,20.0
Fusarium Wilt,2,31.4,65.9,43.8,447.4,MEDIUM,40.0
Early Blight,1,36.6,53.6,65.8,122.9,LOW,35.0
Late Blight,2,36.6,53.6,65.8,122.9,LOW,10.0
Fusarium Wilt,2,36.6,53.6,65.8,122.9,MEDIUM,40.0
Early Blight,0,35.9,53.1,58.2,1026.7,LOW,25.0
Late Blight,2,35.9,53.1,58.2,1026.7,LOW,10.0
Fusarium Wilt,0,35.9,53.1,58.2,1026.7,MEDIUM,40.0
Early Blight,0,34.2,75.8,68.8,975.6,LOW,25.0
Late Blight,0,34.2,75.8,68.8,975.6,LOW,10.0
Fusarium Wilt,1,34.2,75.8,68.8,975.6,MEDIUM,40.0
Early Blight,1,30.3,38.8,26.0,766.3,LOW,22.0
Late Blight,1,30.3,38.8,26.0,766.3,LOW,10.0
Fusarium Wilt,2,30.3,38.8,26.0,766.3,LOW,25.0
Early Blight,1,16.1,31.2,80.5,492.7,LOW,22.0
Late Blight,0,16.1,31.2,80.5,492.7,LOW,10.0
Fusarium Wilt,2,16.1,31.2,80.5,492.7,LOW,25.0
Early Blight,1,24.9,72.0,19.7,346.5,MEDIUM,52.0
Late Blight,2,24.9,72.0,19.7,346.5,LOW,25.0
Fusarium Wilt,1,24.9,72.0,19.7,346.5,LOW,15.0
Early Blight,0,21.2,40.3,65.2,666.9,LOW,12.0
Late Blight,0,21.2,40.3,65.2,666.9,LOW,10.0
Fusarium Wilt,2,21.2,40.3,65.2,666.9,LOW,25.0
Early Blight,0,34.4,37.5,18.5,771.6,LOW,12.0
Late Blight,0,34.4,37.5,18.5,771.6,LOW,10.0
Fusarium Wilt,2,34.4,37.5,18.5,771.6,LOW,15.0
Early Blight,1,29.5,89.2,82.9,272.7,MEDIUM,52.0
Late Blight,1,29.5,89.2,82.9,272.7,LOW,10.0
Fusarium Wilt,1,29.5,89.2,82.9,272.7,LOW,25.0
Early Blight,1,29.9,52.8,21.0,1033.5,LOW,35.0
Late Blight,1,29.9,52.8,21.0,1033.5,LOW,10.0
Fusarium Wilt,1,29.9,52.8,21.0,1033.5,LOW,15.0
Early Blight,0,22.9,64.3,16.8,509.7,LOW,25.0
Late Blight,1,22.9,64.3,16.8,509.7,LOW,25.0
Fusarium Wilt,1,22.9,64.3,16.8,509.7,LOW,15.0
Early Blight,1,24.7,45.5,74.1,554.8,LOW,22.0
Late Blight,1,24.7,45.5,74.1,554.8,LOW,10.0
Fusarium Wilt,1,24.7,45.5,74.1,554.8,LOW,25.0
Early Blight,0,15.7,39.9,10.8,986.9,LOW,12.0
Late Blight,2,15.7,39.9,10.8,986.9,LOW,10.0
Fusarium Wilt,1,15.7,39.9,10.8,986.9,LOW,15.0
Early Blight,0,16.4,81.6,62.8,805.6,LOW,25.0
Late Blight,1,16.4,81.6,62.8,805.6,MEDIUM,45.0
Fusarium Wilt,0,16.4,81.6,62.8,805.6,LOW,25.0
Early Blight,0,27.0,50.1,42.2,849.0,LOW,25.0
Late Blight,1,27.0,50.1,42.2,849.0,LOW,10.0
Fusarium Wilt,1,27.0,50.1,42.2,849.0,MEDIUM,40.0
Early Blight,1,21.4,65.9,83.6,870.3,LOW,35.0
Late Blight,1,21.4,65.9,83.6,870.3,LOW,25.0
Fusarium Wilt,0,21.4,65.9,83.6,870.3,LOW,25.0
Early Blight,1,31.0,90.4,72.5,545.0,MEDIUM,52.0
Late Blight,2,31.0,90.4,72.5,545.0,LOW,10.0
Fusarium Wilt,1,31.0,90.4,72.5,545.0,LOW,25.0
Early Blight,1,32.0,38.6,89.4,412.3,LOW,22.0
Late Blight,0,32.0,38.6,89.4,412.3,LOW,10.0
Fusarium Wilt,1,32.0,38.6,89.4,412.3,LOW,25.0
Early Blight,0,15.6,84.2,57.4,365.5,LOW,25.0
Late Blight,0,15.6,84.2,57.4,365.5,MEDIUM,45.0
Fusarium Wilt,2,15.6,84.2,57.4,365.5,LOW,25.0
Early Blight,0,23.6,72.6,38.4,152.5,LOW,25.0
Late Blight,2,23.6,72.6,38.4,152.5,LOW,25.0
Fusarium Wilt,1,23.6,72.6,38.4,152.5,LOW,25.0
Early Blight,0,37.6,84.8,89.1,722.2,LOW,25.0
Late Blight,0,37.6,84.8,89.1,722.2,LOW,10.0
Fusarium Wilt,1,37.6,84.8,89.1,722.2,LOW,25.0
Early Blight,0,21.5,83.4,67.2,839.7,LOW,25.0
Late Blight,1,21.5,83.4,67.2,839.7,MEDIUM,55.0
Fusarium Wilt,1,21.5,83.4,67.2,839.7,LOW,25.0
Early Blight,0,33.9,54.6,17.8,882.8,LOW,25.0
Late Blight,2,33.9,54.6,17.8,882.8,LOW,10.0
Fusarium Wilt,1,33.9,54.6,17.8,882.8,LOW,15.0
Early Blight,0,25.3,55.1,52.1,747.1,LOW,25.0
Late Blight,2,25.3,55.1,52.1,747.1,LOW,10.0
Fusarium Wilt,2,25.3,55.1,52.1,747.1,MEDIUM,40.0
Early Blight,0,25.1,93.3,49.2,1170.6,MEDIUM,42.0
Late Blight,2,25.1,93.3,49.2,1170.6,LOW,25.0
Fusarium Wilt,1,25.1,93.3,49.2,1170.6,MEDIUM,40.0
Early Blight,1,31.2,88.7,19.4,333.9,MEDIUM,52.0
Late Blight,0,31.2,88.7,19.4,333.9,LOW,10.0
Fusarium Wilt,1,31.2,88.7,19.4,333.9,LOW,15.0
Early Blight,1,28.8,57.8,19.7,728.9,LOW,35.0
Late Blight,2,28.8,57.8,19.7,728.9,LOW,10.0
Fusarium Wilt,1,28.8,57.8,19.7,728.9,LOW,15.0
Early Blight,1,26.2,83.8,21.4,748.6,MEDIUM,52.0
Late Blight,0,26.2,83.8,21.4,748.6,LOW,25.0
Fusarium Wilt,1,26.2,83.8,21.4,748.6,LOW,15.0
Early Blight,1,26.2,38.3,37.9,1057.5,LOW,22.0
Late Blight,0,26.2,38.3,37.9,1057.5,LOW,10.0
Fusarium Wilt,0,26.2,38.3,37.9,1057.5,LOW,25.0
Early Blight,0,25.9,79.0,58.5,938.1,MEDIUM,42.0
Late Blight,2,25.9,79.0,58.5,938.1,LOW,25.0
Fusarium Wilt,1,25.9,79.0,58.5,938.1,MEDIUM,40.0
Early Blight,1,22.5,84.4,63.2,550.6,LOW,35.0
Late Blight,1,22.5,84.4,63.2,550.6,MEDIUM,45.0
Fusarium Wilt,0,22.5,84.4,63.2,550.6,LOW,25.0
Early Blight,0,31.9,73.9,79.3,877.9,MEDIUM,42.0
Late Blight,0,31.9,73.9,79.3,877.9,LOW,10.0
Fusarium Wilt,1,31.9,73.9,79.3,877.9,LOW,25.0
Early Blight,1,27.9,43.1,59.5,734.5,LOW,22.0
Late Blight,1,27.9,43.1,59.5,734.5,LOW,20.0
Fusarium Wilt,1,27.9,43.1,59.5,734.5,MEDIUM,40.0
Early Blight,0,17.8,93.7,24.4,120.9,LOW,25.0
Late Blight,1,17.8,93.7,24.4,120.9,MEDIUM,45.0
Fusarium Wilt,1,17.8,93.7,24.4,120.9,LOW,15.0
Early Blight,0,33.6,71.3,42.1,149.5,LOW,25.0
Late Blight,2,33.6,71.3,42.1,149.5,LOW,10.0
Fusarium Wilt,1,33.6,71.3,42.1,149.5,MEDIUM,40.0
Early Blight,1,22.3,47.5,19.2,209.3,LOW,22.0
Late Blight,2,22.3,47.5,19.2,209.3,LOW,10.0
Fusarium Wilt,2,22.3,47.5,19.2,209.3,LOW,15.0
Early Blight,1,24.4,41.5,59.2,457.8,LOW,22.0
Late Blight,2,24.4,41.5,59.2,457.8,LOW,10.0
Fusarium Wilt,2,24.4,41.5,59.2,457.8,LOW,25.0
Early Blight,1,22.5,55.5,76.2,233.1,LOW,35.0
Late Blight,0,22.5,55.5,76.2,233.1,LOW,10.0
Fusarium Wilt,1,22.5,55.5,76.2,233.1,LOW,25.0
Early Blight,1,23.9,37.8,14.9,611.3,LOW,22.0
Late Blight,2,23.9,37.8,14.9,611.3,LOW,10.0
Fusarium Wilt,1,23.9,37.8,14.9,611.3,LOW,15.0
Early Blight,0,21.2,95.5,64.0,370.9,LOW,25.0
Late Blight,1,21.2,95.5,64.0,370.9,MEDIUM,55.0
Fusarium Wilt,2,21.2,95.5,64.0,370.9,LOW,25.0
Early Blight,0,29.6,43.8,87.4,510.6,LOW,12.0
Late Blight,0,29.6,43.8,87.4,510.6,LOW,10.0
Fusarium Wilt,1,29.6,43.8,87.4,510.6,LOW,25.0
Early Blight,1,25.4,30.1,47.2,1012.3,LOW,22.0
Late Blight,1,25.4,30.1,47.2,1012.3,LOW,20.0
Fusarium Wilt,1,25.4,30.1,47.2,1012.3,MEDIUM,40.0
Early Blight,0,28.8,87.1,40.4,486.6,MEDIUM,42.0
Late Blight,0,28.8,87.1,40.4,486.6,LOW,10.0
Fusarium Wilt,1,28.8,87.1,40.4,486.6,MEDIUM,40.0
Early Blight,1,28.0,50.4,41.6,235.3,LOW,35.0
Late Blight,1,28.0,50.4,41.6,235.3,LOW,20.0
Fusarium Wilt,1,28.0,50.4,41.6,235.3,MEDIUM,40.0
Early Blight,1,37.0,51.6,64.6,476.9,LOW,35.0
Late Blight,1,37.0,51.6,64.6,476.9,LOW,20.0
Fusarium Wilt,1,37.0,51.6,64.6,476.9,MEDIUM,40.0
Early Blight,0,22.9,61.3,58.0,117.5,LOW,25.0
Late Blight,1,22.9,61.3,58.0,117.5,LOW,35.0
Fusarium Wilt,1,22.9,61.3,58.0,117.5,LOW,25.0
Early Blight,0,30.5,58.1,81.6,873.6,LOW,25.0
Late Blight,0,30.5,58.1,81.6,873.6,LOW,10.0
Fusarium Wilt,1,30.5,58.1,81.6,873.6,LOW,25.0
Early Blight,1,15.7,86.6,63.7,839.5,LOW,35.0
Late Blight,0,15.7,86.6,63.7,839.5,MEDIUM,45.0
Fusarium Wilt,2,15.7,86.6,63.7,839.5,LOW,25.0
Early Blight,0,32.7,77.4,10.7,609.0,LOW,25.0
Late Blight,2,32.7,77.4,10.7,609.0,LOW,10.0
Fusarium Wilt,2,32.7,77.4,10.7,609.0,LOW,15.0
Early Blight,1,36.2,54.3,17.2,774.8,LOW,35.0
Late Blight,1,36.2,54.3,17.2,774.8,LOW,20.0
Fusarium Wilt,2,36.2,54.3,17.2,774.8,LOW,15.0
Early Blight,1,21.5,91.5,66.6,330.0,LOW,35.0
Late Blight,1,21.5,91.5,66.6,330.0,MEDIUM,55.0
Fusarium Wilt,0,21.5,91.5,66.6,330.0,LOW,25.0
Early Blight,0,26.4,67.5,62.8,722.3,LOW,25.0
Late Blight,1,26.4,67.5,62.8,722.3,LOW,35.0
Fusarium Wilt,2,26.4,67.5,62.8,722.3,MEDIUM,40.0
Early Blight,0,21.0,68.8,28.2,675.4,LOW,25.0
Late Blight,1,21.0,68.8,28.2,675.4,LOW,25.0
Fusarium Wilt,0,21.0,68.8,28.2,675.4,LOW,25.0
Early Blight,0,27.3,47.2,54.8,599.3,LOW,12.0
Late Blight,0,27.3,47.2,54.8,599.3,LOW,10.0
Fusarium Wilt,1,27.3,47.2,54.8,599.3,MEDIUM,40.0
Early Blight,1,24.9,97.7,31.9,848.2,MEDIUM,52.0
Late Blight,1,24.9,97.7,31.9,848.2,LOW,25.0
Fusarium Wilt,1,24.9,97.7,31.9,848.2,LOW,25.0
Early Blight,1,21.4,58.6,45.9,105.7,LOW,35.0
Late Blight,1,21.4,58.6,45.9,105.7,LOW,10.0
Fusarium Wilt,1,21.4,58.6,45.9,105.7,LOW,25.0
Early Blight,1,37.5,58.8,16.0,375.0,LOW,35.0
Late Blight,1,37.5,58.8,16.0,375.0,LOW,10.0
Fusarium Wilt,2,37.5,58.8,16.0,375.0,LOW,15.0
Early Blight,1,33.6,70.3,60.1,467.7,LOW,35.0
Late Blight,2,33.6,70.3,60.1,467.7,LOW,10.0
Fusarium Wilt,2,33.6,70.3,60.1,467.7,MEDIUM,40.0
Early Blight,0,22.7,84.0,85.5,953.3,LOW,25.0
Late Blight,0,22.7,84.0,85.5,953.3,MEDIUM,45.0
Fusarium Wilt,1,22.7,84.0,85.5,953.3,LOW,25.0
Early Blight,1,16.4,32.3,35.1,1032.5,LOW,22.0
Late Blight,1,16.4,32.3,35.1,1032.5,LOW,10.0
Fusarium Wilt,2,16.4,32.3,35.1,1032.5,LOW,25.0
Early Blight,1,29.4,34.5,64.2,715.2,LOW,22.0
Late Blight,2,29.4,34.5,64.2,715.2,LOW,10.0
Fusarium Wilt,1,29.4,34.5,64.2,715.2,MEDIUM,40.0
Early Blight,0,28.8,74.9,10.8,522.3,MEDIUM,42.0
Late Blight,0,28.8,74.9,10.8,522.3,LOW,10.0
Fusarium Wilt,1,28.8,74.9,10.8,522.3,LOW,15.0
Early Blight,1,33.0,60.9,36.3,311.7,LOW,35.0
Late Blight,1,33.0,60.9,36.3,311.7,LOW,20.0
Fusarium Wilt,1,33.0,60.9,36.3,311.7,LOW,25.0
Early Blight,0,28.2,73.3,30.5,563.1,MEDIUM,42.0
Late Blight,2,28.2,73.3,30.5,563.1,LOW,10.0
Fusarium Wilt,1,28.2,73.3,30.5,563.1,LOW,25.0
Early Blight,1,22.2,59.6,86.8,929.8,LOW,35.0
Late Blight,0,22.2,59.6,86.8,929.8,LOW,10.0
Fusarium Wilt,2,22.2,59.6,86.8,929.8,LOW,25.0
Early Blight,0,22.9,55.1,10.6,745.1,LOW,25.0
Late Blight,1,22.9,55.1,10.6,745.1,LOW,10.0
Fusarium Wilt,0,22.9,55.1,10.6,745.1,LOW,15.0
Early Blight,0,24.7,43.3,26.0,1099.4,LOW,12.0
Late Blight,1,24.7,43.3,26.0,1099.4,LOW,10.0
Fusarium Wilt,0,24.7,43.3,26.0,1099.4,LOW,25.0
Early Blight,0,28.8,52.5,56.3,1159.4,LOW,25.0
Late Blight,2,28.8,52.5,56.3,1159.4,LOW,10.0
Fusarium Wilt,1,28.8,52.5,56.3,1159.4,MEDIUM,40.0
Early Blight,1,16.0,44.9,10.3,345.3,LOW,22.0
Late Blight,1,16.0,44.9,10.3,345.3,LOW,20.0
Fusarium Wilt,0,16.0,44.9,10.3,345.3,LOW,15.0
Early Blight,0,22.6,80.3,26.4,302.7,LOW,25.0
Late Blight,2,22.6,80.3,26.4,302.7,MEDIUM,45.0
Fusarium Wilt,2,22.6,80.3,26.4,302.7,LOW,25.0
Early Blight,1,21.7,43.2,56.9,942.1,LOW,22.0
Late Blight,2,21.7,43.2,56.9,942.1,LOW,10.0
Fusarium Wilt,1,21.7,43.2,56.9,942.1,LOW,25.0
Early Blight,1,31.5,53.1,54.4,296.4,LOW,35.0
Late Blight,0,31.5,53.1,54.4,296.4,LOW,10.0
Fusarium Wilt,1,31.5,53.1,54.4,296.4,MEDIUM,40.0
Early Blight,1,23.7,83.5,18.9,1129.7,LOW,35.0
Late Blight,1,23.7,83.5,18.9,1129.7,MEDIUM,45.0
Fusarium Wilt,0,23.7,83.5,18.9,1129.7,LOW,15.0
Early Blight,1,37.5,97.8,80.5,1066.2,LOW,35.0
Late Blight,1,37.5,97.8,80.5,1066.2,LOW,10.0
Fusarium Wilt,1,37.5,97.8,80.5,1066.2,LOW,25.0
Early Blight,1,23.7,55.4,58.0,1174.7,LOW,35.0
Late Blight,1,23.7,55.4,58.0,1174.7,LOW,10.0
Fusarium Wilt,1,23.7,55.4,58.0,1174.7,LOW,25.0
Early Blight,0,33.2,52.3,14.3,975.2,LOW,25.0
Late Blight,0,33.2,52.3,14.3,975.2,LOW,10.0
Fusarium Wilt,1,33.2,52.3,14.3,975.2,LOW,15.0
Early Blight,0,16.9,62.0,63.1,171.4,LOW,25.0
Late Blight,0,16.9,62.0,63.1,171.4,LOW,25.0
Fusarium Wilt,1,16.9,62.0,63.1,171.4,LOW,25.0
Early Blight,0,25.7,51.9,39.9,864.0,LOW,25.0
Late Blight,2,25.7,51.9,39.9,864.0,LOW,10.0
Fusarium Wilt,1,25.7,51.9,39.9,864.0,LOW,25.0
Early Blight,0,28.4,32.5,27.6,323.3,LOW,12.0
Late Blight,2,28.4,32.5,27.6,323.3,LOW,10.0
Fusarium Wilt,0,28.4,32.5,27.6,323.3,LOW,25.0
Early Blight,1,36.5,55.4,54.0,247.8,LOW,35.0
Late Blight,2,36.5,55.4,54.0,247.8,LOW,10.0
Fusarium Wilt,1,36.5,55.4,54.0,247.8,MEDIUM,40.0
Early Blight,0,29.3,59.0,47.4,549.8,LOW,25.0
Late Blight,2,29.3,59.0,47.4,549.8,LOW,10.0
Fusarium Wilt,2,29.3,59.0,47.4,549.8,MEDIUM,40.0
Early Blight,0,29.8,54.4,16.6,1026.9,LOW,25.0
Late Blight,0,29.8,54.4,16.6,1026.9,LOW,10.0
Fusarium Wilt,1,29.8,54.4,16.6,1026.9,LOW,15.0
Early Blight,1,16.6,32.6,26.0,316.3,LOW,22.0
Late Blight,1,16.6,32.6,26.0,316.3,LOW,10.0
Fusarium Wilt,1,16.6,32.6,26.0,316.3,LOW,25.0
Early Blight,0,31.2,97.9,89.9,927.6,MEDIUM,42.0
Late Blight,1,31.2,97.9,89.9,927.6,LOW,20.0
Fusarium Wilt,1,31.2,97.9,89.9,927.6,LOW,25.0
Early Blight,0,33.0,57.5,42.5,737.9,LOW,25.0
Late Blight,1,33.0,57.5,42.5,737.9,LOW,10.0
Fusarium Wilt,1,33.0,57.5,42.5,737.9,MEDIUM,40.0
Early Blight,0,24.1,45.4,69.9,621.9,LOW,12.0
Late Blight,0,24.1,45.4,69.9,621.9,LOW,10.0
Fusarium Wilt,1,24.1,45.4,69.9,621.9,LOW,25.0
Early Blight,0,33.2,51.3,25.0,947.1,LOW,25.0
Late Blight,2,33.2,51.3,25.0,947.1,LOW,10.0
Fusarium Wilt,1,33.2,51.3,25.0,947.1,LOW,25.0
Early Blight,0,28.3,38.7,85.5,110.6,LOW,12.0
Late Blight,1,28.3,38.7,85.5,110.6,LOW,20.0
Fusarium Wilt,1,28.3,38.7,85.5,110.6,LOW,25.0
Early Blight,1,24.3,82.9,53.0,458.7,MEDIUM,52.0
Late Blight,0,24.3,82.9,53.0,458.7,LOW,25.0
Fusarium Wilt,1,24.3,82.9,53.0,458.7,LOW,25.0
Early Blight,0,22.6,72.8,58.2,768.6,LOW,25.0
Late Blight,1,22.6,72.8,58.2,768.6,LOW,35.0
Fusarium Wilt,1,22.6,72.8,58.2,768.6,LOW,25.0
Early Blight,0,19.3,37.4,55.6,596.7,LOW,12.0
Late Blight,2,19.3,37.4,55.6,596.7,LOW,10.0
Fusarium Wilt,1,19.3,37.4,55.6,596.7,LOW,25.0
Early Blight,0,30.8,63.2,24.9,176.4,LOW,25.0
Late Blight,2,30.8,63.2,24.9,176.4,LOW,10.0
Fusarium Wilt,1,30.8,63.2,24.9,176.4,LOW,15.0
Early Blight,1,16.3,65.3,23.7,1045.7,LOW,35.0
Late Blight,2,16.3,65.3,23.7,1045.7,LOW,25.0
Fusarium Wilt,1,16.3,65.3,23.7,1045.7,LOW,15.0
Early Blight,1,16.6,94.9,79.3,242.9,LOW,35.0
Late Blight,1,16.6,94.9,79.3,242.9,MEDIUM,45.0
Fusarium Wilt,1,16.6,94.9,79.3,242.9,LOW,25.0
Early Blight,1,36.6,69.9,50.2,853.3,LOW,35.0
Late Blight,2,36.6,69.9,50.2,853.3,LOW,10.0
Fusarium Wilt,2,36.6,69.9,50.2,853.3,MEDIUM,40.0
Early Blight,1,33.6,65.8,82.8,1067.2,LOW,35.0
Late Blight,0,33.6,65.8,82.8,1067.2,LOW,10.0
Fusarium Wilt,1,33.6,65.8,82.8,1067.2,LOW,25.0
Early Blight,0,25.5,77.6,66.9,427.2,MEDIUM,42.0
Late Blight,1,25.5,77.6,66.9,427.2,LOW,35.0
Fusarium Wilt,1,25.5,77.6,66.9,427.2,MEDIUM,40.0
Early Blight,0,31.9,61.1,82.9,301.8,LOW,25.0
Late Blight,1,31.9,61.1,82.9,301.8,LOW,10.0
Fusarium Wilt,1,31.9,61.1,82.9,301.8,LOW,25.0
Early Blight,0,21.3,72.7,33.4,1107.9,LOW,25.0
Late Blight,1,21.3,72.7,33.4,1107.9,LOW,35.0
Fusarium Wilt,1,21.3,72.7,33.4,1107.9,LOW,25.0
Early Blight,0,27.7,97.7,16.1,215.7,MEDIUM,42.0
Late Blight,2,27.7,97.7,16.1,215.7,LOW,25.0
Fusarium Wilt,1,27.7,97.7,16.1,215.7,LOW,15.0
Early Blight,1,25.6,35.0,65.6,924.7,LOW,22.0
Late Blight,0,25.6,35.0,65.6,924.7,LOW,10.0
Fusarium Wilt,2,25.6,35.0,65.6,924.7,MEDIUM,40.0
Early Blight,1,17.6,92.4,36.2,923.5,LOW,35.0
Late Blight,1,17.6,92.4,36.2,923.5,MEDIUM,45.0
Fusarium Wilt,1,17.6,92.4,36.2,923.5,LOW,25.0
Early Blight,1,18.2,85.8,77.3,287.6,LOW,35.0
Late Blight,2,18.2,85.8,77.3,287.6,MEDIUM,45.0
Fusarium Wilt,1,18.2,85.8,77.3,287.6,LOW,25.0
Early Blight,1,16.8,81.9,64.2,268.8,LOW,35.0
Late Blight,2,16.8,81.9,64.2,268.8,MEDIUM,45.0
Fusarium Wilt,1,16.8,81.9,64.2,268.8,LOW,25.0
Early Blight,0,31.0,86.9,74.9,805.1,MEDIUM,42.0
Late Blight,1,31.0,86.9,74.9,805.1,LOW,20.0
Fusarium Wilt,2,31.0,86.9,74.9,805.1,LOW,25.0
Early Blight,1,15.1,82.5,71.4,1121.7,LOW,35.0
Late Blight,2,15.1,82.5,71.4,1121.7,MEDIUM,45.0
Fusarium Wilt,1,15.1,82.5,71.4,1121.7,LOW,25.0
Early Blight,0,22.8,43.1,63.5,342.6,LOW,12.0
Late Blight,0,22.8,43.1,63.5,342.6,LOW,10.0
Fusarium Wilt,2,22.8,43.1,63.5,342.6,LOW,25.0
Early Blight,1,24.6,37.3,36.2,718.3,LOW,22.0
Late Blight,1,24.6,37.3,36.2,718.3,LOW,10.0
Fusarium Wilt,1,24.6,37.3,36.2,718.3,LOW,25.0
Early Blight,1,19.9,54.2,23.9,542.4,LOW,35.0
Late Blight,2,19.9,54.2,23.9,542.4,LOW,10.0
Fusarium Wilt,1,19.9,54.2,23.9,542.4,LOW,15.0
Early Blight,1,29.9,55.1,15.4,340.4,LOW,35.0
Late Blight,0,29.9,55.1,15.4,340.4,LOW,10.0
Fusarium Wilt,1,29.9,55.1,15.4,340.4,LOW,15.0
Early Blight,0,37.8,87.8,23.7,1154.9,LOW,25.0
Late Blight,0,37.8,87.8,23.7,1154.9,LOW,10.0
Fusarium Wilt,0,37.8,87.8,23.7,1154.9,LOW,15.0
Early Blight,1,31.0,52.6,60.8,1072.4,LOW,35.0
Late Blight,1,31.0,52.6,60.8,1072.4,LOW,20.0
Fusarium Wilt,1,31.0,52.6,60.8,1072.4,MEDIUM,40.0
Early Blight,0,28.5,56.0,61.2,355.7,LOW,25.0
Late Blight,1,28.5,56.0,61.2,355.7,LOW,20.0
Fusarium Wilt,0,28.5,56.0,61.2,355.7,MEDIUM,40.0
Early Blight,1,22.1,80.2,70.6,781.7,LOW,35.0
Late Blight,2,22.1,80.2,70.6,781.7,MEDIUM,45.0
Fusarium Wilt,2,22.1,80.2,70.6,781.7,LOW,25.0
Early Blight,0,15.9,92.8,57.8,1140.5,LOW,25.0
Late Blight,2,15.9,92.8,57.8,1140.5,MEDIUM,45.0
Fusarium Wilt,0,15.9,92.8,57.8,1140.5,LOW,25.0
Early Blight,1,27.0,96.5,61.8,417.3,MEDIUM,52.0
Late Blight,1,27.0,96.5,61.8,417.3,LOW,35.0
Fusarium Wilt,1,27.0,96.5,61.8,417.3,MEDIUM,40.0
Early Blight,0,35.9,75.2,29.9,856.1,LOW,25.0
Late Blight,1,35.9,75.2,29.9,856.1,LOW,20.0
Fusarium Wilt,2,35.9,75.2,29.9,856.1,LOW,25.0
Early Blight,0,15.1,89.2,15.6,311.7,LOW,25.0
Late Blight,2,15.1,89.2,15.6,311.7,MEDIUM,45.0
Fusarium Wilt,1,15.1,89.2,15.6,311.7,LOW,15.0
Early Blight,0,34.1,93.4,28.9,186.0,LOW,25.0
Late Blight,1,34.1,93.4,28.9,186.0,LOW,10.0
Fusarium Wilt,2,34.1,93.4,28.9,186.0,LOW,25.0
Early Blight,1,20.7,49.4,45.9,799.2,LOW,22.0
Late Blight,1,20.7,49.4,45.9,799.2,LOW,20.0
Fusarium Wilt,1,20.7,49.4,45.9,799.2,LOW,25.0
Early Blight,0,18.9,60.0,50.4,908.4,LOW,25.0
Late Blight,0,18.9,60.0,50.4,908.4,LOW,25.0
Fusarium Wilt,2,18.9,60.0,50.4,908.4,LOW,25.0
Early Blight,1,34.6,81.6,83.7,754.7,LOW,35.0
Late Blight,1,34.6,81.6,83.7,754.7,LOW,20.0
Fusarium Wilt,2,34.6,81.6,83.7,754.7,LOW,25.0
Early Blight,1,23.6,71.2,15.8,250.3,LOW,35.0
Late Blight,2,23.6,71.2,15.8,250.3,LOW,25.0
Fusarium Wilt,1,23.6,71.2,15.8,250.3,LOW,15.0
Early Blight,0,31.7,63.4,84.1,1134.3,LOW,25.0
Late Blight,2,31.7,63.4,84.1,1134.3,LOW,10.0
Fusarium Wilt,0,31.7,63.4,84.1,1134.3,LOW,25.0
Early Blight,0,24.4,32.6,83.7,523.3,LOW,12.0
Late Blight,2,24.4,32.6,83.7,523.3,LOW,10.0
Fusarium Wilt,1,24.4,32.6,83.7,523.3,LOW,25.0
Early Blight,0,31.6,64.7,49.1,857.3,LOW,25.0
Late Blight,0,31.6,64.7,49.1,857.3,LOW,10.0
Fusarium Wilt,1,31.6,64.7,49.1,857.3,MEDIUM,40.0
Early Blight,0,15.8,85.3,60.5,844.1,LOW,25.0
Late Blight,1,15.8,85.3,60.5,844.1,MEDIUM,55.0
Fusarium Wilt,1,15.8,85.3,60.5,844.1,LOW,25.0
Early Blight,1,20.8,70.9,86.1,1025.7,LOW,35.0
Late Blight,0,20.8,70.9,86.1,1025.7,LOW,25.0
Fusarium Wilt,1,20.8,70.9,86.1,1025.7,LOW,25.0
Early Blight,1,28.5,91.3,51.5,307.7,MEDIUM,52.0
Late Blight,1,28.5,91.3,51.5,307.7,LOW,20.0
Fusarium Wilt,1,28.5,91.3,51.5,307.7,MEDIUM,40.0
Early Blight,0,30.1,56.0,34.6,552.8,LOW,25.0
Late Blight,1,30.1,56.0,34.6,552.8,LOW,20.0
Fusarium Wilt,0,30.1,56.0,34.6,552.8,LOW,25.0
Early Blight,1,22.9,39.7,69.9,1123.0,LOW,22.0
Late Blight,1,22.9,39.7,69.9,1123.0,LOW,10.0
Fusarium Wilt,1,22.9,39.7,69.9,1123.0,LOW,25.0
Early Blight,0,16.6,77.3,52.0,820.0,LOW,25.0
Late Blight,2,16.6,77.3,52.0,820.0,LOW,25.0
Fusarium Wilt,1,16.6,77.3,52.0,820.0,LOW,25.0
Early Blight,1,19.2,94.5,46.1,995.8,LOW,35.0
Late Blight,2,19.2,94.5,46.1,995.8,MEDIUM,45.0
Fusarium Wilt,1,19.2,94.5,46.1,995.8,LOW,25.0
Early Blight,0,35.8,57.8,60.1,786.9,LOW,25.0
Late Blight,2,35.8,57.8,60.1,786.9,LOW,10.0
Fusarium Wilt,2,35.8,57.8,60.1,786.9,MEDIUM,40.0
Early Blight,1,22.9,69.8,48.2,840.1,LOW,35.0
Late Blight,1,22.9,69.8,48.2,840.1,LOW,25.0
Fusarium Wilt,1,22.9,69.8,48.2,840.1,LOW,25.0
Early Blight,0,37.7,36.6,51.8,108.0,LOW,12.0
Late Blight,0,37.7,36.6,51.8,108.0,LOW,10.0
Fusarium Wilt,1,37.7,36.6,51.8,108.0,MEDIUM,40.0
Early Blight,0,22.8,59.2,39.7,1079.2,LOW,25.0
Late Blight,0,22.8,59.2,39.7,1079.2,LOW,10.0
Fusarium Wilt,1,22.8,59.2,39.7,1079.2,LOW,25.0
Early Blight,1,16.3,54.2,36.4,210.2,LOW,35.0
Late Blight,0,16.3,54.2,36.4,210.2,LOW,10.0
Fusarium Wilt,1,16.3,54.2,36.4,210.2,LOW,25.0
Early Blight,0,28.8,89.1,32.4,869.2,MEDIUM,42.0
Late Blight,1,28.8,89.1,32.4,869.2,LOW,10.0
Fusarium Wilt,1,28.8,89.1,32.4,869.2,LOW,25.0
Early Blight,0,24.5,42.8,88.9,1153.3,LOW,12.0
Late Blight,2,24.5,42.8,88.9,1153.3,LOW,10.0
Fusarium Wilt,1,24.5,42.8,88.9,1153.3,LOW,25.0
Early Blight,0,22.5,60.2,58.5,540.2,LOW,25.0
Late Blight,2,22.5,60.2,58.5,540.2,LOW,25.0
Fusarium Wilt,0,22.5,60.2,58.5,540.2,LOW,25.0
Early Blight,1,37.7,88.3,82.4,907.7,LOW,35.0
Late Blight,2,37.7,88.3,82.4,907.7,LOW,10.0
Fusarium Wilt,0,37.7,88.3,82.4,907.7,LOW,25.0
Early Blight,1,34.7,64.3,20.2,976.5,LOW,35.0
Late Blight,0,34.7,64.3,20.2,976.5,LOW,10.0
Fusarium Wilt,1,34.7,64.3,20.2,976.5,LOW,15.0
Early Blight,1,25.3,37.9,63.0,365.0,LOW,22.0
Late Blight,0,25.3,37.9,63.0,365.0,LOW,10.0
Fusarium Wilt,2,25.3,37.9,63.0,365.0,MEDIUM,40.0
Early Blight,0,31.5,40.9,84.3,1092.9,LOW,12.0
Late Blight,2,31.5,40.9,84.3,1092.9,LOW,10.0
Fusarium Wilt,1,31.5,40.9,84.3,1092.9,LOW,25.0
Early Blight,1,17.8,39.2,52.8,898.0,LOW,22.0
Late Blight,0,17.8,39.2,52.8,898.0,LOW,10.0
Fusarium Wilt,0,17.8,39.2,52.8,898.0,LOW,25.0
Early Blight,0,28.8,73.8,40.2,889.2,MEDIUM,42.0
Late Blight,1,28.8,73.8,40.2,889.2,LOW,10.0
Fusarium Wilt,0,28.8,73.8,40.2,889.2,MEDIUM,40.0
Early Blight,1,33.6,45.2,19.3,196.4,LOW,22.0
Late Blight,0,33.6,45.2,19.3,196.4,LOW,10.0
Fusarium Wilt,1,33.6,45.2,19.3,196.4,LOW,15.0
Early Blight,1,23.5,88.0,86.3,734.6,LOW,35.0
Late Blight,1,23.5,88.0,86.3,734.6,MEDIUM,45.0
Fusarium Wilt,0,23.5,88.0,86.3,734.6,LOW,25.0
Early Blight,0,22.4,54.8,64.3,976.2,LOW,25.0
Late Blight,1,22.4,54.8,64.3,976.2,LOW,20.0
Fusarium Wilt,1,22.4,54.8,64.3,976.2,LOW,25.0
Early Blight,1,25.6,39.8,85.4,1020.9,LOW,22.0
Late Blight,1,25.6,39.8,85.4,1020.9,LOW,10.0
Fusarium Wilt,1,25.6,39.8,85.4,1020.9,LOW,25.0
Early Blight,0,33.4,77.8,57.9,439.8,LOW,25.0
Late Blight,1,33.4,77.8,57.9,439.8,LOW,10.0
Fusarium Wilt,1,33.4,77.8,57.9,439.8,MEDIUM,40.0
Early Blight,0,34.1,63.7,66.3,514.4,LOW,25.0
Late Blight,1,34.1,63.7,66.3,514.4,LOW,10.0
Fusarium Wilt,1,34.1,63.7,66.3,514.4,MEDIUM,40.0
Early Blight,1,33.6,77.6,14.2,1052.0,LOW,35.0
Late Blight,2,33.6,77.6,14.2,1052.0,LOW,10.0
Fusarium Wilt,0,33.6,77.6,14.2,1052.0,LOW,15.0
Early Blight,0,34.5,97.4,53.8,471.2,LOW,25.0
Late Blight,0,34.5,97.4,53.8,471.2,LOW,10.0
Fusarium Wilt,1,34.5,97.4,53.8,471.2,MEDIUM,40.0
Early Blight,1,21.5,77.4,25.6,1041.9,LOW,35.0
Late Blight,1,21.5,77.4,25.6,1041.9,LOW,25.0
Fusarium Wilt,0,21.5,77.4,25.6,1041.9,LOW,25.0
Early Blight,1,34.5,78.3,46.6,280.1,LOW,35.0
Late Blight,1,34.5,78.3,46.6,280.1,LOW,20.0
Fusarium Wilt,2,34.5,78.3,46.6,280.1,MEDIUM,40.0
Early Blight,0,32.2,80.0,10.7,898.6,LOW,25.0
Late Blight,0,32.2,80.0,10.7,898.6,LOW,10.0
Fusarium Wilt,1,32.2,80.0,10.7,898.6,LOW,15.0
Early Blight,0,24.8,87.2,84.1,205.7,MEDIUM,42.0
Late Blight,2,24.8,87.2,84.1,205.7,LOW,25.0
Fusarium Wilt,0,24.8,87.2,84.1,205.7,LOW,25.0
Early Blight,1,28.6,95.9,60.2,544.4,MEDIUM,52.0
Late Blight,2,28.6,95.9,60.2,544.4,LOW,10.0
Fusarium Wilt,0,28.6,95.9,60.2,544.4,MEDIUM,40.0
Early Blight,0,30.0,55.5,65.3,974.9,LOW,25.0
Late Blight,0,30.0,55.5,65.3,974.9,LOW,10.0
Fusarium Wilt,1,30.0,55.5,65.3,974.9,MEDIUM,40.0
Early Blight,1,30.0,55.0,19.6,190.9,LOW,35.0
Late Blight,0,30.0,55.0,19.6,190.9,LOW,10.0
Fusarium Wilt,1,30.0,55.0,19.6,190.9,LOW,15.0
Early Blight,1,28.2,48.6,69.6,973.8,LOW,22.0
Late Blight,1,28.2,48.6,69.6,973.8,LOW,10.0
Fusarium Wilt,1,28.2,48.6,69.6,973.8,MEDIUM,40.0
Early Blight,1,17.3,34.3,82.7,974.7,LOW,22.0
Late Blight,1,17.3,34.3,82.7,974.7,LOW,20.0
Fusarium Wilt,0,17.3,34.3,82.7,974.7,LOW,25.0
Early Blight,0,33.7,63.2,51.5,743.2,LOW,25.0
Late Blight,1,33.7,63.2,51.5,743.2,LOW,20.0
Fusarium Wilt,0,33.7,63.2,51.5,743.2,MEDIUM,40.0
Early Blight,0,35.6,42.3,57.9,297.9,LOW,12.0
Late Blight,1,35.6,42.3,57.9,297.9,LOW,20.0
Fusarium Wilt,2,35.6,42.3,57.9,297.9,MEDIUM,40.0
Early Blight,0,18.7,68.2,78.1,138.5,LOW,25.0
Late Blight,1,18.7,68.2,78.1,138.5,LOW,35.0
Fusarium Wilt,1,18.7,68.2,78.1,138.5,LOW,25.0
Early Blight,0,36.7,30.0,34.0,1140.8,LOW,12.0
Late Blight,0,36.7,30.0,34.0,1140.8,LOW,10.0
Fusarium Wilt,1,36.7,30.0,34.0,1140.8,LOW,25.0
Early Blight,0,31.0,65.5,88.9,487.3,LOW,25.0
Late Blight,2,31.0,65.5,88.9,487.3,LOW,10.0
Fusarium Wilt,1,31.0,65.5,88.9,487.3,LOW,25.0
Early Blight,0,19.3,50.4,76.6,1153.2,LOW,25.0
Late Blight,2,19.3,50.4,76.6,1153.2,LOW,10.0
Fusarium Wilt,1,19.3,50.4,76.6,1153.2,LOW,25.0
Early Blight,1,16.7,47.3,40.5,1094.0,LOW,22.0
Late Blight,2,16.7,47.3,40.5,1094.0,LOW,10.0
Fusarium Wilt,1,16.7,47.3,40.5,1094.0,LOW,25.0
Early Blight,0,27.3,34.8,68.6,1194.9,LOW,12.0
Late Blight,2,27.3,34.8,68.6,1194.9,LOW,10.0
Fusarium Wilt,0,27.3,34.8,68.6,1194.9,MEDIUM,40.0
Early Blight,1,28.9,58.5,22.3,1191.7,LOW,35.0
Late Blight,1,28.9,58.5,22.3,1191.7,LOW,10.0
Fusarium Wilt,2,28.9,58.5,22.3,1191.7,LOW,15.0
Early Blight,1,17.5,67.3,15.3,804.2,LOW,35.0
Late Blight,2,17.5,67.3,15.3,804.2,LOW,25.0
Fusarium Wilt,1,17.5,67.3,15.3,804.2,LOW,15.0
Early Blight,1,15.2,55.6,87.5,516.5,LOW,35.0
Late Blight,1,15.2,55.6,87.5,516.5,LOW,20.0
Fusarium Wilt,1,15.2,55.6,87.5,516.5,LOW,25.0
Early Blight,0,33.9,63.3,52.3,870.5,LOW,25.0
Late Blight,0,33.9,63.3,52.3,870.5,LOW,10.0
Fusarium Wilt,1,33.9,63.3,52.3,870.5,MEDIUM,40.0
Early Blight,0,36.8,56.5,37.6,915.4,LOW,25.0
Late Blight,0,36.8,56.5,37.6,915.4,LOW,10.0
Fusarium Wilt,1,36.8,56.5,37.6,915.4,LOW,25.0
Early Blight,1,17.9,30.6,51.1,271.0,LOW,22.0
Late Blight,1,17.9,30.6,51.1,271.0,LOW,10.0
Fusarium Wilt,1,17.9,30.6,51.1,271.0,LOW,25.0
Early Blight,0,37.4,78.1,29.9,769.6,LOW,25.0
Late Blight,1,37.4,78.1,29.9,769.6,LOW,10.0
Fusarium Wilt,0,37.4,78.1,29.9,769.6,LOW,25.0
Early Blight,0,21.3,59.1,85.3,1069.5,LOW,25.0
Late Blight,1,21.3,59.1,85.3,1069.5,LOW,10.0
Fusarium Wilt,1,21.3,59.1,85.3,1069.5,LOW,25.0
Early Blight,0,22.2,36.1,16.4,902.9,LOW,12.0
Late Blight,2,22.2,36.1,16.4,902.9,LOW,10.0
Fusarium Wilt,0,22.2,36.1,16.4,902.9,LOW,15.0
Early Blight,0,26.3,89.5,87.0,566.4,MEDIUM,42.0
Late Blight,1,26.3,89.5,87.0,566.4,LOW,35.0
Fusarium Wilt,0,26.3,89.5,87.0,566.4,LOW,25.0
Early Blight,0,35.4,77.5,42.4,777.9,LOW,25.0
Late Blight,0,35.4,77.5,42.4,777.9,LOW,10.0
Fusarium Wilt,0,35.4,77.5,42.4,777.9,MEDIUM,40.0
Early Blight,0,20.6,80.3,86.1,1005.7,LOW,25.0
Late Blight,0,20.6,80.3,86.1,1005.7,MEDIUM,45.0
Fusarium Wilt,0,20.6,80.3,86.1,1005.7,LOW,25.0
Early Blight,1,30.5,90.0,51.9,347.6,MEDIUM,52.0
Late Blight,0,30.5,90.0,51.9,347.6,LOW,10.0
Fusarium Wilt,1,30.5,90.0,51.9,347.6,MEDIUM,40.0
Early Blight,1,23.7,55.4,19.1,1105.4,LOW,35.0
Late Blight,0,23.7,55.4,19.1,1105.4,LOW,10.0
Fusarium Wilt,2,23.7,55.4,19.1,1105.4,LOW,15.0
Early Blight,1,21.8,44.5,69.0,725.7,LOW,22.0
Late Blight,1,21.8,44.5,69.0,725.7,LOW,10.0
Fusarium Wilt,0,21.8,44.5,69.0,725.7,LOW,25.0
Early Blight,1,15.8,61.5,59.4,637.1,LOW,35.0
Late Blight,1,15.8,61.5,59.4,637.1,LOW,35.0
Fusarium Wilt,2,15.8,61.5,59.4,637.1,LOW,25.0
Early Blight,1,35.5,42.7,38.4,211.5,LOW,22.0
Late Blight,1,35.5,42.7,38.4,211.5,LOW,10.0
Fusarium Wilt,2,35.5,42.7,38.4,211.5,LOW,25.0
Early Blight,1,26.2,40.6,62.5,348.7,LOW,22.0
Late Blight,2,26.2,40.6,62.5,348.7,LOW,10.0
Fusarium Wilt,1,26.2,40.6,62.5,348.7,MEDIUM,40.0
Early Blight,1,17.5,59.8,77.1,278.0,LOW,35.0
Late Blight,2,17.5,59.8,77.1,278.0,LOW,10.0
Fusarium Wilt,1,17.5,59.8,77.1,278.0,LOW,25.0
Early Blight,0,19.4,32.7,41.6,918.3,LOW,12.0
Late Blight,2,19.4,32.7,41.6,918.3,LOW,10.0
Fusarium Wilt,1,19.4,32.7,41.6,918.3,LOW,25.0
Early Blight,0,21.1,58.6,54.0,979.8,LOW,25.0
Late Blight,1,21.1,58.6,54.0,979.8,LOW,10.0
Fusarium Wilt,0,21.1,58.6,54.0,979.8,LOW,25.0
Early Blight,1,36.2,87.3,41.1,220.7,LOW,35.0
Late Blight,2,36.2,87.3,41.1,220.7,LOW,10.0
Fusarium Wilt,0,36.2,87.3,41.1,220.7,MEDIUM,40.0
Early Blight,0,20.4,76.1,37.4,1174.1,LOW,25.0
Late Blight,2,20.4,76.1,37.4,1174.1,LOW,25.0
Fusarium Wilt,1,20.4,76.1,37.4,1174.1,LOW,25.0
Early Blight,0,20.7,40.4,50.9,374.4,LOW,12.0
Late Blight,0,20.7,40.4,50.9,374.4,LOW,10.0
Fusarium Wilt,1,20.7,40.4,50.9,374.4,LOW,25.0
Early Blight,0,19.6,78.0,74.8,871.3,LOW,25.0
Late Blight,1,19.6,78.0,74.8,871.3,LOW,25.0
Fusarium Wilt,0,19.6,78.0,74.8,871.3,LOW,25.0
Early Blight,0,20.3,39.0,13.1,1189.4,LOW,12.0
Late Blight,1,20.3,39.0,13.1,1189.4,LOW,10.0
Fusarium Wilt,2,20.3,39.0,13.1,1189.4,LOW,15.0
Early Blight,1,24.4,50.8,60.7,354.6,LOW,35.0
Late Blight,1,24.4,50.8,60.7,354.6,LOW,10.0
Fusarium Wilt,1,24.4,50.8,60.7,354.6,LOW,25.0
Early Blight,1,21.2,49.1,38.1,559.9,LOW,22.0
Late Blight,2,21.2,49.1,38.1,559.9,LOW,10.0
Fusarium Wilt,1,21.2,49.1,38.1,559.9,LOW,25.0
Early Blight,1,19.9,62.1,82.7,210.8,LOW,35.0
Late Blight,1,19.9,62.1,82.7,210.8,LOW,35.0
Fusarium Wilt,2,19.9,62.1,82.7,210.8,LOW,25.0
Early Blight,0,15.3,67.5,79.0,464.3,LOW,25.0
Late Blight,1,15.3,67.5,79.0,464.3,LOW,25.0
Fusarium Wilt,1,15.3,67.5,79.0,464.3,LOW,25.0
Early Blight,1,30.0,44.3,40.7,1075.9,LOW,22.0
Late Blight,1,30.0,44.3,40.7,1075.9,LOW,20.0
Fusarium Wilt,0,30.0,44.3,40.7,1075.9,MEDIUM,40.0
Early Blight,1,30.1,42.9,66.4,1118.1,LOW,22.0
Late Blight,1,30.1,42.9,66.4,1118.1,LOW,20.0
Fusarium Wilt,0,30.1,42.9,66.4,1118.1,MEDIUM,40.0
Early Blight,0,19.6,79.0,13.5,310.9,LOW,25.0
Late Blight,1,19.6,79.0,13.5,310.9,LOW,25.0
Fusarium Wilt,0,19.6,79.0,13.5,310.9,LOW,15.0
Early Blight,0,37.4,90.9,45.9,889.1,LOW,25.0
Late Blight,2,37.4,90.9,45.9,889.1,LOW,10.0
Fusarium Wilt,0,37.4,90.9,45.9,889.1,MEDIUM,40.0
Early Blight,1,15.5,70.7,65.7,241.8,LOW,35.0
Late Blight,0,15.5,70.7,65.7,241.8,LOW,25.0
Fusarium Wilt,0,15.5,70.7,65.7,241.8,LOW,25.0
Early Blight,1,24.1,76.6,79.6,1168.7,MEDIUM,52.0
Late Blight,1,24.1,76.6,79.6,1168.7,LOW,35.0
Fusarium Wilt,1,24.1,76.6,79.6,1168.7,LOW,25.0
Early Blight,0,21.2,42.5,22.8,339.6,LOW,12.0
Late Blight,0,21.2,42.5,22.8,339.6,LOW,10.0
Fusarium Wilt,1,21.2,42.5,22.8,339.6,LOW,15.0
Early Blight,0,27.1,50.6,27.6,879.1,LOW,25.0
Late Blight,2,27.1,50.6,27.6,879.1,LOW,10.0
Fusarium Wilt,2,27.1,50.6,27.6,879.1,LOW,25.0
Early Blight,0,18.4,90.1,84.2,397.5,LOW,25.0
Late Blight,1,18.4,90.1,84.2,397.5,MEDIUM,55.0
Fusarium Wilt,0,18.4,90.1,84.2,397.5,LOW,25.0
Early Blight,1,15.0,53.6,58.4,506.0,LOW,35.0
Late Blight,0,15.0,53.6,58.4,506.0,LOW,10.0
Fusarium Wilt,1,15.0,53.6,58.4,506.0,LOW,25.0
Early Blight,0,29.1,52.1,14.6,997.5,LOW,25.0
Late Blight,1,29.1,52.1,14.6,997.5,LOW,10.0
Fusarium Wilt,1,29.1,52.1,14.6,997.5,LOW,15.0
Early Blight,1,27.4,96.6,72.3,958.6,MEDIUM,52.0
Late Blight,1,27.4,96.6,72.3,958.6,LOW,35.0
Fusarium Wilt,0,27.4,96.6,72.3,958.6,LOW,25.0
Early Blight,1,29.6,67.5,75.3,342.7,LOW,35.0
Late Blight,0,29.6,67.5,75.3,342.7,LOW,10.0
Fusarium Wilt,1,29.6,67.5,75.3,342.7,LOW,25.0
Early Blight,1,20.3,79.4,39.5,1092.4,LOW,35.0
Late Blight,2,20.3,79.4,39.5,1092.4,LOW,25.0
Fusarium Wilt,1,20.3,79.4,39.5,1092.4,LOW,25.0
Early Blight,1,26.3,79.6,61.8,123.2,MEDIUM,52.0
Late Blight,2,26.3,79.6,61.8,123.2,LOW,25.0
Fusarium Wilt,1,26.3,79.6,61.8,123.2,MEDIUM,40.0
Early Blight,1,16.7,46.7,82.7,1167.4,LOW,22.0
Late Blight,0,16.7,46.7,82.7,1167.4,LOW,10.0
Fusarium Wilt,0,16.7,46.7,82.7,1167.4,LOW,25.0
Early Blight,0,23.7,31.4,76.1,939.8,LOW,12.0
Late Blight,2,23.7,31.4,76.1,939.8,LOW,10.0
Fusarium Wilt,2,23.7,31.4,76.1,939.8,LOW,25.0
Early Blight,1,29.4,30.9,87.3,1153.4,LOW,22.0
Late Blight,1,29.4,30.9,87.3,1153.4,LOW,20.0
Fusarium Wilt,1,29.4,30.9,87.3,1153.4,LOW,25.0
Early Blight,1,26.0,68.3,45.5,279.5,LOW,35.0
Late Blight,2,26.0,68.3,45.5,279.5,LOW,25.0
Fusarium Wilt,0,26.0,68.3,45.5,279.5,MEDIUM,40.0
Early Blight,0,17.8,86.1,18.2,426.4,LOW,25.0
Late Blight,1,17.8,86.1,18.2,426.4,MEDIUM,55.0
Fusarium Wilt,1,17.8,86.1,18.2,426.4,LOW,15.0
Early Blight,0,24.8,40.0,62.4,348.5,LOW,12.0
Late Blight,1,24.8,40.0,62.4,348.5,LOW,10.0
Fusarium Wilt,1,24.8,40.0,62.4,348.5,LOW,25.0
Early Blight,1,18.9,37.5,18.1,1151.4,LOW,22.0
Late Blight,1,18.9,37.5,18.1,1151.4,LOW,20.0
Fusarium Wilt,0,18.9,37.5,18.1,1151.4,LOW,15.0
Early Blight,0,35.6,71.1,24.2,683.5,LOW,25.0
Late Blight,1,35.6,71.1,24.2,683.5,LOW,20.0
Fusarium Wilt,1,35.6,71.1,24.2,683.5,LOW,15.0
Early Blight,0,33.8,53.7,18.3,1107.9,LOW,25.0
Late Blight,0,33.8,53.7,18.3,1107.9,LOW,10.0
Fusarium Wilt,1,33.8,53.7,18.3,1107.9,LOW,15.0
Early Blight,1,15.1,93.5,21.9,821.4,LOW,35.0
Late Blight,1,15.1,93.5,21.9,821.4,MEDIUM,45.0
Fusarium Wilt,1,15.1,93.5,21.9,821.4,LOW,15.0
Early Blight,1,16.5,69.3,86.8,406.3,LOW,35.0
Late Blight,1,16.5,69.3,86.8,406.3,LOW,35.0
Fusarium Wilt,2,16.5,69.3,86.8,406.3,LOW,25.0
Early Blight,1,24.7,77.2,43.1,972.9,MEDIUM,52.0
Late Blight,0,24.7,77.2,43.1,972.9,LOW,25.0
Fusarium Wilt,2,24.7,77.2,43.1,972.9,LOW,25.0
Early Blight,1,26.4,66.3,52.6,1003.5,LOW,35.0
Late Blight,1,26.4,66.3,52.6,1003.5,LOW,35.0
Fusarium Wilt,0,26.4,66.3,52.6,1003.5,MEDIUM,40.0
Early Blight,0,32.2,77.8,28.8,103.2,LOW,25.0
Late Blight,1,32.2,77.8,28.8,103.2,LOW,10.0
Fusarium Wilt,0,32.2,77.8,28.8,103.2,LOW,25.0
Early Blight,0,16.4,53.8,77.9,1053.4,LOW,25.0
Late Blight,2,16.4,53.8,77.9,1053.4,LOW,10.0
Fusarium Wilt,0,16.4,53.8,77.9,1053.4,LOW,25.0
Early Blight,1,36.0,46.5,76.2,161.5,LOW,22.0
Late Blight,0,36.0,46.5,76.2,161.5,LOW,10.0
Fusarium Wilt,2,36.0,46.5,76.2,161.5,LOW,25.0
Early Blight,1,37.2,55.3,66.1,829.0,LOW,35.0
Late Blight,0,37.2,55.3,66.1,829.0,LOW,10.0
Fusarium Wilt,2,37.2,55.3,66.1,829.0,MEDIUM,40.0
Early Blight,1,16.8,35.2,55.5,995.1,LOW,22.0
Late Blight,1,16.8,35.2,55.5,995.1,LOW,10.0
Fusarium Wilt,0,16.8,35.2,55.5,995.1,LOW,25.0
Early Blight,0,21.9,58.0,37.0,959.5,LOW,25.0
Late Blight,2,21.9,58.0,37.0,959.5,LOW,10.0
Fusarium Wilt,1,21.9,58.0,37.0,959.5,LOW,25.0
Early Blight,0,32.3,64.2,10.9,1015.9,LOW,25.0
Late Blight,0,32.3,64.2,10.9,1015.9,LOW,10.0
Fusarium Wilt,0,32.3,64.2,10.9,1015.9,LOW,15.0
Early Blight,0,26.5,78.2,43.9,272.5,MEDIUM,42.0
Late Blight,0,26.5,78.2,43.9,272.5,LOW,25.0
Fusarium Wilt,2,26.5,78.2,43.9,272.5,MEDIUM,40.0
Early Blight,0,29.2,44.9,24.7,920.6,LOW,12.0
Late Blight,0,29.2,44.9,24.7,920.6,LOW,10.0
Fusarium Wilt,2,29.2,44.9,24.7,920.6,LOW,15.0
Early Blight,0,29.8,86.3,23.2,983.7,MEDIUM,42.0
Late Blight,2,29.8,86.3,23.2,983.7,LOW,10.0
Fusarium Wilt,1,29.8,86.3,23.2,983.7,LOW,15.0
Early Blight,1,34.5,31.9,32.6,695.7,LOW,22.0
Late Blight,0,34.5,31.9,32.6,695.7,LOW,10.0
Fusarium Wilt,1,34.5,31.9,32.6,695.7,LOW,25.0
Early Blight,0,29.7,32.2,31.5,1174.3,LOW,12.0
Late Blight,0,29.7,32.2,31.5,1174.3,LOW,10.0
Fusarium Wilt,2,29.7,32.2,31.5,1174.3,LOW,25.0
Early Blight,1,36.7,30.6,38.5,410.6,LOW,22.0
Late Blight,1,36.7,30.6,38.5,410.6,LOW,10.0
Fusarium Wilt,0,36.7,30.6,38.5,410.6,LOW,25.0
Early Blight,1,31.2,36.6,42.6,915.6,LOW,22.0
Late Blight,1,31.2,36.6,42.6,915.6,LOW,20.0
Fusarium Wilt,1,31.2,36.6,42.6,915.6,MEDIUM,40.0
Early Blight,1,28.5,87.9,33.2,266.7,MEDIUM,52.0
Late Blight,1,28.5,87.9,33.2,266.7,LOW,20.0
Fusarium Wilt,0,28.5,87.9,33.2,266.7,LOW,25.0
Early Blight,0,33.6,74.5,71.5,277.2,LOW,25.0
Late Blight,0,33.6,74.5,71.5,277.2,LOW,10.0
Fusarium Wilt,0,33.6,74.5,71.5,277.2,LOW,25.0
Early Blight,0,22.9,83.4,37.1,496.3,LOW,25.0
Late Blight,1,22.9,83.4,37.1,496.3,MEDIUM,45.0
Fusarium Wilt,1,22.9,83.4,37.1,496.3,LOW,25.0
Early Blight,0,19.8,71.5,16.0,267.6,LOW,25.0
Late Blight,1,19.8,71.5,16.0,267.6,LOW,25.0
Fusarium Wilt,1,19.8,71.5,16.0,267.6,LOW,15.0
Early Blight,1,27.6,95.9,72.5,195.9,MEDIUM,52.0
Late Blight,1,27.6,95.9,72.5,195.9,LOW,25.0
Fusarium Wilt,2,27.6,95.9,72.5,195.9,LOW,25.0
Early Blight,1,23.4,36.1,24.3,949.1,LOW,22.0
Late Blight,2,23.4,36.1,24.3,949.1,LOW,10.0
Fusarium Wilt,0,23.4,36.1,24.3,949.1,LOW,15.0
Early Blight,0,18.2,38.4,55.5,143.6,LOW,12.0
Late Blight,1,18.2,38.4,55.5,143.6,LOW,10.0
Fusarium Wilt,1,18.2,38.4,55.5,143.6,LOW,25.0
Early Blight,0,23.4,87.4,86.2,511.1,LOW,25.0
Late Blight,1,23.4,87.4,86.2,511.1,MEDIUM,55.0
Fusarium Wilt,0,23.4,87.4,86.2,511.1,LOW,25.0
Early Blight,0,29.3,73.8,69.3,369.3,MEDIUM,42.0
Late Blight,1,29.3,73.8,69.3,369.3,LOW,10.0
Fusarium Wilt,2,29.3,73.8,69.3,369.3,MEDIUM,40.0
Early Blight,1,24.2,35.0,41.1,608.5,LOW,22.0
Late Blight,1,24.2,35.0,41.1,608.5,LOW,10.0
Fusarium Wilt,1,24.2,35.0,41.1,608.5,LOW,25.0
Early Blight,0,17.0,79.8,83.4,1114.7,LOW,25.0
Late Blight,2,17.0,79.8,83.4,1114.7,LOW,25.0
Fusarium Wilt,1,17.0,79.8,83.4,1114.7,LOW,25.0
Early Blight,1,26.2,77.8,48.1,406.2,MEDIUM,52.0
Late Blight,2,26.2,77.8,48.1,406.2,LOW,25.0
Fusarium Wilt,1,26.2,77.8,48.1,406.2,MEDIUM,40.0
Early Blight,1,15.7,70.9,40.4,1130.1,LOW,35.0
Late Blight,2,15.7,70.9,40.4,1130.1,LOW,25.0
Fusarium Wilt,1,15.7,70.9,40.4,1130.1,LOW,25.0
Early Blight,1,36.9,76.5,31.6,799.3,LOW,35.0
Late Blight,2,36.9,76.5,31.6,799.3,LOW,10.0
Fusarium Wilt,1,36.9,76.5,31.6,799.3,LOW,25.0
Early Blight,0,35.0,65.7,63.6,385.4,LOW,25.0
Late Blight,1,35.0,65.7,63.6,385.4,LOW,10.0
Fusarium Wilt,1,35.0,65.7,63.6,385.4,MEDIUM,40.0
Early Blight,0,18.8,53.8,43.5,623.0,LOW,25.0
Late Blight,1,18.8,53.8,43.5,623.0,LOW,10.0
Fusarium Wilt,1,18.8,53.8,43.5,623.0,LOW,25.0
Early Blight,1,24.0,30.7,72.6,756.8,LOW,22.0
Late Blight,0,24.0,30.7,72.6,756.8,LOW,10.0
Fusarium Wilt,1,24.0,30.7,72.6,756.8,LOW,25.0
Early Blight,1,36.6,80.5,68.9,448.2,LOW,35.0
Late Blight,2,36.6,80.5,68.9,448.2,LOW,10.0
Fusarium Wilt,1,36.6,80.5,68.9,448.2,MEDIUM,40.0
Early Blight,1,37.3,57.6,51.7,104.0,LOW,35.0
Late Blight,1,37.3,57.6,51.7,104.0,LOW,20.0
Fusarium Wilt,1,37.3,57.6,51.7,104.0,MEDIUM,40.0
Early Blight,0,17.2,44.9,88.3,562.2,LOW,12.0
Late Blight,2,17.2,44.9,88.3,562.2,LOW,10.0
Fusarium Wilt,1,17.2,44.9,88.3,562.2,LOW,25.0
Early Blight,1,37.4,69.2,11.1,995.2,LOW,35.0
Late Blight,0,37.4,69.2,11.1,995.2,LOW,10.0
Fusarium Wilt,0,37.4,69.2,11.1,995.2,LOW,15.0
Early Blight,0,29.9,61.0,42.8,487.4,LOW,25.0
Late Blight,0,29.9,61.0,42.8,487.4,LOW,10.0
Fusarium Wilt,2,29.9,61.0,42.8,487.4,MEDIUM,40.0
Early Blight,1,24.9,42.0,57.6,697.0,LOW,22.0
Late Blight,0,24.9,42.0,57.6,697.0,LOW,10.0
Fusarium Wilt,2,24.9,42.0,57.6,697.0,LOW,25.0
Early Blight,0,29.3,92.9,78.6,1194.9,MEDIUM,42.0
Late Blight,1,29.3,92.9,78.6,1194.9,LOW,10.0
Fusarium Wilt,1,29.3,92.9,78.6,1194.9,LOW,25.0
Early Blight,1,26.4,81.1,84.2,209.7,MEDIUM,52.0
Late Blight,1,26.4,81.1,84.2,209.7,LOW,35.0
Fusarium Wilt,2,26.4,81.1,84.2,209.7,LOW,25.0
Early Blight,1,20.1,60.9,40.5,315.1,LOW,35.0
Late Blight,1,20.1,60.9,40.5,315.1,LOW,25.0
Fusarium Wilt,1,20.1,60.9,40.5,315.1,LOW,25.0
Early Blight,1,33.9,77.9,69.3,108.4,LOW,35.0
Late Blight,2,33.9,77.9,69.3,108.4,LOW,10.0
Fusarium Wilt,1,33.9,77.9,69.3,108.4,MEDIUM,40.0
Early Blight,0,34.3,84.1,43.2,365.7,LOW,25.0
Late Blight,2,34.3,84.1,43.2,365.7,LOW,10.0
Fusarium Wilt,2,34.3,84.1,43.2,365.7,MEDIUM,40.0
Early Blight,0,33.8,85.8,58.0,468.6,LOW,25.0
Late Blight,1,33.8,85.8,58.0,468.6,LOW,20.0
Fusarium Wilt,1,33.8,85.8,58.0,468.6,MEDIUM,40.0
Early Blight,1,29.8,86.3,74.1,735.6,MEDIUM,52.0
Late Blight,0,29.8,86.3,74.1,735.6,LOW,10.0
Fusarium Wilt,1,29.8,86.3,74.1,735.6,LOW,25.0
Early Blight,0,26.9,59.7,18.0,981.3,LOW,25.0
Late Blight,0,26.9,59.7,18.0,981.3,LOW,10.0
Fusarium Wilt,0,26.9,59.7,18.0,981.3,LOW,15.0
Early Blight,1,21.0,67.6,85.9,324.1,LOW,35.0
Late Blight,1,21.0,67.6,85.9,324.1,LOW,25.0
Fusarium Wilt,1,21.0,67.6,85.9,324.1,LOW,25.0
Early Blight,0,31.3,92.6,16.3,520.6,MEDIUM,42.0
Late Blight,2,31.3,92.6,16.3,520.6,LOW,10.0
Fusarium Wilt,1,31.3,92.6,16.3,520.6,LOW,15.0
Early Blight,1,20.5,91.1,33.8,689.0,LOW,35.0
Late Blight,0,20.5,91.1,33.8,689.0,MEDIUM,45.0
Fusarium Wilt,0,20.5,91.1,33.8,689.0,LOW,25.0
Early Blight,0,21.3,93.6,60.2,802.2,LOW,25.0
Late Blight,2,21.3,93.6,60.2,802.2,MEDIUM,45.0
Fusarium Wilt,1,21.3,93.6,60.2,802.2,LOW,25.0
Early Blight,1,21.5,90.8,17.4,643.7,LOW,35.0
Late Blight,1,21.5,90.8,17.4,643.7,MEDIUM,55.0
Fusarium Wilt,2,21.5,90.8,17.4,643.7,LOW,15.0
Early Blight,1,16.7,95.2,16.1,856.1,LOW,35.0
Late Blight,1,16.7,95.2,16.1,856.1,MEDIUM,45.0
Fusarium Wilt,1,16.7,95.2,16.1,856.1,LOW,15.0
Early Blight,1,15.2,42.2,55.4,767.3,LOW,22.0
Late Blight,0,15.2,42.2,55.4,767.3,LOW,10.0
Fusarium Wilt,1,15.2,42.2,55.4,767.3,LOW,25.0
Early Blight,1,27.6,40.8,69.3,1119.2,LOW,22.0
Late Blight,2,27.6,40.8,69.3,1119.2,LOW,10.0
Fusarium Wilt,1,27.6,40.8,69.3,1119.2,MEDIUM,40.0
Early Blight,1,34.9,37.8,27.4,460.3,LOW,22.0
Late Blight,0,34.9,37.8,27.4,460.3,LOW,10.0
Fusarium Wilt,2,34.9,37.8,27.4,460.3,LOW,25.0
Early Blight,0,36.9,53.7,54.1,423.8,LOW,25.0
Late Blight,1,36.9,53.7,54.1,423.8,LOW,10.0
Fusarium Wilt,2,36.9,53.7,54.1,423.8,MEDIUM,40.0
Early Blight,1,19.0,76.7,81.0,409.2,LOW,35.0
Late Blight,0,19.0,76.7,81.0,409.2,LOW,25.0
Fusarium Wilt,1,19.0,76.7,81.0,409.2,LOW,25.0
Early Blight,0,36.9,63.2,80.6,566.1,LOW,25.0
Late Blight,0,36.9,63.2,80.6,566.1,LOW,10.0
Fusarium Wilt,1,36.9,63.2,80.6,566.1,LOW,25.0
Early Blight,1,28.0,55.4,60.6,170.7,LOW,35.0
Late Blight,1,28.0,55.4,60.6,170.7,LOW,10.0
Fusarium Wilt,1,28.0,55.4,60.6,170.7,MEDIUM,40.0
Early Blight,1,34.0,73.9,87.2,487.5,LOW,35.0
Late Blight,2,34.0,73.9,87.2,487.5,LOW,10.0
Fusarium Wilt,1,34.0,73.9,87.2,487.5,LOW,25.0
Early Blight,1,16.7,74.7,39.8,957.5,LOW,35.0
Late Blight,2,16.7,74.7,39.8,957.5,LOW,25.0
Fusarium Wilt,2,16.7,74.7,39.8,957.5,LOW,25.0
Early Blight,0,33.3,91.1,54.9,524.1,LOW,25.0
Late Blight,1,33.3,91.1,54.9,524.1,LOW,20.0
Fusarium Wilt,1,33.3,91.1,54.9,524.1,MEDIUM,40.0
Early Blight,1,35.3,88.5,16.0,1081.9,LOW,35.0
Late Blight,1,35.3,88.5,16.0,1081.9,LOW,20.0
Fusarium Wilt,2,35.3,88.5,16.0,1081.9,LOW,15.0
Early Blight,1,33.5,63.9,89.2,563.4,LOW,35.0
Late Blight,2,33.5,63.9,89.2,563.4,LOW,10.0
Fusarium Wilt,1,33.5,63.9,89.2,563.4,LOW,25.0
Early Blight,0,21.6,73.8,78.5,1186.8,LOW,25.0
Late Blight,1,21.6,73.8,78.5,1186.8,LOW,25.0
Fusarium Wilt,1,21.6,73.8,78.5,1186.8,LOW,25.0
Early Blight,1,36.1,32.7,61.6,176.4,LOW,22.0
Late Blight,0,36.1,32.7,61.6,176.4,LOW,10.0
Fusarium Wilt,1,36.1,32.7,61.6,176.4,MEDIUM,40.0
Early Blight,1,24.2,67.8,35.1,773.6,LOW,35.0
Late Blight,1,24.2,67.8,35.1,773.6,LOW,35.0
Fusarium Wilt,0,24.2,67.8,35.1,773.6,LOW,25.0
Early Blight,1,17.8,55.4,59.4,132.2,LOW,35.0
Late Blight,2,17.8,55.4,59.4,132.2,LOW,10.0
Fusarium Wilt,1,17.8,55.4,59.4,132.2,LOW,25.0
Early Blight,1,25.0,41.6,25.3,1092.5,LOW,22.0
Late Blight,0,25.0,41.6,25.3,1092.5,LOW,10.0
Fusarium Wilt,0,25.0,41.6,25.3,1092.5,LOW,25.0
Early Blight,1,21.0,83.4,18.9,1141.9,LOW,35.0
Late Blight,1,21.0,83.4,18.9,1141.9,MEDIUM,45.0
Fusarium Wilt,1,21.0,83.4,18.9,1141.9,LOW,15.0
Early Blight,0,18.9,39.4,46.9,238.9,LOW,12.0
Late Blight,0,18.9,39.4,46.9,238.9,LOW,10.0
Fusarium Wilt,1,18.9,39.4,46.9,238.9,LOW,25.0
Early Blight,0,25.3,38.3,52.2,735.7,LOW,12.0
Late Blight,1,25.3,38.3,52.2,735.7,LOW,20.0
Fusarium Wilt,1,25.3,38.3,52.2,735.7,MEDIUM,40.0
Early Blight,0,21.1,50.1,16.6,714.4,LOW,25.0
Late Blight,0,21.1,50.1,16.6,714.4,LOW,10.0
Fusarium Wilt,2,21.1,50.1,16.6,714.4,LOW,15.0
Early Blight,0,37.4,34.1,11.1,337.7,LOW,12.0
Late Blight,2,37.4,34.1,11.1,337.7,LOW,10.0
Fusarium Wilt,1,37.4,34.1,11.1,337.7,LOW,15.0
Early Blight,1,27.1,88.4,70.8,443.0,MEDIUM,52.0
Late Blight,1,27.1,88.4,70.8,443.0,LOW,25.0
Fusarium Wilt,1,27.1,88.4,70.8,443.0,LOW,25.0
Early Blight,0,23.4,96.3,79.4,664.8,LOW,25.0
Late Blight,2,23.4,96.3,79.4,664.8,MEDIUM,45.0
Fusarium Wilt,2,23.4,96.3,79.4,664.8,LOW,25.0
Early Blight,0,35.0,74.1,21.8,1063.8,LOW,25.0
Late Blight,1,35.0,74.1,21.8,1063.8,LOW,10.0
Fusarium Wilt,2,35.0,74.1,21.8,1063.8,LOW,15.0
Early Blight,1,30.2,60.8,31.2,1119.6,LOW,35.0
Late Blight,2,30.2,60.8,31.2,1119.6,LOW,10.0
Fusarium Wilt,0,30.2,60.8,31.2,1119.6,LOW,25.0
Early Blight,0,16.2,48.5,17.8,813.5,LOW,12.0
Late Blight,2,16.2,48.5,17.8,813.5,LOW,10.0
Fusarium Wilt,1,16.2,48.5,17.8,813.5,LOW,15.0
Early Blight,0,27.2,63.6,44.7,849.3,LOW,25.0
Late Blight,1,27.2,63.6,44.7,849.3,LOW,35.0
Fusarium Wilt,2,27.2,63.6,44.7,849.3,MEDIUM,40.0
Early Blight,0,21.1,34.5,18.1,349.1,LOW,12.0
Late Blight,1,21.1,34.5,18.1,349.1,LOW,20.0
Fusarium Wilt,1,21.1,34.5,18.1,349.1,LOW,15.0
Early Blight,1,35.2,48.2,26.5,964.3,LOW,22.0
Late Blight,1,35.2,48.2,26.5,964.3,LOW,10.0
Fusarium Wilt,1,35.2,48.2,26.5,964.3,LOW,25.0
Early Blight,0,26.6,77.6,48.1,435.9,MEDIUM,42.0
Late Blight,2,26.6,77.6,48.1,435.9,LOW,25.0
Fusarium Wilt,2,26.6,77.6,48.1,435.9,MEDIUM,40.0
Early Blight,1,35.7,39.6,11.0,622.1,LOW,22.0
Late Blight,2,35.7,39.6,11.0,622.1,LOW,10.0
Fusarium Wilt,1,35.7,39.6,11.0,622.1,LOW,15.0
Early Blight,1,34.6,70.4,87.6,741.5,LOW,35.0
Late Blight,2,34.6,70.4,87.6,741.5,LOW,10.0
Fusarium Wilt,0,34.6,70.4,87.6,741.5,LOW,25.0
Early Blight,1,37.8,86.8,52.0,284.0,LOW,35.0
Late Blight,2,37.8,86.8,52.0,284.0,LOW,10.0
Fusarium Wilt,1,37.8,86.8,52.0,284.0,MEDIUM,40.0
Early Blight,1,31.9,97.3,30.6,635.1,MEDIUM,52.0
Late Blight,2,31.9,97.3,30.6,635.1,LOW,10.0
Fusarium Wilt,0,31.9,97.3,30.6,635.1,LOW,25.0
Early Blight,1,32.8,88.3,82.2,755.3,LOW,35.0
Late Blight,0,32.8,88.3,82.2,755.3,LOW,10.0
Fusarium Wilt,1,32.8,88.3,82.2,755.3,LOW,25.0
Early Blight,1,34.7,74.8,21.3,647.6,LOW,35.0
Late Blight,0,34.7,74.8,21.3,647.6,LOW,10.0
Fusarium Wilt,1,34.7,74.8,21.3,647.6,LOW,15.0
Early Blight,0,19.5,94.9,61.1,1162.0,LOW,25.0
Late Blight,0,19.5,94.9,61.1,1162.0,MEDIUM,45.0
Fusarium Wilt,1,19.5,94.9,61.1,1162.0,LOW,25.0
Early Blight,1,27.1,48.0,64.3,1076.8,LOW,22.0
Late Blight,1,27.1,48.0,64.3,1076.8,LOW,10.0
Fusarium Wilt,2,27.1,48.0,64.3,1076.8,MEDIUM,40.0
Early Blight,1,27.0,53.3,59.0,576.8,LOW,35.0
Late Blight,0,27.0,53.3,59.0,576.8,LOW,10.0
Fusarium Wilt,1,27.0,53.3,59.0,576.8,MEDIUM,40.0
Early Blight,0,26.5,76.6,47.3,265.3,MEDIUM,42.0
Late Blight,0,26.5,76.6,47.3,265.3,LOW,25.0
Fusarium Wilt,2,26.5,76.6,47.3,265.3,MEDIUM,40.0
Early Blight,0,33.4,31.1,13.3,411.3,LOW,12.0
Late Blight,2,33.4,31.1,13.3,411.3,LOW,10.0
Fusarium Wilt,1,33.4,31.1,13.3,411.3,LOW,15.0
Early Blight,0,15.0,47.1,38.0,411.6,LOW,12.0
Late Blight,0,15.0,47.1,38.0,411.6,LOW,10.0
Fusarium Wilt,2,15.0,47.1,38.0,411.6,LOW,25.0
Early Blight,1,21.2,97.7,25.7,743.7,LOW,35.0
Late Blight,2,21.2,97.7,25.7,743.7,MEDIUM,45.0
Fusarium Wilt,1,21.2,97.7,25.7,743.7,LOW,25.0
Early Blight,1,29.7,58.7,87.4,208.0,LOW,35.0
Late Blight,2,29.7,58.7,87.4,208.0,LOW,10.0
Fusarium Wilt,0,29.7,58.7,87.4,208.0,LOW,25.0
Early Blight,1,22.4,69.3,64.7,319.5,LOW,35.0
Late Blight,1,22.4,69.3,64.7,319.5,LOW,35.0
Fusarium Wilt,1,22.4,69.3,64.7,319.5,LOW,25.0
Early Blight,1,29.5,67.1,40.1,1063.5,LOW,35.0
Late Blight,2,29.5,67.1,40.1,1063.5,LOW,10.0
Fusarium Wilt,1,29.5,67.1,40.1,1063.5,MEDIUM,40.0
Early Blight,1,31.4,61.8,44.2,562.6,LOW,35.0
Late Blight,1,31.4,61.8,44.2,562.6,LOW,10.0
Fusarium Wilt,1,31.4,61.8,44.2,562.6,MEDIUM,40.0
Early Blight,0,32.4,71.8,34.2,366.9,LOW,25.0
Late Blight,1,32.4,71.8,34.2,366.9,LOW,10.0
Fusarium Wilt,1,32.4,71.8,34.2,366.9,LOW,25.0
Early Blight,0,32.4,56.7,42.2,106.5,LOW,25.0
Late Blight,1,32.4,56.7,42.2,106.5,LOW,20.0
Fusarium Wilt,2,32.4,56.7,42.2,106.5,MEDIUM,40.0
Early Blight,1,34.1,74.2,36.7,207.1,LOW,35.0
Late Blight,2,34.1,74.2,36.7,207.1,LOW,10.0
Fusarium Wilt,1,34.1,74.2,36.7,207.1,LOW,25.0
Early Blight,1,30.5,80.3,14.2,325.6,MEDIUM,52.0
Late Blight,1,30.5,80.3,14.2,325.6,LOW,20.0
Fusarium Wilt,1,30.5,80.3,14.2,325.6,LOW,15.0
Early Blight,1,34.6,50.5,34.9,1188.1,LOW,35.0
Late Blight,1,34.6,50.5,34.9,1188.1,LOW,10.0
Fusarium Wilt,2,34.6,50.5,34.9,1188.1,LOW,25.0
Early Blight,1,28.9,38.2,17.7,324.7,LOW,22.0
Late Blight,1,28.9,38.2,17.7,324.7,LOW,20.0
Fusarium Wilt,2,28.9,38.2,17.7,324.7,LOW,15.0
Early Blight,0,24.3,96.8,75.6,1025.9,MEDIUM,42.0
Late Blight,0,24.3,96.8,75.6,1025.9,LOW,25.0
Fusarium Wilt,0,24.3,96.8,75.6,1025.9,LOW,25.0
Early Blight,0,24.9,73.3,24.8,1000.4,MEDIUM,42.0
Late Blight,1,24.9,73.3,24.8,1000.4,LOW,25.0
Fusarium Wilt,1,24.9,73.3,24.8,1000.4,LOW,15.0
Early Blight,0,21.7,75.4,86.7,642.3,LOW,25.0
Late Blight,1,21.7,75.4,86.7,642.3,LOW,25.0
Fusarium Wilt,2,21.7,75.4,86.7,642.3,LOW,25.0
Early Blight,1,24.8,31.9,46.6,720.6,LOW,22.0
Late Blight,1,24.8,31.9,46.6,720.6,LOW,10.0
Fusarium Wilt,0,24.8,31.9,46.6,720.6,LOW,25.0
Early Blight,0,16.0,91.7,87.0,614.7,LOW,25.0
Late Blight,1,16.0,91.7,87.0,614.7,MEDIUM,45.0
Fusarium Wilt,1,16.0,91.7,87.0,614.7,LOW,25.0
Early Blight,1,26.6,53.7,66.5,529.7,LOW,35.0
Late Blight,1,26.6,53.7,66.5,529.7,LOW,20.0
Fusarium Wilt,1,26.6,53.7,66.5,529.7,MEDIUM,40.0
Early Blight,1,31.4,83.5,32.3,938.9,MEDIUM,52.0
Late Blight,1,31.4,83.5,32.3,938.9,LOW,10.0
Fusarium Wilt,1,31.4,83.5,32.3,938.9,LOW,25.0
Early Blight,0,25.9,74.8,56.1,1120.2,MEDIUM,42.0
Late Blight,1,25.9,74.8,56.1,1120.2,LOW,35.0
Fusarium Wilt,1,25.9,74.8,56.1,1120.2,MEDIUM,40.0
Early Blight,0,23.0,72.0,42.3,149.4,LOW,25.0
Late Blight,2,23.0,72.0,42.3,149.4,LOW,25.0
Fusarium Wilt,1,23.0,72.0,42.3,149.4,LOW,25.0
Early Blight,0,26.0,81.7,88.5,989.4,MEDIUM,42.0
Late Blight,1,26.0,81.7,88.5,989.4,LOW,25.0
Fusarium Wilt,1,26.0,81.7,88.5,989.4,LOW,25.0
Early Blight,1,32.4,58.6,15.1,773.1,LOW,35.0
Late Blight,1,32.4,58.6,15.1,773.1,LOW,20.0
Fusarium Wilt,0,32.4,58.6,15.1,773.1,LOW,15.0
Early Blight,1,34.3,92.8,35.7,868.6,LOW,35.0
Late Blight,0,34.3,92.8,35.7,868.6,LOW,10.0
Fusarium Wilt,2,34.3,92.8,35.7,868.6,LOW,25.0
Early Blight,0,25.1,49.5,26.1,278.3,LOW,12.0
Late Blight,1,25.1,49.5,26.1,278.3,LOW,20.0
Fusarium Wilt,0,25.1,49.5,26.1,278.3,LOW,25.0
Early Blight,1,30.4,43.8,74.8,1082.6,LOW,22.0
Late Blight,1,30.4,43.8,74.8,1082.6,LOW,10.0
Fusarium Wilt,2,30.4,43.8,74.8,1082.6,LOW,25.0
Early Blight,0,31.8,91.9,61.4,645.8,MEDIUM,42.0
Late Blight,1,31.8,91.9,61.4,645.8,LOW,20.0
Fusarium Wilt,1,31.8,91.9,61.4,645.8,MEDIUM,40.0
Early Blight,1,27.9,39.4,15.4,570.3,LOW,22.0
Late Blight,2,27.9,39.4,15.4,570.3,LOW,10.0
Fusarium Wilt,1,27.9,39.4,15.4,570.3,LOW,15.0
Early Blight,1,17.7,45.7,58.1,464.0,LOW,22.0
Late Blight,0,17.7,45.7,58.1,464.0,LOW,10.0
Fusarium Wilt,1,17.7,45.7,58.1,464.0,LOW,25.0
Early Blight,0,16.6,89.3,87.4,182.3,LOW,25.0
Late Blight,0,16.6,89.3,87.4,182.3,MEDIUM,45.0
Fusarium Wilt,1,16.6,89.3,87.4,182.3,LOW,25.0
Early Blight,0,16.3,77.4,18.9,618.1,LOW,25.0
Late Blight,2,16.3,77.4,18.9,618.1,LOW,25.0
Fusarium Wilt,2,16.3,77.4,18.9,618.1,LOW,15.0
Early Blight,0,22.7,82.0,21.1,701.8,LOW,25.0
Late Blight,0,22.7,82.0,21.1,701.8,MEDIUM,45.0
Fusarium Wilt,1,22.7,82.0,21.1,701.8,LOW,15.0
Early Blight,0,16.7,94.5,82.3,873.4,LOW,25.0
Late Blight,1,16.7,94.5,82.3,873.4,MEDIUM,45.0
Fusarium Wilt,0,16.7,94.5,82.3,873.4,LOW,25.0
Early Blight,1,29.1,35.5,54.1,1141.3,LOW,22.0
Late Blight,2,29.1,35.5,54.1,1141.3,LOW,10.0
Fusarium Wilt,0,29.1,35.5,54.1,1141.3,MEDIUM,40.0
Early Blight,1,24.9,50.6,78.0,1168.6,LOW,35.0
Late Blight,1,24.9,50.6,78.0,1168.6,LOW,10.0
Fusarium Wilt,0,24.9,50.6,78.0,1168.6,LOW,25.0
Early Blight,1,34.8,76.4,69.0,707.7,LOW,35.0
Late Blight,0,34.8,76.4,69.0,707.7,LOW,10.0
Fusarium Wilt,2,34.8,76.4,69.0,707.7,MEDIUM,40.0
Early Blight,1,18.2,59.8,81.8,1180.8,LOW,35.0
Late Blight,2,18.2,59.8,81.8,1180.8,LOW,10.0
Fusarium Wilt,2,18.2,59.8,81.8,1180.8,LOW,25.0
Early Blight,0,28.5,45.4,69.8,1077.2,LOW,12.0
Late Blight,0,28.5,45.4,69.8,1077.2,LOW,10.0
Fusarium Wilt,1,28.5,45.4,69.8,1077.2,MEDIUM,40.0
Early Blight,1,33.7,35.2,20.1,298.7,LOW,22.0
Late Blight,1,33.7,35.2,20.1,298.7,LOW,10.0
Fusarium Wilt,2,33.7,35.2,20.1,298.7,LOW,15.0
Early Blight,1,28.9,62.6,19.8,184.5,LOW,35.0
Late Blight,1,28.9,62.6,19.8,184.5,LOW,20.0
Fusarium Wilt,1,28.9,62.6,19.8,184.5,LOW,15.0
Early Blight,0,36.0,45.0,67.1,1135.6,LOW,12.0
Late Blight,1,36.0,45.0,67.1,1135.6,LOW,10.0
Fusarium Wilt,1,36.0,45.0,67.1,1135.6,MEDIUM,40.0
Early Blight,0,31.0,64.2,14.3,1090.5,LOW,25.0
Late Blight,1,31.0,64.2,14.3,1090.5,LOW,20.0
Fusarium Wilt,2,31.0,64.2,14.3,1090.5,LOW,15.0
Early Blight,1,37.4,45.7,69.4,331.8,LOW,22.0
Late Blight,1,37.4,45.7,69.4,331.8,LOW,20.0
Fusarium Wilt,0,37.4,45.7,69.4,331.8,MEDIUM,40.0
Early Blight,1,29.9,60.9,19.1,648.8,LOW,35.0
Late Blight,2,29.9,60.9,19.1,648.8,LOW,10.0
Fusarium Wilt,1,29.9,60.9,19.1,648.8,LOW,15.0
Early Blight,1,21.4,71.5,49.6,1049.1,LOW,35.0
Late Blight,2,21.4,71.5,49.6,1049.1,LOW,25.0
Fusarium Wilt,2,21.4,71.5,49.6,1049.1,LOW,25.0
Early Blight,1,16.2,50.8,53.3,482.6,LOW,35.0
Late Blight,0,16.2,50.8,53.3,482.6,LOW,10.0
Fusarium Wilt,0,16.2,50.8,53.3,482.6,LOW,25.0
Early Blight,0,33.6,70.2,70.6,475.0,LOW,25.0
Late Blight,2,33.6,70.2,70.6,475.0,LOW,10.0
Fusarium Wilt,0,33.6,70.2,70.6,475.0,LOW,25.0
Early Blight,0,16.3,37.4,41.0,893.4,LOW,12.0
Late Blight,0,16.3,37.4,41.0,893.4,LOW,10.0
Fusarium Wilt,1,16.3,37.4,41.0,893.4,LOW,25.0
Early Blight,0,28.1,65.3,23.0,519.4,LOW,25.0
Late Blight,1,28.1,65.3,23.0,519.4,LOW,20.0
Fusarium Wilt,1,28.1,65.3,23.0,519.4,LOW,15.0
Early Blight,1,36.9,35.8,30.0,697.1,LOW,22.0
Late Blight,1,36.9,35.8,30.0,697.1,LOW,10.0
Fusarium Wilt,1,36.9,35.8,30.0,697.1,LOW,25.0
Early Blight,0,33.0,85.1,58.6,236.7,LOW,25.0
Late Blight,2,33.0,85.1,58.6,236.7,LOW,10.0
Fusarium Wilt,2,33.0,85.1,58.6,236.7,MEDIUM,40.0
Early Blight,0,25.1,61.7,87.3,628.2,LOW,25.0
Late Blight,2,25.1,61.7,87.3,628.2,LOW,25.0
Fusarium Wilt,1,25.1,61.7,87.3,628.2,LOW,25.0
Early Blight,0,29.0,51.4,15.1,297.8,LOW,25.0
Late Blight,1,29.0,51.4,15.1,297.8,LOW,10.0
Fusarium Wilt,1,29.0,51.4,15.1,297.8,LOW,15.0
Early Blight,1,18.4,72.0,14.0,225.9,LOW,35.0
Late Blight,0,18.4,72.0,14.0,225.9,LOW,25.0
Fusarium Wilt,1,18.4,72.0,14.0,225.9,LOW,15.0
Early Blight,1,31.5,34.1,67.2,385.0,LOW,22.0
Late Blight,0,31.5,34.1,67.2,385.0,LOW,10.0
Fusarium Wilt,1,31.5,34.1,67.2,385.0,MEDIUM,40.0
Early Blight,0,28.8,53.8,16.2,588.2,LOW,25.0
Late Blight,2,28.8,53.8,16.2,588.2,LOW,10.0
Fusarium Wilt,1,28.8,53.8,16.2,588.2,LOW,15.0
Early Blight,1,24.6,73.6,80.1,257.4,MEDIUM,52.0
Late Blight,1,24.6,73.6,80.1,257.4,LOW,35.0
Fusarium Wilt,1,24.6,73.6,80.1,257.4,LOW,25.0
Early Blight,1,25.8,96.2,59.8,276.3,MEDIUM,52.0
Late Blight,0,25.8,96.2,59.8,276.3,LOW,25.0
Fusarium Wilt,1,25.8,96.2,59.8,276.3,MEDIUM,40.0
Early Blight,0,33.6,64.7,72.5,659.0,LOW,25.0
Late Blight,2,33.6,64.7,72.5,659.0,LOW,10.0
Fusarium Wilt,1,33.6,64.7,72.5,659.0,LOW,25.0
Early Blight,1,31.7,55.9,89.8,186.3,LOW,35.0
Late Blight,1,31.7,55.9,89.8,186.3,LOW,20.0
Fusarium Wilt,0,31.7,55.9,89.8,186.3,LOW,25.0
Early Blight,0,27.6,58.4,68.6,1032.4,LOW,25.0
Late Blight,2,27.6,58.4,68.6,1032.4,LOW,10.0
Fusarium Wilt,1,27.6,58.4,68.6,1032.4,MEDIUM,40.0
Early Blight,1,21.2,86.8,33.4,368.4,LOW,35.0
Late Blight,1,21.2,86.8,33.4,368.4,MEDIUM,55.0
Fusarium Wilt,1,21.2,86.8,33.4,368.4,LOW,25.0
Early Blight,1,17.7,46.4,68.6,1068.2,LOW,22.0
Late Blight,1,17.7,46.4,68.6,1068.2,LOW,10.0
Fusarium Wilt,0,17.7,46.4,68.6,1068.2,LOW,25.0
Early Blight,0,28.9,60.5,43.5,726.3,LOW,25.0
Late Blight,1,28.9,60.5,43.5,726.3,LOW,10.0
Fusarium Wilt,1,28.9,60.5,43.5,726.3,MEDIUM,40.0
Early Blight,1,28.4,39.4,30.8,415.6,LOW,22.0
Late Blight,2,28.4,39.4,30.8,415.6,LOW,10.0
Fusarium Wilt,0,28.4,39.4,30.8,415.6,LOW,25.0
Early Blight,1,29.6,82.5,82.0,1064.0,MEDIUM,52.0
Late Blight,2,29.6,82.5,82.0,1064.0,LOW,10.0
Fusarium Wilt,0,29.6,82.5,82.0,1064.0,LOW,25.0
Early Blight,0,32.1,38.6,12.7,574.6,LOW,12.0
Late Blight,1,32.1,38.6,12.7,574.6,LOW,20.0
Fusarium Wilt,0,32.1,38.6,12.7,574.6,LOW,15.0
Early Blight,0,35.8,54.1,42.2,712.6,LOW,25.0
Late Blight,1,35.8,54.1,42.2,712.6,LOW,10.0
Fusarium Wilt,0,35.8,54.1,42.2,712.6,MEDIUM,40.0
Early Blight,1,29.2,97.6,13.6,912.6,MEDIUM,52.0
Late Blight,2,29.2,97.6,13.6,912.6,LOW,10.0
Fusarium Wilt,1,29.2,97.6,13.6,912.6,LOW,15.0
Early Blight,0,21.7,62.4,20.8,301.8,LOW,25.0
Late Blight,0,21.7,62.4,20.8,301.8,LOW,25.0
Fusarium Wilt,1,21.7,62.4,20.8,301.8,LOW,15.0
Early Blight,1,28.7,55.2,62.0,517.3,LOW,35.0
Late Blight,0,28.7,55.2,62.0,517.3,LOW,10.0
Fusarium Wilt,1,28.7,55.2,62.0,517.3,MEDIUM,40.0
Early Blight,0,21.8,53.2,55.1,1087.0,LOW,25.0
Late Blight,1,21.8,53.2,55.1,1087.0,LOW,20.0
Fusarium Wilt,2,21.8,53.2,55.1,1087.0,LOW,25.0
Early Blight,0,19.1,39.7,75.1,908.1,LOW,12.0
Late Blight,1,19.1,39.7,75.1,908.1,LOW,10.0
Fusarium Wilt,0,19.1,39.7,75.1,908.1,LOW,25.0
Early Blight,1,17.3,49.4,19.5,401.2,LOW,22.0
Late Blight,1,17.3,49.4,19.5,401.2,LOW,20.0
Fusarium Wilt,0,17.3,49.4,19.5,401.2,LOW,15.0
Early Blight,1,32.3,92.9,63.3,255.1,LOW,35.0
Late Blight,0,32.3,92.9,63.3,255.1,LOW,10.0
Fusarium Wilt,1,32.3,92.9,63.3,255.1,MEDIUM,40.0
Early Blight,0,37.1,66.7,73.9,107.3,LOW,25.0
Late Blight,2,37.1,66.7,73.9,107.3,LOW,10.0
Fusarium Wilt,0,37.1,66.7,73.9,107.3,LOW,25.0
Early Blight,1,31.8,65.4,76.5,424.4,LOW,35.0
Late Blight,0,31.8,65.4,76.5,424.4,LOW,10.0
Fusarium Wilt,2,31.8,65.4,76.5,424.4,LOW,25.0
Early Blight,1,21.1,88.8,89.4,904.8,LOW,35.0
Late Blight,2,21.1,88.8,89.4,904.8,MEDIUM,45.0
Fusarium Wilt,0,21.1,88.8,89.4,904.8,LOW,25.0
Early Blight,0,22.5,64.5,32.1,793.7,LOW,25.0
Late Blight,0,22.5,64.5,32.1,793.7,LOW,25.0
Fusarium Wilt,1,22.5,64.5,32.1,793.7,LOW,25.0
Early Blight,0,25.0,93.4,73.5,449.3,MEDIUM,42.0
Late Blight,0,25.0,93.4,73.5,449.3,LOW,25.0
Fusarium Wilt,1,25.0,93.4,73.5,449.3,LOW,25.0
Early Blight,0,15.2,39.3,40.1,1137.5,LOW,12.0
Late Blight,2,15.2,39.3,40.1,1137.5,LOW,10.0
Fusarium Wilt,0,15.2,39.3,40.1,1137.5,LOW,25.0
Early Blight,0,21.5,43.5,80.1,1145.9,LOW,12.0
Late Blight,1,21.5,43.5,80.1,1145.9,LOW,20.0
Fusarium Wilt,1,21.5,43.5,80.1,1145.9,LOW,25.0
Early Blight,1,19.8,42.1,43.5,389.4,LOW,22.0
Late Blight,0,19.8,42.1,43.5,389.4,LOW,10.0
Fusarium Wilt,1,19.8,42.1,43.5,389.4,LOW,25.0
Early Blight,1,19.1,50.4,28.6,421.3,LOW,35.0
Late Blight,1,19.1,50.4,28.6,421.3,LOW,20.0
Fusarium Wilt,2,19.1,50.4,28.6,421.3,LOW,25.0
Early Blight,1,17.2,37.6,80.5,930.5,LOW,22.0
Late Blight,1,17.2,37.6,80.5,930.5,LOW,20.0
Fusarium Wilt,1,17.2,37.6,80.5,930.5,LOW,25.0
Early Blight,0,25.7,51.7,19.1,866.7,LOW,25.0
Late Blight,1,25.7,51.7,19.1,866.7,LOW,20.0
Fusarium Wilt,1,25.7,51.7,19.1,866.7,LOW,15.0
Early Blight,0,24.5,46.0,33.3,658.2,LOW,12.0
Late Blight,1,24.5,46.0,33.3,658.2,LOW,20.0
Fusarium Wilt,1,24.5,46.0,33.3,658.2,LOW,25.0
Early Blight,0,22.3,56.6,45.4,538.5,LOW,25.0
Late Blight,1,22.3,56.6,45.4,538.5,LOW,10.0
Fusarium Wilt,1,22.3,56.6,45.4,538.5,LOW,25.0
Early Blight,1,22.1,57.9,55.8,283.2,LOW,35.0
Late Blight,0,22.1,57.9,55.8,283.2,LOW,10.0
Fusarium Wilt,1,22.1,57.9,55.8,283.2,LOW,25.0
Early Blight,1,28.9,31.4,67.8,982.7,LOW,22.0
Late Blight,0,28.9,31.4,67.8,982.7,LOW,10.0
Fusarium Wilt,0,28.9,31.4,67.8,982.7,MEDIUM,40.0
Early Blight,1,30.1,65.3,39.0,318.3,LOW,35.0
Late Blight,0,30.1,65.3,39.0,318.3,LOW,10.0
Fusarium Wilt,1,30.1,65.3,39.0,318.3,LOW,25.0
Early Blight,0,35.9,52.5,27.2,906.7,LOW,25.0
Late Blight,2,35.9,52.5,27.2,906.7,LOW,10.0
Fusarium Wilt,1,35.9,52.5,27.2,906.7,LOW,25.0
Early Blight,1,24.2,63.0,22.6,431.6,LOW,35.0
Late Blight,1,24.2,63.0,22.6,431.6,LOW,35.0
Fusarium Wilt,2,24.2,63.0,22.6,431.6,LOW,15.0
Early Blight,1,33.0,74.6,20.5,914.6,LOW,35.0
Late Blight,2,33.0,74.6,20.5,914.6,LOW,10.0
Fusarium Wilt,0,33.0,74.6,20.5,914.6,LOW,15.0
Early Blight,1,24.6,31.0,76.4,765.4,LOW,22.0
Late Blight,0,24.6,31.0,76.4,765.4,LOW,10.0
Fusarium Wilt,1,24.6,31.0,76.4,765.4,LOW,25.0
Early Blight,1,22.2,52.0,51.0,125.8,LOW,35.0
Late Blight,2,22.2,52.0,51.0,125.8,LOW,10.0
Fusarium Wilt,1,22.2,52.0,51.0,125.8,LOW,25.0
Early Blight,1,21.7,36.3,87.4,717.1,LOW,22.0
Late Blight,0,21.7,36.3,87.4,717.1,LOW,10.0
Fusarium Wilt,2,21.7,36.3,87.4,717.1,LOW,25.0
Early Blight,1,26.4,56.8,39.8,701.2,LOW,35.0
Late Blight,1,26.4,56.8,39.8,701.2,LOW,10.0
Fusarium Wilt,2,26.4,56.8,39.8,701.2,LOW,25.0
Early Blight,0,23.5,68.3,61.4,465.7,LOW,25.0
Late Blight,1,23.5,68.3,61.4,465.7,LOW,35.0
Fusarium Wilt,1,23.5,68.3,61.4,465.7,LOW,25.0
Early Blight,1,26.3,47.0,21.3,778.1,LOW,22.0
Late Blight,0,26.3,47.0,21.3,778.1,LOW,10.0
Fusarium Wilt,1,26.3,47.0,21.3,778.1,LOW,15.0
Early Blight,1,20.8,51.2,37.0,265.7,LOW,35.0
Late Blight,1,20.8,51.2,37.0,265.7,LOW,20.0
Fusarium Wilt,1,20.8,51.2,37.0,265.7,LOW,25.0
Early Blight,0,32.4,84.0,53.6,444.3,LOW,25.0
Late Blight,1,32.4,84.0,53.6,444.3,LOW,10.0
Fusarium Wilt,0,32.4,84.0,53.6,444.3,MEDIUM,40.0
Early Blight,1,37.8,35.5,18.4,869.2,LOW,22.0
Late Blight,1,37.8,35.5,18.4,869.2,LOW,20.0
Fusarium Wilt,1,37.8,35.5,18.4,869.2,LOW,15.0
Early Blight,1,25.1,96.1,13.1,566.6,MEDIUM,52.0
Late Blight,1,25.1,96.1,13.1,566.6,LOW,35.0
Fusarium Wilt,0,25.1,96.1,13.1,566.6,LOW,15.0
Early Blight,0,24.2,50.2,44.8,423.6,LOW,25.0
Late Blight,0,24.2,50.2,44.8,423.6,LOW,10.0
Fusarium Wilt,1,24.2,50.2,44.8,423.6,LOW,25.0
Early Blight,0,30.0,39.6,51.9,324.9,LOW,12.0
Late Blight,0,30.0,39.6,51.9,324.9,LOW,10.0
Fusarium Wilt,2,30.0,39.6,51.9,324.9,MEDIUM,40.0
Early Blight,1,36.5,93.0,67.6,1037.6,LOW,35.0
Late Blight,0,36.5,93.0,67.6,1037.6,LOW,10.0
Fusarium Wilt,2,36.5,93.0,67.6,1037.6,MEDIUM,40.0
Early Blight,1,18.5,34.6,88.2,443.0,LOW,22.0
Late Blight,0,18.5,34.6,88.2,443.0,LOW,10.0
Fusarium Wilt,2,18.5,34.6,88.2,443.0,LOW,25.0
Early Blight,1,25.8,40.6,38.0,715.1,LOW,22.0
Late Blight,0,25.8,40.6,38.0,715.1,LOW,10.0
Fusarium Wilt,1,25.8,40.6,38.0,715.1,LOW,25.0
Early Blight,1,35.0,69.7,34.5,787.0,LOW,35.0
Late Blight,1,35.0,69.7,34.5,787.0,LOW,10.0
Fusarium Wilt,1,35.0,69.7,34.5,787.0,LOW,25.0
Early Blight,1,18.5,79.7,32.4,389.2,LOW,35.0
Late Blight,0,18.5,79.7,32.4,389.2,LOW,25.0
Fusarium Wilt,1,18.5,79.7,32.4,389.2,LOW,25.0
Early Blight,0,32.8,70.3,32.2,988.0,LOW,25.0
Late Blight,1,32.8,70.3,32.2,988.0,LOW,20.0
Fusarium Wilt,1,32.8,70.3,32.2,988.0,LOW,25.0
Early Blight,1,37.7,36.2,74.3,261.1,LOW,22.0
Late Blight,1,37.7,36.2,74.3,261.1,LOW,20.0
Fusarium Wilt,1,37.7,36.2,74.3,261.1,LOW,25.0
Early Blight,0,26.8,59.9,63.2,459.8,LOW,25.0
Late Blight,1,26.8,59.9,63.2,459.8,LOW,10.0
Fusarium Wilt,2,26.8,59.9,63.2,459.8,MEDIUM,40.0
Early Blight,0,25.9,51.2,51.8,683.8,LOW,25.0
Late Blight,0,25.9,51.2,51.8,683.8,LOW,10.0
Fusarium Wilt,0,25.9,51.2,51.8,683.8,MEDIUM,40.0
Early Blight,0,31.4,87.1,54.8,639.1,MEDIUM,42.0
Late Blight,0,31.4,87.1,54.8,639.1,LOW,10.0
Fusarium Wilt,2,31.4,87.1,54.8,639.1,MEDIUM,40.0
Early Blight,0,15.6,54.9,47.3,837.0,LOW,25.0
Late Blight,1,15.6,54.9,47.3,837.0,LOW,10.0
Fusarium Wilt,0,15.6,54.9,47.3,837.0,LOW,25.0
Early Blight,1,23.8,42.2,69.8,111.7,LOW,22.0
Late Blight,1,23.8,42.2,69.8,111.7,LOW,20.0
Fusarium Wilt,2,23.8,42.2,69.8,111.7,LOW,25.0
Early Blight,1,23.5,47.3,83.7,767.5,LOW,22.0
Late Blight,2,23.5,47.3,83.7,767.5,LOW,10.0
Fusarium Wilt,1,23.5,47.3,83.7,767.5,LOW,25.0
Early Blight,0,20.8,72.5,87.7,1005.7,LOW,25.0
Late Blight,0,20.8,72.5,87.7,1005.7,LOW,25.0
Fusarium Wilt,1,20.8,72.5,87.7,1005.7,LOW,25.0
Early Blight,1,25.9,89.5,70.0,988.2,MEDIUM,52.0
Late Blight,1,25.9,89.5,70.0,988.2,LOW,25.0
Fusarium Wilt,1,25.9,89.5,70.0,988.2,MEDIUM,40.0
Early Blight,1,35.0,39.0,43.6,1030.4,LOW,22.0
Late Blight,1,35.0,39.0,43.6,1030.4,LOW,20.0
Fusarium Wilt,1,35.0,39.0,43.6,1030.4,MEDIUM,40.0
Early Blight,0,37.6,43.2,59.1,118.3,LOW,12.0
Late Blight,1,37.6,43.2,59.1,118.3,LOW,20.0
Fusarium Wilt,0,37.6,43.2,59.1,118.3,MEDIUM,40.0
Early Blight,1,28.5,94.2,51.3,1134.6,MEDIUM,52.0
Late Blight,0,28.5,94.2,51.3,1134.6,LOW,10.0
Fusarium Wilt,1,28.5,94.2,51.3,1134.6,MEDIUM,40.0
Early Blight,1,26.5,79.6,16.7,587.7,MEDIUM,52.0
Late Blight,1,26.5,79.6,16.7,587.7,LOW,25.0
Fusarium Wilt,1,26.5,79.6,16.7,587.7,LOW,15.0
Early Blight,1,34.3,30.2,31.9,485.8,LOW,22.0
Late Blight,0,34.3,30.2,31.9,485.8,LOW,10.0
Fusarium Wilt,1,34.3,30.2,31.9,485.8,LOW,25.0
Early Blight,0,17.7,36.2,68.4,304.2,LOW,12.0
Late Blight,0,17.7,36.2,68.4,304.2,LOW,10.0
Fusarium Wilt,1,17.7,36.2,68.4,304.2,LOW,25.0
Early Blight,0,23.6,35.5,67.9,371.4,LOW,12.0
Late Blight,0,23.6,35.5,67.9,371.4,LOW,10.0
Fusarium Wilt,1,23.6,35.5,67.9,371.4,LOW,25.0
Early Blight,1,18.1,33.6,66.5,295.8,LOW,22.0
Late Blight,2,18.1,33.6,66.5,295.8,LOW,10.0
Fusarium Wilt,1,18.1,33.6,66.5,295.8,LOW,25.0
Early Blight,1,19.1,50.1,65.8,391.0,LOW,35.0
Late Blight,1,19.1,50.1,65.8,391.0,LOW,20.0
Fusarium Wilt,1,19.1,50.1,65.8,391.0,LOW,25.0
Early Blight,1,29.5,86.6,12.9,1018.2,MEDIUM,52.0
Late Blight,1,29.5,86.6,12.9,1018.2,LOW,20.0
Fusarium Wilt,1,29.5,86.6,12.9,1018.2,LOW,15.0
Early Blight,0,33.7,84.1,26.6,869.6,LOW,25.0
Late Blight,0,33.7,84.1,26.6,869.6,LOW,10.0
Fusarium Wilt,1,33.7,84.1,26.6,869.6,LOW,25.0
Early Blight,0,20.9,61.8,12.5,226.8,LOW,25.0
Late Blight,2,20.9,61.8,12.5,226.8,LOW,25.0
Fusarium Wilt,1,20.9,61.8,12.5,226.8,LOW,15.0
Early Blight,0,23.7,70.0,12.7,871.4,LOW,25.0
Late Blight,1,23.7,70.0,12.7,871.4,LOW,35.0
Fusarium Wilt,2,23.7,70.0,12.7,871.4,LOW,15.0
Early Blight,1,29.9,36.8,83.1,436.9,LOW,22.0
Late Blight,2,29.9,36.8,83.1,436.9,LOW,10.0
Fusarium Wilt,1,29.9,36.8,83.1,436.9,LOW,25.0
Early Blight,1,28.2,59.6,41.9,1017.5,LOW,35.0
Late Blight,2,28.2,59.6,41.9,1017.5,LOW,10.0
Fusarium Wilt,1,28.2,59.6,41.9,1017.5,MEDIUM,40.0
Early Blight,0,37.3,89.7,71.1,1091.0,LOW,25.0
Late Blight,1,37.3,89.7,71.1,1091.0,LOW,10.0
Fusarium Wilt,1,37.3,89.7,71.1,1091.0,LOW,25.0
Early Blight,0,15.7,64.8,83.8,1075.3,LOW,25.0
Late Blight,1,15.7,64.8,83.8,1075.3,LOW,35.0
Fusarium Wilt,0,15.7,64.8,83.8,1075.3,LOW,25.0
Early Blight,1,18.0,52.7,86.8,1167.4,LOW,35.0
Late Blight,0,18.0,52.7,86.8,1167.4,LOW,10.0
Fusarium Wilt,2,18.0,52.7,86.8,1167.4,LOW,25.0
Early Blight,1,15.0,40.0,80.6,431.4,LOW,22.0
Late Blight,2,15.0,40.0,80.6,431.4,LOW,10.0
Fusarium Wilt,2,15.0,40.0,80.6,431.4,LOW,25.0
Early Blight,1,30.7,87.5,39.9,625.1,MEDIUM,52.0
Late Blight,1,30.7,87.5,39.9,625.1,LOW,10.0
Fusarium Wilt,0,30.7,87.5,39.9,625.1,LOW,25.0
Early Blight,1,30.4,86.5,66.5,939.4,MEDIUM,52.0
Late Blight,1,30.4,86.5,66.5,939.4,LOW,10.0
Fusarium Wilt,1,30.4,86.5,66.5,939.4,MEDIUM,40.0
Early Blight,1,35.7,85.7,68.4,567.1,LOW,35.0
Late Blight,2,35.7,85.7,68.4,567.1,LOW,10.0
Fusarium Wilt,0,35.7,85.7,68.4,567.1,MEDIUM,40.0
Early Blight,1,20.1,71.4,71.4,506.0,LOW,35.0
Late Blight,0,20.1,71.4,71.4,506.0,LOW,25.0
Fusarium Wilt,0,20.1,71.4,71.4,506.0,LOW,25.0
Early Blight,1,29.8,39.4,25.0,332.4,LOW,22.0
Late Blight,1,29.8,39.4,25.0,332.4,LOW,10.0
Fusarium Wilt,2,29.8,39.4,25.0,332.4,LOW,25.0
Early Blight,1,23.9,85.8,12.8,1154.4,LOW,35.0
Late Blight,1,23.9,85.8,12.8,1154.4,MEDIUM,45.0
Fusarium Wilt,1,23.9,85.8,12.8,1154.4,LOW,15.0
Early Blight,0,16.9,76.7,18.1,1048.7,LOW,25.0
Late Blight,2,16.9,76.7,18.1,1048.7,LOW,25.0
Fusarium Wilt,1,16.9,76.7,18.1,1048.7,LOW,15.0
Early Blight,0,25.5,63.1,86.8,541.9,LOW,25.0
Late Blight,2,25.5,63.1,86.8,541.9,LOW,25.0
Fusarium Wilt,0,25.5,63.1,86.8,541.9,LOW,25.0
Early Blight,1,33.5,60.6,39.8,620.9,LOW,35.0
Late Blight,1,33.5,60.6,39.8,620.9,LOW,20.0
Fusarium Wilt,0,33.5,60.6,39.8,620.9,LOW,25.0
Early Blight,1,27.2,56.1,64.0,265.4,LOW,35.0
Late Blight,0,27.2,56.1,64.0,265.4,LOW,10.0
Fusarium Wilt,1,27.2,56.1,64.0,265.4,MEDIUM,40.0
Early Blight,1,31.7,60.9,13.9,409.9,LOW,35.0
Late Blight,2,31.7,60.9,13.9,409.9,LOW,10.0
Fusarium Wilt,0,31.7,60.9,13.9,409.9,LOW,15.0
Early Blight,0,20.8,52.9,33.7,1001.1,LOW,25.0
Late Blight,2,20.8,52.9,33.7,1001.1,LOW,10.0
Fusarium Wilt,2,20.8,52.9,33.7,1001.1,LOW,25.0
Early Blight,0,29.6,70.5,38.6,140.3,MEDIUM,42.0
Late Blight,2,29.6,70.5,38.6,140.3,LOW,10.0
Fusarium Wilt,1,29.6,70.5,38.6,140.3,LOW,25.0
Early Blight,0,29.6,59.3,32.0,1169.0,LOW,25.0
Late Blight,1,29.6,59.3,32.0,1169.0,LOW,10.0
Fusarium Wilt,0,29.6,59.3,32.0,1169.0,LOW,25.0
Early Blight,1,27.0,61.2,16.1,510.1,LOW,35.0
Late Blight,0,27.0,61.2,16.1,510.1,LOW,25.0
Fusarium Wilt,1,27.0,61.2,16.1,510.1,LOW,15.0
Early Blight,1,37.5,35.4,84.2,924.2,LOW,22.0
Late Blight,1,37.5,35.4,84.2,924.2,LOW,10.0
Fusarium Wilt,1,37.5,35.4,84.2,924.2,LOW,25.0
Early Blight,1,35.3,86.9,44.7,228.1,LOW,35.0
Late Blight,2,35.3,86.9,44.7,228.1,LOW,10.0
Fusarium Wilt,0,35.3,86.9,44.7,228.1,MEDIUM,40.0
Early Blight,0,20.6,84.3,39.9,620.2,LOW,25.0
Late Blight,1,20.6,84.3,39.9,620.2,MEDIUM,45.0
Fusarium Wilt,1,20.6,84.3,39.9,620.2,LOW,25.0
Early Blight,1,30.4,71.1,82.8,846.0,MEDIUM,52.0
Late Blight,2,30.4,71.1,82.8,846.0,LOW,10.0
Fusarium Wilt,2,30.4,71.1,82.8,846.0,LOW,25.0
Early Blight,1,21.1,70.7,88.1,450.0,LOW,35.0
Late Blight,2,21.1,70.7,88.1,450.0,LOW,25.0
Fusarium Wilt,2,21.1,70.7,88.1,450.0,LOW,25.0
Early Blight,1,31.4,86.2,57.0,798.2,MEDIUM,52.0
Late Blight,1,31.4,86.2,57.0,798.2,LOW,10.0
Fusarium Wilt,2,31.4,86.2,57.0,798.2,MEDIUM,40.0
Early Blight,1,23.0,60.2,47.0,916.8,LOW,35.0
Late Blight,0,23.0,60.2,47.0,916.8,LOW,25.0
Fusarium Wilt,2,23.0,60.2,47.0,916.8,LOW,25.0
Early Blight,1,34.6,95.8,60.5,717.5,LOW,35.0
Late Blight,1,34.6,95.8,60.5,717.5,LOW,10.0
Fusarium Wilt,2,34.6,95.8,60.5,717.5,MEDIUM,40.0
Early Blight,1,22.3,75.9,12.4,787.3,LOW,35.0
Late Blight,2,22.3,75.9,12.4,787.3,LOW,25.0
Fusarium Wilt,1,22.3,75.9,12.4,787.3,LOW,15.0
Early Blight,0,37.4,67.8,49.3,358.2,LOW,25.0
Late Blight,1,37.4,67.8,49.3,358.2,LOW,10.0
Fusarium Wilt,1,37.4,67.8,49.3,358.2,MEDIUM,40.0
Early Blight,1,20.0,97.5,55.7,296.5,LOW,35.0
Late Blight,0,20.0,97.5,55.7,296.5,MEDIUM,45.0
Fusarium Wilt,2,20.0,97.5,55.7,296.5,LOW,25.0
Early Blight,1,32.3,58.4,57.9,451.3,LOW,35.0
Late Blight,1,32.3,58.4,57.9,451.3,LOW,10.0
Fusarium Wilt,0,32.3,58.4,57.9,451.3,MEDIUM,40.0
Early Blight,1,22.3,66.4,41.4,1045.0,LOW,35.0
Late Blight,1,22.3,66.4,41.4,1045.0,LOW,25.0
Fusarium Wilt,1,22.3,66.4,41.4,1045.0,LOW,25.0
Early Blight,1,19.1,49.6,52.6,467.5,LOW,22.0
Late Blight,1,19.1,49.6,52.6,467.5,LOW,10.0
Fusarium Wilt,1,19.1,49.6,52.6,467.5,LOW,25.0
Early Blight,1,37.4,57.9,60.9,780.8,LOW,35.0
Late Blight,0,37.4,57.9,60.9,780.8,LOW,10.0
Fusarium Wilt,0,37.4,57.9,60.9,780.8,MEDIUM,40.0
Early Blight,1,36.7,52.1,30.0,726.2,LOW,35.0
Late Blight,2,36.7,52.1,30.0,726.2,LOW,10.0
Fusarium Wilt,0,36.7,52.1,30.0,726.2,LOW,25.0
Early Blight,1,30.0,67.5,79.1,1035.3,LOW,35.0
Late Blight,1,30.0,67.5,79.1,1035.3,LOW,10.0
Fusarium Wilt,1,30.0,67.5,79.1,1035.3,LOW,25.0
Early Blight,1,36.2,51.9,33.4,1083.9,LOW,35.0
Late Blight,2,36.2,51.9,33.4,1083.9,LOW,10.0
Fusarium Wilt,0,36.2,51.9,33.4,1083.9,LOW,25.0
Early Blight,0,33.3,96.2,50.0,222.3,LOW,25.0
Late Blight,1,33.3,96.2,50.0,222.3,LOW,10.0
Fusarium Wilt,2,33.3,96.2,50.0,222.3,MEDIUM,40.0
Early Blight,0,37.1,30.5,12.6,844.6,LOW,12.0
Late Blight,0,37.1,30.5,12.6,844.6,LOW,10.0
Fusarium Wilt,2,37.1,30.5,12.6,844.6,LOW,15.0
Early Blight,0,21.0,78.7,19.7,954.3,LOW,25.0
Late Blight,1,21.0,78.7,19.7,954.3,LOW,35.0
Fusarium Wilt,1,21.0,78.7,19.7,954.3,LOW,15.0
Early Blight,1,21.7,57.1,75.8,945.6,LOW,35.0
Late Blight,0,21.7,57.1,75.8,945.6,LOW,10.0
Fusarium Wilt,1,21.7,57.1,75.8,945.6,LOW,25.0
Early Blight,0,17.9,39.9,31.0,1007.8,LOW,12.0
Late Blight,2,17.9,39.9,31.0,1007.8,LOW,10.0
Fusarium Wilt,2,17.9,39.9,31.0,1007.8,LOW,25.0
Early Blight,0,36.0,84.1,26.8,206.8,LOW,25.0
Late Blight,1,36.0,84.1,26.8,206.8,LOW,10.0
Fusarium Wilt,2,36.0,84.1,26.8,206.8,LOW,25.0
Early Blight,0,21.0,50.1,45.6,966.1,LOW,25.0
Late Blight,0,21.0,50.1,45.6,966.1,LOW,10.0
Fusarium Wilt,1,21.0,50.1,45.6,966.1,LOW,25.0
Early Blight,1,21.6,45.0,39.7,499.0,LOW,22.0
Late Blight,1,21.6,45.0,39.7,499.0,LOW,20.0
Fusarium Wilt,1,21.6,45.0,39.7,499.0,LOW,25.0
Early Blight,1,25.1,50.1,69.5,864.6,LOW,35.0
Late Blight,2,25.1,50.1,69.5,864.6,LOW,10.0
Fusarium Wilt,1,25.1,50.1,69.5,864.6,MEDIUM,40.0
Early Blight,0,19.9,50.6,56.7,385.4,LOW,25.0
Late Blight,0,19.9,50.6,56.7,385.4,LOW,10.0
Fusarium Wilt,1,19.9,50.6,56.7,385.4,LOW,25.0
Early Blight,1,18.9,53.4,22.5,1037.9,LOW,35.0
Late Blight,1,18.9,53.4,22.5,1037.9,LOW,10.0
Fusarium Wilt,2,18.9,53.4,22.5,1037.9,LOW,15.0
Early Blight,0,27.1,41.9,81.8,115.7,LOW,12.0
Late Blight,2,27.1,41.9,81.8,115.7,LOW,10.0
Fusarium Wilt,2,27.1,41.9,81.8,115.7,LOW,25.0
Early Blight,1,32.9,83.7,62.0,492.2,LOW,35.0
Late Blight,0,32.9,83.7,62.0,492.2,LOW,10.0
Fusarium Wilt,0,32.9,83.7,62.0,492.2,MEDIUM,40.0
Early Blight,0,33.0,65.6,28.3,322.8,LOW,25.0
Late Blight,2,33.0,65.6,28.3,322.8,LOW,10.0
Fusarium Wilt,2,33.0,65.6,28.3,322.8,LOW,25.0
Early Blight,0,27.7,66.4,69.3,1059.9,LOW,25.0
Late Blight,1,27.7,66.4,69.3,1059.9,LOW,25.0
Fusarium Wilt,2,27.7,66.4,69.3,1059.9,MEDIUM,40.0
Early Blight,0,32.0,76.9,62.1,369.6,MEDIUM,42.0
Late Blight,2,32.0,76.9,62.1,369.6,LOW,10.0
Fusarium Wilt,0,32.0,76.9,62.1,369.6,MEDIUM,40.0
Early Blight,0,17.1,42.9,76.5,170.0,LOW,12.0
Late Blight,1,17.1,42.9,76.5,170.0,LOW,20.0
Fusarium Wilt,1,17.1,42.9,76.5,170.0,LOW,25.0
Early Blight,1,28.4,61.6,53.0,959.6,LOW,35.0
Late Blight,1,28.4,61.6,53.0,959.6,LOW,20.0
Fusarium Wilt,2,28.4,61.6,53.0,959.6,MEDIUM,40.0
Early Blight,0,19.5,66.9,27.2,636.0,LOW,25.0
Late Blight,0,19.5,66.9,27.2,636.0,LOW,25.0
Fusarium Wilt,1,19.5,66.9,27.2,636.0,LOW,25.0
Early Blight,1,32.9,43.2,74.5,775.9,LOW,22.0
Late Blight,1,32.9,43.2,74.5,775.9,LOW,10.0
Fusarium Wilt,1,32.9,43.2,74.5,775.9,LOW,25.0
Early Blight,1,19.1,64.5,51.1,1146.6,LOW,35.0
Late Blight,1,19.1,64.5,51.1,1146.6,LOW,35.0
Fusarium Wilt,1,19.1,64.5,51.1,1146.6,LOW,25.0
Early Blight,1,22.1,59.9,88.2,1140.3,LOW,35.0
Late Blight,1,22.1,59.9,88.2,1140.3,LOW,10.0
Fusarium Wilt,2,22.1,59.9,88.2,1140.3,LOW,25.0
Early Blight,1,16.5,59.4,34.4,1117.8,LOW,35.0
Late Blight,0,16.5,59.4,34.4,1117.8,LOW,10.0
Fusarium Wilt,1,16.5,59.4,34.4,1117.8,LOW,25.0
Early Blight,0,32.5,44.5,50.1,452.0,LOW,12.0
Late Blight,2,32.5,44.5,50.1,452.0,LOW,10.0
Fusarium Wilt,0,32.5,44.5,50.1,452.0,MEDIUM,40.0
Early Blight,0,18.6,40.6,71.3,964.4,LOW,12.0
Late Blight,1,18.6,40.6,71.3,964.4,LOW,20.0
Fusarium Wilt,0,18.6,40.6,71.3,964.4,LOW,25.0
Early Blight,0,30.0,83.6,72.4,396.3,MEDIUM,42.0
Late Blight,1,30.0,83.6,72.4,396.3,LOW,10.0
Fusarium Wilt,2,30.0,83.6,72.4,396.3,LOW,25.0
Early Blight,1,22.7,54.1,69.6,594.7,LOW,35.0
Late Blight,2,22.7,54.1,69.6,594.7,LOW,10.0
Fusarium Wilt,1,22.7,54.1,69.6,594.7,LOW,25.0
Early Blight,0,37.3,54.0,74.4,1172.5,LOW,25.0
Late Blight,1,37.3,54.0,74.4,1172.5,LOW,10.0
Fusarium Wilt,1,37.3,54.0,74.4,1172.5,LOW,25.0
Early Blight,1,21.8,55.4,35.7,970.0,LOW,35.0
Late Blight,1,21.8,55.4,35.7,970.0,LOW,20.0
Fusarium Wilt,1,21.8,55.4,35.7,970.0,LOW,25.0
Early Blight,1,34.7,37.3,29.5,458.0,LOW,22.0
Late Blight,1,34.7,37.3,29.5,458.0,LOW,20.0
Fusarium Wilt,1,34.7,37.3,29.5,458.0,LOW,25.0
Early Blight,1,30.2,76.8,82.7,635.7,MEDIUM,52.0
Late Blight,1,30.2,76.8,82.7,635.7,LOW,20.0
Fusarium Wilt,1,30.2,76.8,82.7,635.7,LOW,25.0
Early Blight,1,21.3,55.1,83.9,222.1,LOW,35.0
Late Blight,1,21.3,55.1,83.9,222.1,LOW,20.0
Fusarium Wilt,1,21.3,55.1,83.9,222.1,LOW,25.0
Early Blight,1,18.5,40.2,33.9,320.0,LOW,22.0
Late Blight,1,18.5,40.2,33.9,320.0,LOW,10.0
Fusarium Wilt,1,18.5,40.2,33.9,320.0,LOW,25.0
Early Blight,1,27.2,49.8,11.7,949.3,LOW,22.0
Late Blight,0,27.2,49.8,11.7,949.3,LOW,10.0
Fusarium Wilt,1,27.2,49.8,11.7,949.3,LOW,15.0
Early Blight,1,35.8,60.3,80.8,302.6,LOW,35.0
Late Blight,2,35.8,60.3,80.8,302.6,LOW,10.0
Fusarium Wilt,0,35.8,60.3,80.8,302.6,LOW,25.0
Early Blight,1,20.9,80.8,11.9,231.1,LOW,35.0
Late Blight,2,20.9,80.8,11.9,231.1,MEDIUM,45.0
Fusarium Wilt,1,20.9,80.8,11.9,231.1,LOW,15.0
Early Blight,1,36.0,64.8,11.3,580.9,LOW,35.0
Late Blight,0,36.0,64.8,11.3,580.9,LOW,10.0
Fusarium Wilt,1,36.0,64.8,11.3,580.9,LOW,15.0
Early Blight,0,28.2,73.1,68.8,721.8,MEDIUM,42.0
Late Blight,0,28.2,73.1,68.8,721.8,LOW,10.0
Fusarium Wilt,0,28.2,73.1,68.8,721.8,MEDIUM,40.0
Early Blight,0,17.0,92.7,58.8,1192.2,LOW,25.0
Late Blight,1,17.0,92.7,58.8,1192.2,MEDIUM,55.0
Fusarium Wilt,2,17.0,92.7,58.8,1192.2,LOW,25.0
Early Blight,0,35.3,80.2,62.0,180.3,LOW,25.0
Late Blight,1,35.3,80.2,62.0,180.3,LOW,10.0
Fusarium Wilt,0,35.3,80.2,62.0,180.3,MEDIUM,40.0
Early Blight,0,24.9,31.5,56.0,107.0,LOW,12.0
Late Blight,2,24.9,31.5,56.0,107.0,LOW,10.0
Fusarium Wilt,2,24.9,31.5,56.0,107.0,LOW,25.0
Early Blight,0,20.1,75.9,36.1,603.5,LOW,25.0
Late Blight,0,20.1,75.9,36.1,603.5,LOW,25.0
Fusarium Wilt,1,20.1,75.9,36.1,603.5,LOW,25.0
Early Blight,1,34.9,40.4,71.8,326.8,LOW,22.0
Late Blight,1,34.9,40.4,71.8,326.8,LOW,10.0
Fusarium Wilt,0,34.9,40.4,71.8,326.8,LOW,25.0
Early Blight,1,27.4,94.9,36.2,446.9,MEDIUM,52.0
Late Blight,2,27.4,94.9,36.2,446.9,LOW,25.0
Fusarium Wilt,2,27.4,94.9,36.2,446.9,LOW,25.0
Early Blight,0,36.5,44.8,38.4,251.0,LOW,12.0
Late Blight,1,36.5,44.8,38.4,251.0,LOW,10.0
Fusarium Wilt,2,36.5,44.8,38.4,251.0,LOW,25.0
Early Blight,1,32.1,80.3,40.4,591.5,LOW,35.0
Late Blight,2,32.1,80.3,40.4,591.5,LOW,10.0
Fusarium Wilt,1,32.1,80.3,40.4,591.5,MEDIUM,40.0
Early Blight,0,19.0,92.1,68.0,233.9,LOW,25.0
Late Blight,2,19.0,92.1,68.0,233.9,MEDIUM,45.0
Fusarium Wilt,0,19.0,92.1,68.0,233.9,LOW,25.0
Early Blight,1,22.3,43.0,88.8,979.8,LOW,22.0
Late Blight,2,22.3,43.0,88.8,979.8,LOW,10.0
Fusarium Wilt,2,22.3,43.0,88.8,979.8,LOW,25.0
Early Blight,0,33.5,57.2,78.6,490.1,LOW,25.0
Late Blight,1,33.5,57.2,78.6,490.1,LOW,20.0
Fusarium Wilt,1,33.5,57.2,78.6,490.1,LOW,25.0
Early Blight,1,38.0,35.7,61.5,528.7,LOW,22.0
Late Blight,1,38.0,35.7,61.5,528.7,LOW,20.0
Fusarium Wilt,1,38.0,35.7,61.5,528.7,MEDIUM,40.0
Early Blight,1,18.2,46.9,55.2,240.7,LOW,22.0
Late Blight,0,18.2,46.9,55.2,240.7,LOW,10.0
Fusarium Wilt,1,18.2,46.9,55.2,240.7,LOW,25.0
Early Blight,1,34.9,74.9,39.7,556.4,LOW,35.0
Late Blight,1,34.9,74.9,39.7,556.4,LOW,10.0
Fusarium Wilt,0,34.9,74.9,39.7,556.4,LOW,25.0
Early Blight,1,33.6,42.3,80.3,220.3,LOW,22.0
Late Blight,2,33.6,42.3,80.3,220.3,LOW,10.0
Fusarium Wilt,0,33.6,42.3,80.3,220.3,LOW,25.0
Early Blight,0,21.1,51.8,72.7,464.7,LOW,25.0
Late Blight,1,21.1,51.8,72.7,464.7,LOW,10.0
Fusarium Wilt,1,21.1,51.8,72.7,464.7,LOW,25.0
Early Blight,1,23.7,70.7,52.0,274.0,LOW,35.0
Late Blight,1,23.7,70.7,52.0,274.0,LOW,35.0
Fusarium Wilt,1,23.7,70.7,52.0,274.0,LOW,25.0
Early Blight,1,25.9,96.9,78.5,690.4,MEDIUM,52.0
Late Blight,0,25.9,96.9,78.5,690.4,LOW,25.0
Fusarium Wilt,2,25.9,96.9,78.5,690.4,LOW,25.0
Early Blight,0,35.8,38.7,62.5,502.1,LOW,12.0
Late Blight,1,35.8,38.7,62.5,502.1,LOW,20.0
Fusarium Wilt,0,35.8,38.7,62.5,502.1,MEDIUM,40.0
Early Blight,1,19.5,44.9,20.4,1136.5,LOW,22.0
Late Blight,2,19.5,44.9,20.4,1136.5,LOW,10.0
Fusarium Wilt,1,19.5,44.9,20.4,1136.5,LOW,15.0
Early Blight,1,17.4,45.4,24.8,825.3,LOW,22.0
Late Blight,0,17.4,45.4,24.8,825.3,LOW,10.0
Fusarium Wilt,0,17.4,45.4,24.8,825.3,LOW,15.0
Early Blight,0,35.3,81.7,20.5,564.2,LOW,25.0
Late Blight,0,35.3,81.7,20.5,564.2,LOW,10.0
Fusarium Wilt,1,35.3,81.7,20.5,564.2,LOW,15.0
Early Blight,1,23.9,33.3,25.8,300.4,LOW,22.0
Late Blight,1,23.9,33.3,25.8,300.4,LOW,10.0
Fusarium Wilt,2,23.9,33.3,25.8,300.4,LOW,25.0
Early Blight,0,28.2,62.9,37.5,791.6,LOW,25.0
Late Blight,1,28.2,62.9,37.5,791.6,LOW,20.0
Fusarium Wilt,1,28.2,62.9,37.5,791.6,LOW,25.0
Early Blight,0,27.6,38.0,32.3,945.4,LOW,12.0
Late Blight,1,27.6,38.0,32.3,945.4,LOW,10.0
Fusarium Wilt,1,27.6,38.0,32.3,945.4,LOW,25.0
Early Blight,1,26.2,67.3,63.1,834.8,LOW,35.0
Late Blight,1,26.2,67.3,63.1,834.8,LOW,35.0
Fusarium Wilt,1,26.2,67.3,63.1,834.8,MEDIUM,40.0
Early Blight,1,37.2,38.6,28.2,603.2,LOW,22.0
Late Blight,1,37.2,38.6,28.2,603.2,LOW,20.0
Fusarium Wilt,1,37.2,38.6,28.2,603.2,LOW,25.0
Early Blight,0,25.0,96.9,16.6,1053.7,MEDIUM,42.0
Late Blight,1,25.0,96.9,16.6,1053.7,LOW,25.0
Fusarium Wilt,1,25.0,96.9,16.6,1053.7,LOW,15.0
Early Blight,1,34.3,45.1,11.3,906.8,LOW,22.0
Late Blight,1,34.3,45.1,11.3,906.8,LOW,20.0
Fusarium Wilt,0,34.3,45.1,11.3,906.8,LOW,15.0
Early Blight,0,33.4,54.7,28.4,1141.9,LOW,25.0
Late Blight,2,33.4,54.7,28.4,1141.9,LOW,10.0
Fusarium Wilt,1,33.4,54.7,28.4,1141.9,LOW,25.0
Early Blight,0,29.2,87.3,70.1,267.3,MEDIUM,42.0
Late Blight,0,29.2,87.3,70.1,267.3,LOW,10.0
Fusarium Wilt,1,29.2,87.3,70.1,267.3,LOW,25.0
Early Blight,0,36.8,50.2,82.1,1169.2,LOW,25.0
Late Blight,2,36.8,50.2,82.1,1169.2,LOW,10.0
Fusarium Wilt,1,36.8,50.2,82.1,1169.2,LOW,25.0
Early Blight,0,20.8,67.8,34.9,1115.4,LOW,25.0
Late Blight,1,20.8,67.8,34.9,1115.4,LOW,35.0
Fusarium Wilt,2,20.8,67.8,34.9,1115.4,LOW,25.0
Early Blight,1,33.9,82.0,74.6,1146.0,LOW,35.0
Late Blight,0,33.9,82.0,74.6,1146.0,LOW,10.0
Fusarium Wilt,2,33.9,82.0,74.6,1146.0,LOW,25.0
Early Blight,0,34.2,34.8,87.1,403.8,LOW,12.0
Late Blight,1,34.2,34.8,87.1,403.8,LOW,10.0
Fusarium Wilt,1,34.2,34.8,87.1,403.8,LOW,25.0
Early Blight,1,25.2,75.7,70.8,111.8,MEDIUM,52.0
Late Blight,2,25.2,75.7,70.8,111.8,LOW,25.0
Fusarium Wilt,1,25.2,75.7,70.8,111.8,LOW,25.0
Early Blight,1,30.2,50.3,20.0,917.2,LOW,35.0
Late Blight,1,30.2,50.3,20.0,917.2,LOW,10.0
Fusarium Wilt,1,30.2,50.3,20.0,917.2,LOW,15.0
Early Blight,1,21.3,97.2,40.5,1080.2,LOW,35.0
Late Blight,1,21.3,97.2,40.5,1080.2,MEDIUM,45.0
Fusarium Wilt,0,21.3,97.2,40.5,1080.2,LOW,25.0
Early Blight,0,33.3,81.6,28.0,213.4,LOW,25.0
Late Blight,0,33.3,81.6,28.0,213.4,LOW,10.0
Fusarium Wilt,1,33.3,81.6,28.0,213.4,LOW,25.0
Early Blight,0,30.3,86.9,87.1,563.8,MEDIUM,42.0
Late Blight,1,30.3,86.9,87.1,563.8,LOW,20.0
Fusarium Wilt,1,30.3,86.9,87.1,563.8,LOW,25.0
Early Blight,0,20.8,64.5,43.6,1019.9,LOW,25.0
Late Blight,2,20.8,64.5,43.6,1019.9,LOW,25.0
Fusarium Wilt,1,20.8,64.5,43.6,1019.9,LOW,25.0
Early Blight,0,26.4,70.2,63.3,214.4,MEDIUM,42.0
Late Blight,0,26.4,70.2,63.3,214.4,LOW,25.0
Fusarium Wilt,1,26.4,70.2,63.3,214.4,MEDIUM,40.0
Early Blight,0,26.9,92.9,40.6,761.8,MEDIUM,42.0
Late Blight,0,26.9,92.9,40.6,761.8,LOW,25.0
Fusarium Wilt,1,26.9,92.9,40.6,761.8,MEDIUM,40.0
Early Blight,1,32.6,54.5,63.8,1094.2,LOW,35.0
Late Blight,1,32.6,54.5,63.8,1094.2,LOW,10.0
Fusarium Wilt,1,32.6,54.5,63.8,1094.2,MEDIUM,40.0
Early Blight,0,34.6,69.0,51.8,1134.2,LOW,25.0
Late Blight,0,34.6,69.0,51.8,1134.2,LOW,10.0
Fusarium Wilt,1,34.6,69.0,51.8,1134.2,MEDIUM,40.0
Early Blight,0,28.0,31.6,85.7,208.7,LOW,12.0
Late Blight,0,28.0,31.6,85.7,208.7,LOW,10.0
Fusarium Wilt,1,28.0,31.6,85.7,208.7,LOW,25.0
Early Blight,1,33.8,53.4,87.9,373.6,LOW,35.0
Late Blight,2,33.8,53.4,87.9,373.6,LOW,10.0
Fusarium Wilt,1,33.8,53.4,87.9,373.6,LOW,25.0
Early Blight,1,33.3,44.2,71.7,702.0,LOW,22.0
Late Blight,2,33.3,44.2,71.7,702.0,LOW,10.0
Fusarium Wilt,0,33.3,44.2,71.7,702.0,LOW,25.0
Early Blight,0,34.7,52.7,59.3,913.8,LOW,25.0
Late Blight,1,34.7,52.7,59.3,913.8,LOW,10.0
Fusarium Wilt,1,34.7,52.7,59.3,913.8,MEDIUM,40.0
Early Blight,1,29.7,51.3,49.8,304.8,LOW,35.0
Late Blight,1,29.7,51.3,49.8,304.8,LOW,10.0
Fusarium Wilt,1,29.7,51.3,49.8,304.8,MEDIUM,40.0
Early Blight,1,35.6,81.3,86.7,455.0,LOW,35.0
Late Blight,0,35.6,81.3,86.7,455.0,LOW,10.0
Fusarium Wilt,0,35.6,81.3,86.7,455.0,LOW,25.0
Early Blight,1,32.4,66.6,41.8,865.2,LOW,35.0
Late Blight,1,32.4,66.6,41.8,865.2,LOW,10.0
Fusarium Wilt,1,32.4,66.6,41.8,865.2,MEDIUM,40.0
Early Blight,0,21.1,78.7,52.6,536.4,LOW,25.0
Late Blight,1,21.1,78.7,52.6,536.4,LOW,25.0
Fusarium Wilt,0,21.1,78.7,52.6,536.4,LOW,25.0
Early Blight,1,21.8,68.8,16.6,1199.4,LOW,35.0
Late Blight,1,21.8,68.8,16.6,1199.4,LOW,25.0
Fusarium Wilt,1,21.8,68.8,16.6,1199.4,LOW,15.0
Early Blight,1,26.4,86.7,88.7,369.9,MEDIUM,52.0
Late Blight,1,26.4,86.7,88.7,369.9,LOW,35.0
Fusarium Wilt,2,26.4,86.7,88.7,369.9,LOW,25.0
Early Blight,0,15.5,71.6,77.0,556.0,LOW,25.0
Late Blight,1,15.5,71.6,77.0,556.0,LOW,35.0
Fusarium Wilt,0,15.5,71.6,77.0,556.0,LOW,25.0
Early Blight,0,29.4,90.4,88.3,921.5,MEDIUM,42.0
Late Blight,0,29.4,90.4,88.3,921.5,LOW,10.0
Fusarium Wilt,2,29.4,90.4,88.3,921.5,LOW,25.0
Early Blight,0,35.7,93.7,35.6,492.8,LOW,25.0
Late Blight,1,35.7,93.7,35.6,492.8,LOW,10.0
Fusarium Wilt,1,35.7,93.7,35.6,492.8,LOW,25.0
Early Blight,0,27.4,38.8,88.5,962.6,LOW,12.0
Late Blight,2,27.4,38.8,88.5,962.6,LOW,10.0
Fusarium Wilt,0,27.4,38.8,88.5,962.6,LOW,25.0
Early Blight,0,31.6,78.8,61.6,709.5,MEDIUM,42.0
Late Blight,1,31.6,78.8,61.6,709.5,LOW,10.0
Fusarium Wilt,1,31.6,78.8,61.6,709.5,MEDIUM,40.0
Early Blight,0,26.4,59.7,86.3,288.5,LOW,25.0
Late Blight,1,26.4,59.7,86.3,288.5,LOW,20.0
Fusarium Wilt,1,26.4,59.7,86.3,288.5,LOW,25.0
Early Blight,0,18.4,76.4,15.2,890.8,LOW,25.0
Late Blight,0,18.4,76.4,15.2,890.8,LOW,25.0
Fusarium Wilt,1,18.4,76.4,15.2,890.8,LOW,15.0
Early Blight,1,31.2,94.1,88.9,336.7,MEDIUM,52.0
Late Blight,0,31.2,94.1,88.9,336.7,LOW,10.0
Fusarium Wilt,1,31.2,94.1,88.9,336.7,LOW,25.0
Early Blight,0,35.1,94.3,21.5,693.6,LOW,25.0
Late Blight,2,35.1,94.3,21.5,693.6,LOW,10.0
Fusarium Wilt,0,35.1,94.3,21.5,693.6,LOW,15.0
Early Blight,0,23.2,38.1,88.2,775.2,LOW,12.0
Late Blight,0,23.2,38.1,88.2,775.2,LOW,10.0
Fusarium Wilt,1,23.2,38.1,88.2,775.2,LOW,25.0
Early Blight,1,32.5,42.2,24.5,814.3,LOW,22.0
Late Blight,2,32.5,42.2,24.5,814.3,LOW,10.0
Fusarium Wilt,0,32.5,42.2,24.5,814.3,LOW,15.0
Early Blight,1,36.8,56.3,42.6,866.1,LOW,35.0
Late Blight,2,36.8,56.3,42.6,866.1,LOW,10.0
Fusarium Wilt,1,36.8,56.3,42.6,866.1,MEDIUM,40.0
Early Blight,1,35.2,64.0,24.8,541.6,LOW,35.0
Late Blight,0,35.2,64.0,24.8,541.6,LOW,10.0
Fusarium Wilt,1,35.2,64.0,24.8,541.6,LOW,15.0
Early Blight,1,27.0,31.4,58.5,1180.2,LOW,22.0
Late Blight,2,27.0,31.4,58.5,1180.2,LOW,10.0
Fusarium Wilt,0,27.0,31.4,58.5,1180.2,MEDIUM,40.0
Early Blight,0,15.1,56.2,12.2,1095.7,LOW,25.0
Late Blight,0,15.1,56.2,12.2,1095.7,LOW,10.0
Fusarium Wilt,1,15.1,56.2,12.2,1095.7,LOW,15.0
Early Blight,0,19.2,44.8,37.6,1059.3,LOW,12.0
Late Blight,0,19.2,44.8,37.6,1059.3,LOW,10.0
Fusarium Wilt,0,19.2,44.8,37.6,1059.3,LOW,25.0
Early Blight,1,35.2,42.1,21.9,1000.9,LOW,22.0
Late Blight,1,35.2,42.1,21.9,1000.9,LOW,10.0
Fusarium Wilt,0,35.2,42.1,21.9,1000.9,LOW,15.0
Early Blight,1,33.6,51.2,33.3,484.0,LOW,35.0
Late Blight,0,33.6,51.2,33.3,484.0,LOW,10.0
Fusarium Wilt,1,33.6,51.2,33.3,484.0,LOW,25.0
Early Blight,0,37.9,92.6,85.0,1121.5,LOW,25.0
Late Blight,2,37.9,92.6,85.0,1121.5,LOW,10.0
Fusarium Wilt,1,37.9,92.6,85.0,1121.5,LOW,25.0
Early Blight,1,22.8,54.9,29.2,999.3,LOW,35.0
Late Blight,2,22.8,54.9,29.2,999.3,LOW,10.0
Fusarium Wilt,0,22.8,54.9,29.2,999.3,LOW,25.0
Early Blight,1,33.7,91.9,66.6,1023.0,LOW,35.0
Late Blight,0,33.7,91.9,66.6,1023.0,LOW,10.0
Fusarium Wilt,1,33.7,91.9,66.6,1023.0,MEDIUM,40.0
Early Blight,1,28.2,66.2,41.5,701.0,LOW,35.0
Late Blight,2,28.2,66.2,41.5,701.0,LOW,10.0
Fusarium Wilt,1,28.2,66.2,41.5,701.0,MEDIUM,40.0
Early Blight,1,24.8,59.6,16.6,126.2,LOW,35.0
Late Blight,0,24.8,59.6,16.6,126.2,LOW,10.0
Fusarium Wilt,1,24.8,59.6,16.6,126.2,LOW,15.0
Early Blight,1,32.7,82.4,65.9,680.3,LOW,35.0
Late Blight,1,32.7,82.4,65.9,680.3,LOW,20.0
Fusarium Wilt,0,32.7,82.4,65.9,680.3,MEDIUM,40.0
Early Blight,1,27.5,73.6,69.1,687.7,MEDIUM,52.0
Late Blight,2,27.5,73.6,69.1,687.7,LOW,25.0
Fusarium Wilt,1,27.5,73.6,69.1,687.7,MEDIUM,40.0
Early Blight,1,34.0,89.4,69.1,676.4,LOW,35.0
Late Blight,1,34.0,89.4,69.1,676.4,LOW,10.0
Fusarium Wilt,1,34.0,89.4,69.1,676.4,MEDIUM,40.0
Early Blight,1,36.8,90.7,67.0,180.3,LOW,35.0
Late Blight,1,36.8,90.7,67.0,180.3,LOW,10.0
Fusarium Wilt,1,36.8,90.7,67.0,180.3,MEDIUM,40.0
Early Blight,1,19.7,76.9,83.9,105.2,LOW,35.0
Late Blight,0,19.7,76.9,83.9,105.2,LOW,25.0
Fusarium Wilt,0,19.7,76.9,83.9,105.2,LOW,25.0
Early Blight,1,34.0,55.3,77.0,149.2,LOW,35.0
Late Blight,1,34.0,55.3,77.0,149.2,LOW,10.0
Fusarium Wilt,1,34.0,55.3,77.0,149.2,LOW,25.0
Early Blight,0,28.1,88.7,60.1,325.4,MEDIUM,42.0
Late Blight,1,28.1,88.7,60.1,325.4,LOW,20.0
Fusarium Wilt,1,28.1,88.7,60.1,325.4,MEDIUM,40.0
Early Blight,1,24.5,48.9,82.1,998.4,LOW,22.0
Late Blight,0,24.5,48.9,82.1,998.4,LOW,10.0
Fusarium Wilt,1,24.5,48.9,82.1,998.4,LOW,25.0
Early Blight,1,25.3,75.1,27.8,801.4,MEDIUM,52.0
Late Blight,1,25.3,75.1,27.8,801.4,LOW,35.0
Fusarium Wilt,2,25.3,75.1,27.8,801.4,LOW,25.0
Early Blight,1,36.7,47.4,64.5,1123.7,LOW,22.0
Late Blight,1,36.7,47.4,64.5,1123.7,LOW,20.0
Fusarium Wilt,1,36.7,47.4,64.5,1123.7,MEDIUM,40.0
Early Blight,0,17.7,86.0,80.7,1145.2,LOW,25.0
Late Blight,2,17.7,86.0,80.7,1145.2,MEDIUM,45.0
Fusarium Wilt,1,17.7,86.0,80.7,1145.2,LOW,25.0
Early Blight,0,17.5,45.5,76.6,302.9,LOW,12.0
Late Blight,1,17.5,45.5,76.6,302.9,LOW,20.0
Fusarium Wilt,1,17.5,45.5,76.6,302.9,LOW,25.0
Early Blight,0,18.3,70.6,13.3,1127.0,LOW,25.0
Late Blight,2,18.3,70.6,13.3,1127.0,LOW,25.0
Fusarium Wilt,1,18.3,70.6,13.3,1127.0,LOW,15.0
Early Blight,1,36.8,53.2,86.0,1114.0,LOW,35.0
Late Blight,1,36.8,53.2,86.0,1114.0,LOW,10.0
Fusarium Wilt,2,36.8,53.2,86.0,1114.0,LOW,25.0
Early Blight,0,21.7,34.3,24.7,313.8,LOW,12.0
Late Blight,1,21.7,34.3,24.7,313.8,LOW,10.0
Fusarium Wilt,2,21.7,34.3,24.7,313.8,LOW,15.0
Early Blight,1,27.2,67.9,21.5,1160.6,LOW,35.0
Late Blight,1,27.2,67.9,21.5,1160.6,LOW,35.0
Fusarium Wilt,0,27.2,67.9,21.5,1160.6,LOW,15.0
Early Blight,1,18.9,93.4,39.6,257.8,LOW,35.0
Late Blight,2,18.9,93.4,39.6,257.8,MEDIUM,45.0
Fusarium Wilt,0,18.9,93.4,39.6,257.8,LOW,25.0
Early Blight,0,32.7,38.1,28.0,791.1,LOW,12.0
Late Blight,1,32.7,38.1,28.0,791.1,LOW,10.0
Fusarium Wilt,0,32.7,38.1,28.0,791.1,LOW,25.0
Early Blight,0,29.8,49.2,59.3,594.6,LOW,12.0
Late Blight,0,29.8,49.2,59.3,594.6,LOW,10.0
Fusarium Wilt,1,29.8,49.2,59.3,594.6,MEDIUM,40.0
Early Blight,1,25.5,92.5,22.3,690.1,MEDIUM,52.0
Late Blight,1,25.5,92.5,22.3,690.1,LOW,25.0
Fusarium Wilt,1,25.5,92.5,22.3,690.1,LOW,15.0
Early Blight,0,38.0,90.0,39.4,123.0,LOW,25.0
Late Blight,2,38.0,90.0,39.4,123.0,LOW,10.0
Fusarium Wilt,0,38.0,90.0,39.4,123.0,LOW,25.0
Early Blight,0,20.2,57.4,77.2,488.2,LOW,25.0
Late Blight,2,20.2,57.4,77.2,488.2,LOW,10.0
Fusarium Wilt,1,20.2,57.4,77.2,488.2,LOW,25.0
Early Blight,0,23.9,54.7,36.1,538.8,LOW,25.0
Late Blight,2,23.9,54.7,36.1,538.8,LOW,10.0
Fusarium Wilt,2,23.9,54.7,36.1,538.8,LOW,25.0
Early Blight,0,35.1,74.8,59.5,1090.4,LOW,25.0
Late Blight,1,35.1,74.8,59.5,1090.4,LOW,20.0
Fusarium Wilt,1,35.1,74.8,59.5,1090.4,MEDIUM,40.0
Early Blight,0,18.3,37.4,62.2,430.4,LOW,12.0
Late Blight,0,18.3,37.4,62.2,430.4,LOW,10.0
Fusarium Wilt,2,18.3,37.4,62.2,430.4,LOW,25.0
Early Blight,1,27.7,40.7,40.7,669.3,LOW,22.0
Late Blight,1,27.7,40.7,40.7,669.3,LOW,10.0
Fusarium Wilt,1,27.7,40.7,40.7,669.3,MEDIUM,40.0
Early Blight,1,21.3,80.7,55.1,271.4,LOW,35.0
Late Blight,1,21.3,80.7,55.1,271.4,MEDIUM,55.0
Fusarium Wilt,2,21.3,80.7,55.1,271.4,LOW,25.0
Early Blight,0,35.0,38.9,84.5,447.8,LOW,12.0
Late Blight,0,35.0,38.9,84.5,447.8,LOW,10.0
Fusarium Wilt,0,35.0,38.9,84.5,447.8,LOW,25.0
Early Blight,1,33.1,35.8,10.7,1048.5,LOW,22.0
Late Blight,1,33.1,35.8,10.7,1048.5,LOW,20.0
Fusarium Wilt,1,33.1,35.8,10.7,1048.5,LOW,15.0
Early Blight,0,18.5,44.5,77.3,499.2,LOW,12.0
Late Blight,0,18.5,44.5,77.3,499.2,LOW,10.0
Fusarium Wilt,1,18.5,44.5,77.3,499.2,LOW,25.0
Early Blight,1,21.7,36.9,55.0,1090.9,LOW,22.0
Late Blight,1,21.7,36.9,55.0,1090.9,LOW,10.0
Fusarium Wilt,1,21.7,36.9,55.0,1090.9,LOW,25.0
Early Blight,0,27.7,61.9,88.7,859.0,LOW,25.0
Late Blight,0,27.7,61.9,88.7,859.0,LOW,25.0
Fusarium Wilt,2,27.7,61.9,88.7,859.0,LOW,25.0
Early Blight,1,32.4,39.2,40.5,517.3,LOW,22.0
Late Blight,1,32.4,39.2,40.5,517.3,LOW,10.0
Fusarium Wilt,0,32.4,39.2,40.5,517.3,MEDIUM,40.0
Early Blight,0,28.5,42.4,81.5,1167.3,LOW,12.0
Late Blight,0,28.5,42.4,81.5,1167.3,LOW,10.0
Fusarium Wilt,0,28.5,42.4,81.5,1167.3,LOW,25.0
Early Blight,1,16.6,39.2,34.0,533.0,LOW,22.0
Late Blight,0,16.6,39.2,34.0,533.0,LOW,10.0
Fusarium Wilt,0,16.6,39.2,34.0,533.0,LOW,25.0
Early Blight,0,22.4,78.4,85.9,191.4,LOW,25.0
Late Blight,1,22.4,78.4,85.9,191.4,LOW,35.0
Fusarium Wilt,1,22.4,78.4,85.9,191.4,LOW,25.0
Early Blight,0,18.9,87.9,25.4,408.3,LOW,25.0
Late Blight,1,18.9,87.9,25.4,408.3,MEDIUM,55.0
Fusarium Wilt,1,18.9,87.9,25.4,408.3,LOW,25.0
Early Blight,1,20.5,50.9,45.9,576.2,LOW,35.0
Late Blight,0,20.5,50.9,45.9,576.2,LOW,10.0
Fusarium Wilt,2,20.5,50.9,45.9,576.2,LOW,25.0
Early Blight,0,27.7,38.9,88.3,786.6,LOW,12.0
Late Blight,2,27.7,38.9,88.3,786.6,LOW,10.0
Fusarium Wilt,1,27.7,38.9,88.3,786.6,LOW,25.0
Early Blight,0,15.8,75.7,65.7,469.2,LOW,25.0
Late Blight,0,15.8,75.7,65.7,469.2,LOW,25.0
Fusarium Wilt,2,15.8,75.7,65.7,469.2,LOW,25.0
Early Blight,1,36.7,78.9,54.2,637.7,LOW,35.0
Late Blight,0,36.7,78.9,54.2,637.7,LOW,10.0
Fusarium Wilt,1,36.7,78.9,54.2,637.7,MEDIUM,40.0
Early Blight,0,22.3,64.6,19.1,991.8,LOW,25.0
Late Blight,2,22.3,64.6,19.1,991.8,LOW,25.0
Fusarium Wilt,2,22.3,64.6,19.1,991.8,LOW,15.0
Early Blight,1,33.4,83.0,79.1,110.6,LOW,35.0
Late Blight,0,33.4,83.0,79.1,110.6,LOW,10.0
Fusarium Wilt,1,33.4,83.0,79.1,110.6,LOW,25.0
Early Blight,0,29.4,89.3,46.9,1060.7,MEDIUM,42.0
Late Blight,2,29.4,89.3,46.9,1060.7,LOW,10.0
Fusarium Wilt,1,29.4,89.3,46.9,1060.7,MEDIUM,40.0
Early Blight,1,32.2,35.5,17.3,1146.5,LOW,22.0
Late Blight,1,32.2,35.5,17.3,1146.5,LOW,20.0
Fusarium Wilt,2,32.2,35.5,17.3,1146.5,LOW,15.0
Early Blight,0,22.4,66.0,48.1,317.0,LOW,25.0
Late Blight,1,22.4,66.0,48.1,317.0,LOW,35.0
Fusarium Wilt,1,22.4,66.0,48.1,317.0,LOW,25.0
Early Blight,1,34.9,34.2,24.8,106.9,LOW,22.0
Late Blight,2,34.9,34.2,24.8,106.9,LOW,10.0
Fusarium Wilt,0,34.9,34.2,24.8,106.9,LOW,15.0
Early Blight,1,31.1,77.8,16.1,305.8,MEDIUM,52.0
Late Blight,1,31.1,77.8,16.1,305.8,LOW,20.0
Fusarium Wilt,0,31.1,77.8,16.1,305.8,LOW,15.0
Early Blight,0,28.8,64.5,32.8,569.2,LOW,25.0
Late Blight,0,28.8,64.5,32.8,569.2,LOW,10.0
Fusarium Wilt,0,28.8,64.5,32.8,569.2,LOW,25.0
Early Blight,1,20.8,81.3,15.2,169.1,LOW,35.0
Late Blight,0,20.8,81.3,15.2,169.1,MEDIUM,45.0
Fusarium Wilt,1,20.8,81.3,15.2,169.1,LOW,15.0
Early Blight,1,32.6,78.7,11.0,918.7,LOW,35.0
Late Blight,0,32.6,78.7,11.0,918.7,LOW,10.0
Fusarium Wilt,1,32.6,78.7,11.0,918.7,LOW,15.0
Early Blight,1,30.6,34.5,31.0,1023.7,LOW,22.0
Late Blight,1,30.6,34.5,31.0,1023.7,LOW,20.0
Fusarium Wilt,1,30.6,34.5,31.0,1023.7,LOW,25.0
Early Blight,1,22.2,97.9,25.2,746.0,LOW,35.0
Late Blight,2,22.2,97.9,25.2,746.0,MEDIUM,45.0
Fusarium Wilt,1,22.2,97.9,25.2,746.0,LOW,25.0
Early Blight,1,34.5,96.1,47.1,1089.0,LOW,35.0
Late Blight,1,34.5,96.1,47.1,1089.0,LOW,10.0
Fusarium Wilt,2,34.5,96.1,47.1,1089.0,MEDIUM,40.0
Early Blight,1,18.2,51.5,89.2,795.4,LOW,35.0
Late Blight,1,18.2,51.5,89.2,795.4,LOW,10.0
Fusarium Wilt,1,18.2,51.5,89.2,795.4,LOW,25.0
Early Blight,1,28.6,42.5,17.6,530.4,LOW,22.0
Late Blight,2,28.6,42.5,17.6,530.4,LOW,10.0
Fusarium Wilt,2,28.6,42.5,17.6,530.4,LOW,15.0
Early Blight,0,37.0,67.4,28.2,635.2,LOW,25.0
Late Blight,1,37.0,67.4,28.2,635.2,LOW,10.0
Fusarium Wilt,1,37.0,67.4,28.2,635.2,LOW,25.0
Early Blight,1,16.4,95.4,15.4,455.6,LOW,35.0
Late Blight,2,16.4,95.4,15.4,455.6,MEDIUM,45.0
Fusarium Wilt,0,16.4,95.4,15.4,455.6,LOW,15.0
Early Blight,0,24.6,30.9,34.6,274.5,LOW,12.0
Late Blight,1,24.6,30.9,34.6,274.5,LOW,20.0
Fusarium Wilt,2,24.6,30.9,34.6,274.5,LOW,25.0
Early Blight,1,21.5,79.3,74.6,1050.5,LOW,35.0
Late Blight,1,21.5,79.3,74.6,1050.5,LOW,35.0
Fusarium Wilt,2,21.5,79.3,74.6,1050.5,LOW,25.0
Early Blight,1,19.8,52.2,28.7,1059.1,LOW,35.0
Late Blight,0,19.8,52.2,28.7,1059.1,LOW,10.0
Fusarium Wilt,0,19.8,52.2,28.7,1059.1,LOW,25.0
Early Blight,1,28.3,52.5,25.6,239.8,LOW,35.0
Late Blight,0,28.3,52.5,25.6,239.8,LOW,10.0
Fusarium Wilt,1,28.3,52.5,25.6,239.8,LOW,25.0
Early Blight,1,20.5,85.7,49.1,616.7,LOW,35.0
Late Blight,1,20.5,85.7,49.1,616.7,MEDIUM,55.0
Fusarium Wilt,0,20.5,85.7,49.1,616.7,LOW,25.0
Early Blight,0,16.9,63.4,58.2,1080.0,LOW,25.0
Late Blight,2,16.9,63.4,58.2,1080.0,LOW,25.0
Fusarium Wilt,0,16.9,63.4,58.2,1080.0,LOW,25.0
Early Blight,1,21.4,39.7,77.8,164.9,LOW,22.0
Late Blight,1,21.4,39.7,77.8,164.9,LOW,20.0
Fusarium Wilt,1,21.4,39.7,77.8,164.9,LOW,25.0
Early Blight,0,18.4,48.5,35.6,1183.8,LOW,12.0
Late Blight,0,18.4,48.5,35.6,1183.8,LOW,10.0
Fusarium Wilt,0,18.4,48.5,35.6,1183.8,LOW,25.0
Early Blight,1,28.7,38.2,68.7,909.0,LOW,22.0
Late Blight,1,28.7,38.2,68.7,909.0,LOW,20.0
Fusarium Wilt,1,28.7,38.2,68.7,909.0,MEDIUM,40.0
Early Blight,1,33.8,30.7,30.9,258.5,LOW,22.0
Late Blight,0,33.8,30.7,30.9,258.5,LOW,10.0
Fusarium Wilt,2,33.8,30.7,30.9,258.5,LOW,25.0
Early Blight,0,35.9,40.0,60.1,710.8,LOW,12.0
Late Blight,1,35.9,40.0,60.1,710.8,LOW,20.0
Fusarium Wilt,2,35.9,40.0,60.1,710.8,MEDIUM,40.0
Early Blight,0,31.2,60.8,23.0,241.4,LOW,25.0
Late Blight,1,31.2,60.8,23.0,241.4,LOW,10.0
Fusarium Wilt,1,31.2,60.8,23.0,241.4,LOW,15.0
Early Blight,0,22.3,79.0,54.0,791.8,LOW,25.0
Late Blight,2,22.3,79.0,54.0,791.8,LOW,25.0
Fusarium Wilt,1,22.3,79.0,54.0,791.8,LOW,25.0
Early Blight,1,21.5,68.5,55.5,1071.6,LOW,35.0
Late Blight,1,21.5,68.5,55.5,1071.6,LOW,35.0
Fusarium Wilt,2,21.5,68.5,55.5,1071.6,LOW,25.0
Early Blight,0,18.5,65.5,85.2,358.5,LOW,25.0
Late Blight,1,18.5,65.5,85.2,358.5,LOW,35.0
Fusarium Wilt,1,18.5,65.5,85.2,358.5,LOW,25.0
Early Blight,1,26.3,67.1,52.0,806.0,LOW,35.0
Late Blight,1,26.3,67.1,52.0,806.0,LOW,25.0
Fusarium Wilt,1,26.3,67.1,52.0,806.0,MEDIUM,40.0
Early Blight,0,17.7,92.0,30.9,363.2,LOW,25.0
Late Blight,1,17.7,92.0,30.9,363.2,MEDIUM,55.0
Fusarium Wilt,1,17.7,92.0,30.9,363.2,LOW,25.0
Early Blight,0,16.0,44.9,28.6,267.9,LOW,12.0
Late Blight,1,16.0,44.9,28.6,267.9,LOW,20.0
Fusarium Wilt,0,16.0,44.9,28.6,267.9,LOW,25.0
Early Blight,0,15.4,82.1,49.4,836.6,LOW,25.0
Late Blight,1,15.4,82.1,49.4,836.6,MEDIUM,55.0
Fusarium Wilt,1,15.4,82.1,49.4,836.6,LOW,25.0
Early Blight,1,28.4,30.5,66.1,739.7,LOW,22.0
Late Blight,1,28.4,30.5,66.1,739.7,LOW,20.0
Fusarium Wilt,1,28.4,30.5,66.1,739.7,MEDIUM,40.0
Early Blight,0,36.0,80.6,32.5,711.9,LOW,25.0
Late Blight,2,36.0,80.6,32.5,711.9,LOW,10.0
Fusarium Wilt,1,36.0,80.6,32.5,711.9,LOW,25.0
Early Blight,1,22.5,47.7,19.5,413.9,LOW,22.0
Late Blight,0,22.5,47.7,19.5,413.9,LOW,10.0
Fusarium Wilt,1,22.5,47.7,19.5,413.9,LOW,15.0
Early Blight,0,19.3,32.8,74.4,917.1,LOW,12.0
Late Blight,1,19.3,32.8,74.4,917.1,LOW,10.0
Fusarium Wilt,0,19.3,32.8,74.4,917.1,LOW,25.0
Early Blight,1,30.5,90.3,75.4,497.0,MEDIUM,52.0
Late Blight,0,30.5,90.3,75.4,497.0,LOW,10.0
Fusarium Wilt,1,30.5,90.3,75.4,497.0,LOW,25.0
Early Blight,1,26.8,51.1,27.3,299.0,LOW,35.0
Late Blight,1,26.8,51.1,27.3,299.0,LOW,10.0
Fusarium Wilt,1,26.8,51.1,27.3,299.0,LOW,25.0
Early Blight,0,24.0,81.3,83.7,628.2,MEDIUM,42.0
Late Blight,0,24.0,81.3,83.7,628.2,MEDIUM,45.0
Fusarium Wilt,1,24.0,81.3,83.7,628.2,LOW,25.0
Early Blight,1,17.5,30.0,12.5,155.0,LOW,22.0
Late Blight,2,17.5,30.0,12.5,155.0,LOW,10.0
Fusarium Wilt,1,17.5,30.0,12.5,155.0,LOW,15.0
Early Blight,0,37.1,36.6,39.4,810.3,LOW,12.0
Late Blight,1,37.1,36.6,39.4,810.3,LOW,20.0
Fusarium Wilt,1,37.1,36.6,39.4,810.3,LOW,25.0
Early Blight,1,21.8,32.4,19.6,256.0,LOW,22.0
Late Blight,0,21.8,32.4,19.6,256.0,LOW,10.0
Fusarium Wilt,1,21.8,32.4,19.6,256.0,LOW,15.0
Early Blight,0,29.6,94.8,73.4,1068.3,MEDIUM,42.0
Late Blight,2,29.6,94.8,73.4,1068.3,LOW,10.0
Fusarium Wilt,1,29.6,94.8,73.4,1068.3,LOW,25.0
Early Blight,0,35.4,77.3,31.9,124.8,LOW,25.0
Late Blight,1,35.4,77.3,31.9,124.8,LOW,10.0
Fusarium Wilt,2,35.4,77.3,31.9,124.8,LOW,25.0
Early Blight,1,23.7,32.5,44.6,612.3,LOW,22.0
Late Blight,1,23.7,32.5,44.6,612.3,LOW,10.0
Fusarium Wilt,0,23.7,32.5,44.6,612.3,LOW,25.0
Early Blight,1,35.2,78.3,67.5,323.0,LOW,35.0
Late Blight,0,35.2,78.3,67.5,323.0,LOW,10.0
Fusarium Wilt,1,35.2,78.3,67.5,323.0,MEDIUM,40.0
Early Blight,0,33.6,97.7,13.5,719.5,LOW,25.0
Late Blight,0,33.6,97.7,13.5,719.5,LOW,10.0
Fusarium Wilt,0,33.6,97.7,13.5,719.5,LOW,15.0
Early Blight,0,32.1,49.5,17.1,504.0,LOW,12.0
Late Blight,1,32.1,49.5,17.1,504.0,LOW,20.0
Fusarium Wilt,0,32.1,49.5,17.1,504.0,LOW,15.0
Early Blight,0,27.4,51.8,61.1,547.7,LOW,25.0
Late Blight,1,27.4,51.8,61.1,547.7,LOW,10.0
Fusarium Wilt,1,27.4,51.8,61.1,547.7,MEDIUM,40.0
Early Blight,0,30.5,90.5,64.1,548.6,MEDIUM,42.0
Late Blight,2,30.5,90.5,64.1,548.6,LOW,10.0
Fusarium Wilt,1,30.5,90.5,64.1,548.6,MEDIUM,40.0
Early Blight,0,29.8,60.7,53.1,848.4,LOW,25.0
Late Blight,1,29.8,60.7,53.1,848.4,LOW,10.0
Fusarium Wilt,1,29.8,60.7,53.1,848.4,MEDIUM,40.0
Early Blight,0,22.9,73.0,69.6,1036.2,LOW,25.0
Late Blight,0,22.9,73.0,69.6,1036.2,LOW,25.0
Fusarium Wilt,1,22.9,73.0,69.6,1036.2,LOW,25.0
Early Blight,0,33.9,89.9,89.2,698.4,LOW,25.0
Late Blight,1,33.9,89.9,89.2,698.4,LOW,20.0
Fusarium Wilt,0,33.9,89.9,89.2,698.4,LOW,25.0
Early Blight,1,32.0,76.5,73.0,638.1,MEDIUM,52.0
Late Blight,1,32.0,76.5,73.0,638.1,LOW,20.0
Fusarium Wilt,0,32.0,76.5,73.0,638.1,LOW,25.0
Early Blight,0,33.8,44.9,38.1,548.8,LOW,12.0
Late Blight,1,33.8,44.9,38.1,548.8,LOW,10.0
Fusarium Wilt,1,33.8,44.9,38.1,548.8,LOW,25.0
Early Blight,0,35.6,42.8,10.0,973.0,LOW,12.0
Late Blight,2,35.6,42.8,10.0,973.0,LOW,10.0
Fusarium Wilt,1,35.6,42.8,10.0,973.0,LOW,15.0
Early Blight,1,20.6,57.6,76.0,696.2,LOW,35.0
Late Blight,1,20.6,57.6,76.0,696.2,LOW,20.0
Fusarium Wilt,2,20.6,57.6,76.0,696.2,LOW,25.0
Early Blight,0,19.3,82.8,15.7,378.8,LOW,25.0
Late Blight,2,19.3,82.8,15.7,378.8,MEDIUM,45.0
Fusarium Wilt,1,19.3,82.8,15.7,378.8,LOW,15.0
Early Blight,0,21.9,56.4,26.7,571.4,LOW,25.0
Late Blight,1,21.9,56.4,26.7,571.4,LOW,10.0
Fusarium Wilt,2,21.9,56.4,26.7,571.4,LOW,25.0
Early Blight,0,15.7,51.7,12.5,870.7,LOW,25.0
Late Blight,1,15.7,51.7,12.5,870.7,LOW,10.0
Fusarium Wilt,1,15.7,51.7,12.5,870.7,LOW,15.0
Early Blight,1,29.3,53.9,87.7,639.3,LOW,35.0
Late Blight,2,29.3,53.9,87.7,639.3,LOW,10.0
Fusarium Wilt,1,29.3,53.9,87.7,639.3,LOW,25.0
Early Blight,0,27.5,35.6,67.9,887.2,LOW,12.0
Late Blight,1,27.5,35.6,67.9,887.2,LOW,10.0
Fusarium Wilt,1,27.5,35.6,67.9,887.2,MEDIUM,40.0
Early Blight,1,15.8,51.1,72.2,1040.1,LOW,35.0
Late Blight,2,15.8,51.1,72.2,1040.1,LOW,10.0
Fusarium Wilt,1,15.8,51.1,72.2,1040.1,LOW,25.0
Early Blight,1,33.0,93.6,45.6,652.3,LOW,35.0
Late Blight,1,33.0,93.6,45.6,652.3,LOW,20.0
Fusarium Wilt,0,33.0,93.6,45.6,652.3,MEDIUM,40.0
Early Blight,0,16.1,69.8,65.9,640.2,LOW,25.0
Late Blight,2,16.1,69.8,65.9,640.2,LOW,25.0
Fusarium Wilt,2,16.1,69.8,65.9,640.2,LOW,25.0
Early Blight,1,17.5,40.5,77.0,319.0,LOW,22.0
Late Blight,1,17.5,40.5,77.0,319.0,LOW,10.0
Fusarium Wilt,0,17.5,40.5,77.0,319.0,LOW,25.0
Early Blight,0,32.8,33.0,24.6,474.1,LOW,12.0
Late Blight,1,32.8,33.0,24.6,474.1,LOW,20.0
Fusarium Wilt,1,32.8,33.0,24.6,474.1,LOW,15.0
Early Blight,0,36.0,36.9,21.1,914.4,LOW,12.0
Late Blight,1,36.0,36.9,21.1,914.4,LOW,20.0
Fusarium Wilt,1,36.0,36.9,21.1,914.4,LOW,15.0
Early Blight,1,15.5,65.7,65.5,798.3,LOW,35.0
Late Blight,2,15.5,65.7,65.5,798.3,LOW,25.0
Fusarium Wilt,1,15.5,65.7,65.5,798.3,LOW,25.0
Early Blight,1,16.5,47.9,85.9,493.4,LOW,22.0
Late Blight,0,16.5,47.9,85.9,493.4,LOW,10.0
Fusarium Wilt,1,16.5,47.9,85.9,493.4,LOW,25.0
Early Blight,0,18.7,68.8,63.2,590.7,LOW,25.0
Late Blight,2,18.7,68.8,63.2,590.7,LOW,25.0
Fusarium Wilt,1,18.7,68.8,63.2,590.7,LOW,25.0
Early Blight,1,19.3,58.1,54.8,355.5,LOW,35.0
Late Blight,1,19.3,58.1,54.8,355.5,LOW,10.0
Fusarium Wilt,2,19.3,58.1,54.8,355.5,LOW,25.0
Early Blight,1,33.1,37.7,63.3,744.1,LOW,22.0
Late Blight,1,33.1,37.7,63.3,744.1,LOW,20.0
Fusarium Wilt,0,33.1,37.7,63.3,744.1,MEDIUM,40.0
Early Blight,1,33.4,42.8,48.0,626.6,LOW,22.0
Late Blight,1,33.4,42.8,48.0,626.6,LOW,10.0
Fusarium Wilt,0,33.4,42.8,48.0,626.6,MEDIUM,40.0
Early Blight,1,18.4,38.6,50.8,1047.3,LOW,22.0
Late Blight,0,18.4,38.6,50.8,1047.3,LOW,10.0
Fusarium Wilt,1,18.4,38.6,50.8,1047.3,LOW,25.0
Early Blight,1,32.3,87.1,38.9,347.9,LOW,35.0
Late Blight,2,32.3,87.1,38.9,347.9,LOW,10.0
Fusarium Wilt,0,32.3,87.1,38.9,347.9,LOW,25.0
Early Blight,0,15.6,75.7,84.5,529.9,LOW,25.0
Late Blight,0,15.6,75.7,84.5,529.9,LOW,25.0
Fusarium Wilt,1,15.6,75.7,84.5,529.9,LOW,25.0
Early Blight,1,33.2,90.4,61.7,931.0,LOW,35.0
Late Blight,1,33.2,90.4,61.7,931.0,LOW,20.0
Fusarium Wilt,1,33.2,90.4,61.7,931.0,MEDIUM,40.0
Early Blight,1,15.7,34.5,16.8,1080.8,LOW,22.0
Late Blight,1,15.7,34.5,16.8,1080.8,LOW,20.0
Fusarium Wilt,2,15.7,34.5,16.8,1080.8,LOW,15.0
Early Blight,1,33.6,92.4,34.3,688.8,LOW,35.0
Late Blight,1,33.6,92.4,34.3,688.8,LOW,10.0
Fusarium Wilt,1,33.6,92.4,34.3,688.8,LOW,25.0
Early Blight,0,35.0,76.8,65.6,1115.8,LOW,25.0
Late Blight,0,35.0,76.8,65.6,1115.8,LOW,10.0
Fusarium Wilt,2,35.0,76.8,65.6,1115.8,MEDIUM,40.0
Early Blight,1,26.3,53.3,51.4,794.5,LOW,35.0
Late Blight,2,26.3,53.3,51.4,794.5,LOW,10.0
Fusarium Wilt,1,26.3,53.3,51.4,794.5,MEDIUM,40.0
Early Blight,1,22.2,91.6,82.6,722.6,LOW,35.0
Late Blight,1,22.2,91.6,82.6,722.6,MEDIUM,45.0
Fusarium Wilt,1,22.2,91.6,82.6,722.6,LOW,25.0
Early Blight,0,21.1,58.8,62.7,945.1,LOW,25.0
Late Blight,1,21.1,58.8,62.7,945.1,LOW,10.0
Fusarium Wilt,1,21.1,58.8,62.7,945.1,LOW,25.0
Early Blight,0,23.3,66.9,35.7,977.8,LOW,25.0
Late Blight,1,23.3,66.9,35.7,977.8,LOW,25.0
Fusarium Wilt,0,23.3,66.9,35.7,977.8,LOW,25.0
Early Blight,0,19.7,83.7,76.4,301.4,LOW,25.0
Late Blight,2,19.7,83.7,76.4,301.4,MEDIUM,45.0
Fusarium Wilt,2,19.7,83.7,76.4,301.4,LOW,25.0
Early Blight,1,28.1,66.5,21.7,766.6,LOW,35.0
Late Blight,0,28.1,66.5,21.7,766.6,LOW,10.0
Fusarium Wilt,1,28.1,66.5,21.7,766.6,LOW,15.0
Early Blight,0,19.3,93.5,84.2,600.2,LOW,25.0
Late Blight,1,19.3,93.5,84.2,600.2,MEDIUM,55.0
Fusarium Wilt,1,19.3,93.5,84.2,600.2,LOW,25.0
Early Blight,1,16.2,59.1,88.5,754.8,LOW,35.0
Late Blight,2,16.2,59.1,88.5,754.8,LOW,10.0
Fusarium Wilt,2,16.2,59.1,88.5,754.8,LOW,25.0
Early Blight,0,33.4,33.7,77.8,405.1,LOW,12.0
Late Blight,1,33.4,33.7,77.8,405.1,LOW,10.0
Fusarium Wilt,0,33.4,33.7,77.8,405.1,LOW,25.0
Early Blight,1,19.7,90.6,55.3,110.8,LOW,35.0
Late Blight,1,19.7,90.6,55.3,110.8,MEDIUM,55.0
Fusarium Wilt,2,19.7,90.6,55.3,110.8,LOW,25.0
Early Blight,0,29.2,68.8,31.3,707.9,LOW,25.0
Late Blight,1,29.2,68.8,31.3,707.9,LOW,10.0
Fusarium Wilt,2,29.2,68.8,31.3,707.9,LOW,25.0
Early Blight,0,33.5,86.1,26.3,777.9,LOW,25.0
Late Blight,1,33.5,86.1,26.3,777.9,LOW,10.0
Fusarium Wilt,1,33.5,86.1,26.3,777.9,LOW,25.0
Early Blight,1,26.2,36.5,77.6,343.1,LOW,22.0
Late Blight,2,26.2,36.5,77.6,343.1,LOW,10.0
Fusarium Wilt,2,26.2,36.5,77.6,343.1,LOW,25.0
Early Blight,1,20.5,51.0,56.4,759.7,LOW,35.0
Late Blight,2,20.5,51.0,56.4,759.7,LOW,10.0
Fusarium Wilt,1,20.5,51.0,56.4,759.7,LOW,25.0
Early Blight,1,25.2,80.3,40.8,776.6,MEDIUM,52.0
Late Blight,1,25.2,80.3,40.8,776.6,LOW,35.0
Fusarium Wilt,1,25.2,80.3,40.8,776.6,MEDIUM,40.0
Early Blight,0,33.2,65.6,35.8,648.9,LOW,25.0
Late Blight,0,33.2,65.6,35.8,648.9,LOW,10.0
Fusarium Wilt,1,33.2,65.6,35.8,648.9,LOW,25.0
Early Blight,1,28.8,77.5,40.2,966.9,MEDIUM,52.0
Late Blight,2,28.8,77.5,40.2,966.9,LOW,10.0
Fusarium Wilt,2,28.8,77.5,40.2,966.9,MEDIUM,40.0
Early Blight,0,20.3,70.8,47.6,126.7,LOW,25.0
Late Blight,1,20.3,70.8,47.6,126.7,LOW,25.0
Fusarium Wilt,1,20.3,70.8,47.6,126.7,LOW,25.0
Early Blight,0,23.9,53.5,40.5,640.1,LOW,25.0
Late Blight,1,23.9,53.5,40.5,640.1,LOW,20.0
Fusarium Wilt,2,23.9,53.5,40.5,640.1,LOW,25.0
Early Blight,0,23.4,97.8,48.3,285.4,LOW,25.0
Late Blight,0,23.4,97.8,48.3,285.4,MEDIUM,45.0
Fusarium Wilt,0,23.4,97.8,48.3,285.4,LOW,25.0
Early Blight,0,37.5,54.8,70.9,199.0,LOW,25.0
Late Blight,1,37.5,54.8,70.9,199.0,LOW,10.0
Fusarium Wilt,2,37.5,54.8,70.9,199.0,LOW,25.0
Early Blight,1,36.4,60.8,33.5,1044.4,LOW,35.0
Late Blight,1,36.4,60.8,33.5,1044.4,LOW,20.0
Fusarium Wilt,1,36.4,60.8,33.5,1044.4,LOW,25.0
Early Blight,0,20.3,36.3,14.2,820.1,LOW,12.0
Late Blight,0,20.3,36.3,14.2,820.1,LOW,10.0
Fusarium Wilt,1,20.3,36.3,14.2,820.1,LOW,15.0
Early Blight,1,36.7,90.9,28.9,988.5,LOW,35.0
Late Blight,1,36.7,90.9,28.9,988.5,LOW,20.0
Fusarium Wilt,1,36.7,90.9,28.9,988.5,LOW,25.0
Early Blight,0,19.1,38.4,47.0,936.9,LOW,12.0
Late Blight,1,19.1,38.4,47.0,936.9,LOW,10.0
Fusarium Wilt,2,19.1,38.4,47.0,936.9,LOW,25.0
Early Blight,0,34.7,82.1,51.1,122.8,LOW,25.0
Late Blight,2,34.7,82.1,51.1,122.8,LOW,10.0
Fusarium Wilt,2,34.7,82.1,51.1,122.8,MEDIUM,40.0
Early Blight,1,18.0,88.6,76.7,731.3,LOW,35.0
Late Blight,2,18.0,88.6,76.7,731.3,MEDIUM,45.0
Fusarium Wilt,2,18.0,88.6,76.7,731.3,LOW,25.0
Early Blight,1,29.7,81.3,15.4,515.2,MEDIUM,52.0
Late Blight,1,29.7,81.3,15.4,515.2,LOW,10.0
Fusarium Wilt,1,29.7,81.3,15.4,515.2,LOW,15.0
Early Blight,0,27.5,57.5,52.0,1158.3,LOW,25.0
Late Blight,1,27.5,57.5,52.0,1158.3,LOW,10.0
Fusarium Wilt,0,27.5,57.5,52.0,1158.3,MEDIUM,40.0
Early Blight,1,32.3,65.6,42.6,653.5,LOW,35.0
Late Blight,1,32.3,65.6,42.6,653.5,LOW,20.0
Fusarium Wilt,1,32.3,65.6,42.6,653.5,MEDIUM,40.0
Early Blight,1,21.9,71.1,43.0,513.5,LOW,35.0
Late Blight,2,21.9,71.1,43.0,513.5,LOW,25.0
Fusarium Wilt,2,21.9,71.1,43.0,513.5,LOW,25.0
Early Blight,0,29.7,40.0,79.2,969.6,LOW,12.0
Late Blight,1,29.7,40.0,79.2,969.6,LOW,20.0
Fusarium Wilt,2,29.7,40.0,79.2,969.6,LOW,25.0
Early Blight,1,20.2,59.9,48.9,613.0,LOW,35.0
Late Blight,1,20.2,59.9,48.9,613.0,LOW,20.0
Fusarium Wilt,2,20.2,59.9,48.9,613.0,LOW,25.0
Early Blight,1,36.8,91.0,83.8,425.0,LOW,35.0
Late Blight,2,36.8,91.0,83.8,425.0,LOW,10.0
Fusarium Wilt,1,36.8,91.0,83.8,425.0,LOW,25.0
Early Blight,0,28.8,54.1,51.0,624.8,LOW,25.0
Late Blight,1,28.8,54.1,51.0,624.8,LOW,20.0
Fusarium Wilt,2,28.8,54.1,51.0,624.8,MEDIUM,40.0
Early Blight,0,36.2,41.3,89.4,260.5,LOW,12.0
Late Blight,2,36.2,41.3,89.4,260.5,LOW,10.0
Fusarium Wilt,1,36.2,41.3,89.4,260.5,LOW,25.0
Early Blight,0,15.6,57.4,73.9,606.3,LOW,25.0
Late Blight,2,15.6,57.4,73.9,606.3,LOW,10.0
Fusarium Wilt,1,15.6,57.4,73.9,606.3,LOW,25.0
Early Blight,0,25.1,63.2,71.1,139.8,LOW,25.0
Late Blight,0,25.1,63.2,71.1,139.8,LOW,25.0
Fusarium Wilt,1,25.1,63.2,71.1,139.8,LOW,25.0
Early Blight,0,36.5,55.7,62.8,583.8,LOW,25.0
Late Blight,2,36.5,55.7,62.8,583.8,LOW,10.0
Fusarium Wilt,1,36.5,55.7,62.8,583.8,MEDIUM,40.0
Early Blight,0,23.8,56.8,13.4,433.2,LOW,25.0
Late Blight,1,23.8,56.8,13.4,433.2,LOW,10.0
Fusarium Wilt,1,23.8,56.8,13.4,433.2,LOW,15.0
Early Blight,1,18.5,67.2,30.4,1107.7,LOW,35.0
Late Blight,1,18.5,67.2,30.4,1107.7,LOW,25.0
Fusarium Wilt,2,18.5,67.2,30.4,1107.7,LOW,25.0
Early Blight,1,16.5,61.8,88.5,1117.3,LOW,35.0
Late Blight,2,16.5,61.8,88.5,1117.3,LOW,25.0
Fusarium Wilt,0,16.5,61.8,88.5,1117.3,LOW,25.0
Early Blight,0,37.5,87.8,86.5,383.9,LOW,25.0
Late Blight,0,37.5,87.8,86.5,383.9,LOW,10.0
Fusarium Wilt,1,37.5,87.8,86.5,383.9,LOW,25.0
Early Blight,0,27.1,75.4,76.8,748.8,MEDIUM,42.0
Late Blight,0,27.1,75.4,76.8,748.8,LOW,25.0
Fusarium Wilt,1,27.1,75.4,76.8,748.8,LOW,25.0
Early Blight,0,25.0,48.5,85.2,430.6,LOW,12.0
Late Blight,1,25.0,48.5,85.2,430.6,LOW,20.0
Fusarium Wilt,0,25.0,48.5,85.2,430.6,LOW,25.0
Early Blight,1,20.9,86.0,54.4,1028.9,LOW,35.0
Late Blight,1,20.9,86.0,54.4,1028.9,MEDIUM,55.0
Fusarium Wilt,2,20.9,86.0,54.4,1028.9,LOW,25.0
Early Blight,1,27.5,54.7,69.4,561.2,LOW,35.0
Late Blight,2,27.5,54.7,69.4,561.2,LOW,10.0
Fusarium Wilt,1,27.5,54.7,69.4,561.2,MEDIUM,40.0
Early Blight,0,16.5,51.3,81.1,579.2,LOW,25.0
Late Blight,2,16.5,51.3,81.1,579.2,LOW,10.0
Fusarium Wilt,1,16.5,51.3,81.1,579.2,LOW,25.0
Early Blight,0,17.7,46.0,80.3,641.0,LOW,12.0
Late Blight,1,17.7,46.0,80.3,641.0,LOW,20.0
Fusarium Wilt,1,17.7,46.0,80.3,641.0,LOW,25.0
Early Blight,1,29.0,41.2,22.7,459.9,LOW,22.0
Late Blight,2,29.0,41.2,22.7,459.9,LOW,10.0
Fusarium Wilt,1,29.0,41.2,22.7,459.9,LOW,15.0
Early Blight,0,27.4,63.5,17.4,1167.1,LOW,25.0
Late Blight,0,27.4,63.5,17.4,1167.1,LOW,25.0
Fusarium Wilt,2,27.4,63.5,17.4,1167.1,LOW,15.0
Early Blight,0,18.1,96.9,39.3,854.2,LOW,25.0
Late Blight,1,18.1,96.9,39.3,854.2,MEDIUM,45.0
Fusarium Wilt,1,18.1,96.9,39.3,854.2,LOW,25.0
Early Blight,0,22.6,32.6,56.6,1187.0,LOW,12.0
Late Blight,1,22.6,32.6,56.6,1187.0,LOW,20.0
Fusarium Wilt,2,22.6,32.6,56.6,1187.0,LOW,25.0
Early Blight,0,37.9,37.3,57.5,777.0,LOW,12.0
Late Blight,1,37.9,37.3,57.5,777.0,LOW,20.0
Fusarium Wilt,1,37.9,37.3,57.5,777.0,MEDIUM,40.0
Early Blight,0,21.0,73.8,66.0,205.7,LOW,25.0
Late Blight,1,21.0,73.8,66.0,205.7,LOW,35.0
Fusarium Wilt,0,21.0,73.8,66.0,205.7,LOW,25.0
Early Blight,1,31.0,85.1,38.7,659.8,MEDIUM,52.0
Late Blight,1,31.0,85.1,38.7,659.8,LOW,20.0
Fusarium Wilt,1,31.0,85.1,38.7,659.8,LOW,25.0
Early Blight,1,37.6,51.0,36.1,364.7,LOW,35.0
Late Blight,2,37.6,51.0,36.1,364.7,LOW,10.0
Fusarium Wilt,1,37.6,51.0,36.1,364.7,LOW,25.0
Early Blight,0,17.5,60.5,21.9,180.8,LOW,25.0
Late Blight,0,17.5,60.5,21.9,180.8,LOW,25.0
Fusarium Wilt,1,17.5,60.5,21.9,180.8,LOW,15.0
Early Blight,0,17.8,73.8,85.4,707.3,LOW,25.0
Late Blight,1,17.8,73.8,85.4,707.3,LOW,35.0
Fusarium Wilt,2,17.8,73.8,85.4,707.3,LOW,25.0
Early Blight,0,18.6,43.0,15.3,134.5,LOW,12.0
Late Blight,2,18.6,43.0,15.3,134.5,LOW,10.0
Fusarium Wilt,1,18.6,43.0,15.3,134.5,LOW,15.0
Early Blight,1,24.1,78.2,35.9,246.2,MEDIUM,52.0
Late Blight,1,24.1,78.2,35.9,246.2,LOW,35.0
Fusarium Wilt,1,24.1,78.2,35.9,246.2,LOW,25.0
Early Blight,0,28.0,77.6,10.6,961.5,MEDIUM,42.0
Late Blight,2,28.0,77.6,10.6,961.5,LOW,25.0
Fusarium Wilt,1,28.0,77.6,10.6,961.5,LOW,15.0
Early Blight,0,35.3,46.3,58.3,1152.8,LOW,12.0
Late Blight,1,35.3,46.3,58.3,1152.8,LOW,20.0
Fusarium Wilt,0,35.3,46.3,58.3,1152.8,MEDIUM,40.0
Early Blight,1,31.4,84.4,39.8,103.0,MEDIUM,52.0
Late Blight,0,31.4,84.4,39.8,103.0,LOW,10.0
Fusarium Wilt,2,31.4,84.4,39.8,103.0,LOW,25.0
Early Blight,0,30.1,80.1,50.4,684.0,MEDIUM,42.0
Late Blight,0,30.1,80.1,50.4,684.0,LOW,10.0
Fusarium Wilt,1,30.1,80.1,50.4,684.0,MEDIUM,40.0
Early Blight,0,36.8,84.4,46.4,891.0,LOW,25.0
Late Blight,0,36.8,84.4,46.4,891.0,LOW,10.0
Fusarium Wilt,2,36.8,84.4,46.4,891.0,MEDIUM,40.0
Early Blight,0,24.4,72.6,73.3,622.0,MEDIUM,42.0
Late Blight,0,24.4,72.6,73.3,622.0,LOW,25.0
Fusarium Wilt,1,24.4,72.6,73.3,622.0,LOW,25.0
Early Blight,0,22.2,70.2,45.9,430.3,LOW,25.0
Late Blight,2,22.2,70.2,45.9,430.3,LOW,25.0
Fusarium Wilt,1,22.2,70.2,45.9,430.3,LOW,25.0
Early Blight,1,21.1,66.1,13.2,1147.2,LOW,35.0
Late Blight,2,21.1,66.1,13.2,1147.2,LOW,25.0
Fusarium Wilt,0,21.1,66.1,13.2,1147.2,LOW,15.0
Early Blight,0,21.3,85.4,53.7,558.4,LOW,25.0
Late Blight,0,21.3,85.4,53.7,558.4,MEDIUM,45.0
Fusarium Wilt,1,21.3,85.4,53.7,558.4,LOW,25.0
Early Blight,0,28.8,33.5,89.1,334.8,LOW,12.0
Late Blight,2,28.8,33.5,89.1,334.8,LOW,10.0
Fusarium Wilt,1,28.8,33.5,89.1,334.8,LOW,25.0
Early Blight,0,27.9,52.3,53.6,320.3,LOW,25.0
Late Blight,1,27.9,52.3,53.6,320.3,LOW,10.0
Fusarium Wilt,1,27.9,52.3,53.6,320.3,MEDIUM,40.0
Early Blight,0,18.0,81.0,30.7,823.2,LOW,25.0
Late Blight,1,18.0,81.0,30.7,823.2,MEDIUM,45.0
Fusarium Wilt,2,18.0,81.0,30.7,823.2,LOW,25.0
Early Blight,0,17.2,93.4,34.8,696.6,LOW,25.0
Late Blight,1,17.2,93.4,34.8,696.6,MEDIUM,45.0
Fusarium Wilt,0,17.2,93.4,34.8,696.6,LOW,25.0
Early Blight,0,15.1,46.3,72.3,973.9,LOW,12.0
Late Blight,1,15.1,46.3,72.3,973.9,LOW,20.0
Fusarium Wilt,2,15.1,46.3,72.3,973.9,LOW,25.0
Early Blight,0,32.6,83.0,47.2,234.3,LOW,25.0
Late Blight,2,32.6,83.0,47.2,234.3,LOW,10.0
Fusarium Wilt,1,32.6,83.0,47.2,234.3,MEDIUM,40.0
Early Blight,0,23.9,42.9,85.6,897.8,LOW,12.0
Late Blight,0,23.9,42.9,85.6,897.8,LOW,10.0
Fusarium Wilt,0,23.9,42.9,85.6,897.8,LOW,25.0
Early Blight,1,18.7,53.3,51.8,858.5,LOW,35.0
Late Blight,0,18.7,53.3,51.8,858.5,LOW,10.0
Fusarium Wilt,2,18.7,53.3,51.8,858.5,LOW,25.0
Early Blight,0,24.0,81.5,18.3,663.7,MEDIUM,42.0
Late Blight,2,24.0,81.5,18.3,663.7,MEDIUM,45.0
Fusarium Wilt,0,24.0,81.5,18.3,663.7,LOW,15.0
Early Blight,0,32.2,34.5,89.4,349.4,LOW,12.0
Late Blight,1,32.2,34.5,89.4,349.4,LOW,20.0
Fusarium Wilt,1,32.2,34.5,89.4,349.4,LOW,25.0
Early Blight,1,29.8,43.5,13.4,598.2,LOW,22.0
Late Blight,1,29.8,43.5,13.4,598.2,LOW,10.0
Fusarium Wilt,0,29.8,43.5,13.4,598.2,LOW,15.0
Early Blight,1,24.6,87.0,87.6,1048.2,MEDIUM,52.0
Late Blight,0,24.6,87.0,87.6,1048.2,LOW,25.0
Fusarium Wilt,1,24.6,87.0,87.6,1048.2,LOW,25.0
Early Blight,1,18.1,63.6,89.7,898.5,LOW,35.0
Late Blight,1,18.1,63.6,89.7,898.5,LOW,35.0
Fusarium Wilt,1,18.1,63.6,89.7,898.5,LOW,25.0
Early Blight,1,22.2,85.9,33.5,1044.5,LOW,35.0
Late Blight,1,22.2,85.9,33.5,1044.5,MEDIUM,45.0
Fusarium Wilt,2,22.2,85.9,33.5,1044.5,LOW,25.0
Early Blight,1,23.7,40.4,37.2,553.2,LOW,22.0
Late Blight,1,23.7,40.4,37.2,553.2,LOW,20.0
Fusarium Wilt,2,23.7,40.4,37.2,553.2,LOW,25.0
Early Blight,0,15.5,96.7,36.2,883.0,LOW,25.0
Late Blight,0,15.5,96.7,36.2,883.0,MEDIUM,45.0
Fusarium Wilt,1,15.5,96.7,36.2,883.0,LOW,25.0
Early Blight,1,17.2,48.0,36.7,1077.2,LOW,22.0
Late Blight,1,17.2,48.0,36.7,1077.2,LOW,10.0
Fusarium Wilt,2,17.2,48.0,36.7,1077.2,LOW,25.0
Early Blight,0,34.4,67.4,53.3,1045.2,LOW,25.0
Late Blight,0,34.4,67.4,53.3,1045.2,LOW,10.0
Fusarium Wilt,1,34.4,67.4,53.3,1045.2,MEDIUM,40.0
Early Blight,1,27.7,50.2,81.6,927.5,LOW,35.0
Late Blight,1,27.7,50.2,81.6,927.5,LOW,20.0
Fusarium Wilt,1,27.7,50.2,81.6,927.5,LOW,25.0
Early Blight,1,16.2,34.7,85.9,747.1,LOW,22.0
Late Blight,2,16.2,34.7,85.9,747.1,LOW,10.0
Fusarium Wilt,1,16.2,34.7,85.9,747.1,LOW,25.0
Early Blight,1,21.1,70.2,54.9,973.5,LOW,35.0
Late Blight,1,21.1,70.2,54.9,973.5,LOW,25.0
Fusarium Wilt,0,21.1,70.2,54.9,973.5,LOW,25.0
Early Blight,1,29.5,31.1,27.5,879.0,LOW,22.0
Late Blight,0,29.5,31.1,27.5,879.0,LOW,10.0
Fusarium Wilt,0,29.5,31.1,27.5,879.0,LOW,25.0
Early Blight,0,15.1,65.6,31.9,974.1,LOW,25.0
Late Blight,1,15.1,65.6,31.9,974.1,LOW,25.0
Fusarium Wilt,2,15.1,65.6,31.9,974.1,LOW,25.0
Early Blight,1,30.3,43.1,52.2,478.7,LOW,22.0
Late Blight,0,30.3,43.1,52.2,478.7,LOW,10.0
Fusarium Wilt,2,30.3,43.1,52.2,478.7,MEDIUM,40.0
Early Blight,1,34.7,38.5,43.6,813.2,LOW,22.0
Late Blight,1,34.7,38.5,43.6,813.2,LOW,20.0
Fusarium Wilt,2,34.7,38.5,43.6,813.2,MEDIUM,40.0
Early Blight,0,17.9,42.5,61.3,232.0,LOW,12.0
Late Blight,2,17.9,42.5,61.3,232.0,LOW,10.0
Fusarium Wilt,0,17.9,42.5,61.3,232.0,LOW,25.0
Early Blight,0,31.8,76.5,20.6,339.9,MEDIUM,42.0
Late Blight,0,31.8,76.5,20.6,339.9,LOW,10.0
Fusarium Wilt,0,31.8,76.5,20.6,339.9,LOW,15.0
Early Blight,0,15.3,37.3,26.5,258.8,LOW,12.0
Late Blight,0,15.3,37.3,26.5,258.8,LOW,10.0
Fusarium Wilt,2,15.3,37.3,26.5,258.8,LOW,25.0
Early Blight,0,30.2,76.3,45.5,321.7,MEDIUM,42.0
Late Blight,2,30.2,76.3,45.5,321.7,LOW,10.0
Fusarium Wilt,0,30.2,76.3,45.5,321.7,MEDIUM,40.0
Early Blight,1,30.2,63.3,85.9,581.2,LOW,35.0
Late Blight,2,30.2,63.3,85.9,581.2,LOW,10.0
Fusarium Wilt,0,30.2,63.3,85.9,581.2,LOW,25.0
Early Blight,1,32.2,65.7,26.3,221.5,LOW,35.0
Late Blight,2,32.2,65.7,26.3,221.5,LOW,10.0
Fusarium Wilt,1,32.2,65.7,26.3,221.5,LOW,25.0
Early Blight,1,32.5,34.4,46.4,433.5,LOW,22.0
Late Blight,1,32.5,34.4,46.4,433.5,LOW,10.0
Fusarium Wilt,0,32.5,34.4,46.4,433.5,MEDIUM,40.0
Early Blight,0,21.2,62.7,45.1,246.8,LOW,25.0
Late Blight,1,21.2,62.7,45.1,246.8,LOW,35.0
Fusarium Wilt,0,21.2,62.7,45.1,246.8,LOW,25.0
Early Blight,1,29.8,39.8,31.4,507.9,LOW,22.0
Late Blight,1,29.8,39.8,31.4,507.9,LOW,10.0
Fusarium Wilt,1,29.8,39.8,31.4,507.9,LOW,25.0
Early Blight,0,24.3,34.3,86.6,217.8,LOW,12.0
Late Blight,2,24.3,34.3,86.6,217.8,LOW,10.0
Fusarium Wilt,0,24.3,34.3,86.6,217.8,LOW,25.0
Early Blight,0,34.7,69.1,84.0,1114.0,LOW,25.0
Late Blight,1,34.7,69.1,84.0,1114.0,LOW,20.0
Fusarium Wilt,1,34.7,69.1,84.0,1114.0,LOW,25.0
Early Blight,1,30.9,67.7,55.4,101.6,LOW,35.0
Late Blight,2,30.9,67.7,55.4,101.6,LOW,10.0
Fusarium Wilt,1,30.9,67.7,55.4,101.6,MEDIUM,40.0
Early Blight,0,33.5,69.9,60.3,836.8,LOW,25.0
Late Blight,1,33.5,69.9,60.3,836.8,LOW,20.0
Fusarium Wilt,1,33.5,69.9,60.3,836.8,MEDIUM,40.0
Early Blight,0,35.5,52.1,78.6,492.6,LOW,25.0
Late Blight,1,35.5,52.1,78.6,492.6,LOW,20.0
Fusarium Wilt,1,35.5,52.1,78.6,492.6,LOW,25.0
Early Blight,0,30.9,37.0,81.7,354.4,LOW,12.0
Late Blight,2,30.9,37.0,81.7,354.4,LOW,10.0
Fusarium Wilt,1,30.9,37.0,81.7,354.4,LOW,25.0
Early Blight,0,30.7,96.4,45.3,249.3,MEDIUM,42.0
Late Blight,2,30.7,96.4,45.3,249.3,LOW,10.0
Fusarium Wilt,1,30.7,96.4,45.3,249.3,MEDIUM,40.0
Early Blight,0,24.4,97.4,61.4,1078.8,MEDIUM,42.0
Late Blight,1,24.4,97.4,61.4,1078.8,LOW,25.0
Fusarium Wilt,1,24.4,97.4,61.4,1078.8,LOW,25.0
Early Blight,1,20.8,70.7,69.7,1132.1,LOW,35.0
Late Blight,2,20.8,70.7,69.7,1132.1,LOW,25.0
Fusarium Wilt,1,20.8,70.7,69.7,1132.1,LOW,25.0
Early Blight,0,31.8,93.0,49.2,1191.5,MEDIUM,42.0
Late Blight,1,31.8,93.0,49.2,1191.5,LOW,20.0
Fusarium Wilt,1,31.8,93.0,49.2,1191.5,MEDIUM,40.0
Early Blight,0,28.2,30.0,65.7,1128.1,LOW,12.0
Late Blight,1,28.2,30.0,65.7,1128.1,LOW,20.0
Fusarium Wilt,0,28.2,30.0,65.7,1128.1,MEDIUM,40.0
Early Blight,1,28.1,75.4,25.4,1004.5,MEDIUM,52.0
Late Blight,2,28.1,75.4,25.4,1004.5,LOW,10.0
Fusarium Wilt,1,28.1,75.4,25.4,1004.5,LOW,25.0
Early Blight,1,21.8,34.2,46.0,780.5,LOW,22.0
Late Blight,0,21.8,34.2,46.0,780.5,LOW,10.0
Fusarium Wilt,1,21.8,34.2,46.0,780.5,LOW,25.0
Early Blight,0,32.5,86.8,44.5,856.7,LOW,25.0
Late Blight,2,32.5,86.8,44.5,856.7,LOW,10.0
Fusarium Wilt,2,32.5,86.8,44.5,856.7,MEDIUM,40.0
Early Blight,1,19.0,87.3,43.6,193.3,LOW,35.0
Late Blight,2,19.0,87.3,43.6,193.3,MEDIUM,45.0
Fusarium Wilt,1,19.0,87.3,43.6,193.3,LOW,25.0
Early Blight,0,18.8,78.5,67.1,1072.2,LOW,25.0
Late Blight,0,18.8,78.5,67.1,1072.2,LOW,25.0
Fusarium Wilt,0,18.8,78.5,67.1,1072.2,LOW,25.0
Early Blight,0,22.6,60.8,76.3,753.7,LOW,25.0
Late Blight,2,22.6,60.8,76.3,753.7,LOW,25.0
Fusarium Wilt,1,22.6,60.8,76.3,753.7,LOW,25.0
Early Blight,0,25.2,51.5,58.5,1118.8,LOW,25.0
Late Blight,1,25.2,51.5,58.5,1118.8,LOW,20.0
Fusarium Wilt,1,25.2,51.5,58.5,1118.8,MEDIUM,40.0
Early Blight,1,25.7,36.2,56.5,976.3,LOW,22.0
Late Blight,1,25.7,36.2,56.5,976.3,LOW,10.0
Fusarium Wilt,0,25.7,36.2,56.5,976.3,MEDIUM,40.0
Early Blight,0,27.9,56.8,62.0,883.7,LOW,25.0
Late Blight,2,27.9,56.8,62.0,883.7,LOW,10.0
Fusarium Wilt,0,27.9,56.8,62.0,883.7,MEDIUM,40.0
Early Blight,1,20.5,33.5,78.7,698.0,LOW,22.0
Late Blight,1,20.5,33.5,78.7,698.0,LOW,20.0
Fusarium Wilt,1,20.5,33.5,78.7,698.0,LOW,25.0
Early Blight,1,21.0,67.3,76.2,148.4,LOW,35.0
Late Blight,1,21.0,67.3,76.2,148.4,LOW,35.0
Fusarium Wilt,0,21.0,67.3,76.2,148.4,LOW,25.0
Early Blight,0,17.1,40.1,45.4,564.3,LOW,12.0
Late Blight,1,17.1,40.1,45.4,564.3,LOW,10.0
Fusarium Wilt,1,17.1,40.1,45.4,564.3,LOW,25.0
Early Blight,1,37.8,53.0,12.6,112.7,LOW,35.0
Late Blight,1,37.8,53.0,12.6,112.7,LOW,20.0
Fusarium Wilt,1,37.8,53.0,12.6,112.7,LOW,15.0
Early Blight,1,22.4,81.5,74.6,744.4,LOW,35.0
Late Blight,1,22.4,81.5,74.6,744.4,MEDIUM,45.0
Fusarium Wilt,1,22.4,81.5,74.6,744.4,LOW,25.0
Early Blight,0,27.4,55.3,73.0,923.3,LOW,25.0
Late Blight,0,27.4,55.3,73.0,923.3,LOW,10.0
Fusarium Wilt,1,27.4,55.3,73.0,923.3,LOW,25.0
Early Blight,1,33.3,64.3,33.2,421.4,LOW,35.0
Late Blight,1,33.3,64.3,33.2,421.4,LOW,20.0
Fusarium Wilt,0,33.3,64.3,33.2,421.4,LOW,25.0
Early Blight,0,21.6,65.5,71.4,265.6,LOW,25.0
Late Blight,1,21.6,65.5,71.4,265.6,LOW,25.0
Fusarium Wilt,2,21.6,65.5,71.4,265.6,LOW,25.0
Early Blight,1,15.9,59.6,12.1,759.1,LOW,35.0
Late Blight,2,15.9,59.6,12.1,759.1,LOW,10.0
Fusarium Wilt,2,15.9,59.6,12.1,759.1,LOW,15.0
Early Blight,0,23.3,65.1,52.4,545.7,LOW,25.0
Late Blight,2,23.3,65.1,52.4,545.7,LOW,25.0
Fusarium Wilt,2,23.3,65.1,52.4,545.7,LOW,25.0
Early Blight,0,22.4,75.0,39.3,1003.7,LOW,25.0
Late Blight,2,22.4,75.0,39.3,1003.7,LOW,25.0
Fusarium Wilt,0,22.4,75.0,39.3,1003.7,LOW,25.0
Early Blight,0,16.2,44.1,42.8,1041.6,LOW,12.0
Late Blight,0,16.2,44.1,42.8,1041.6,LOW,10.0
Fusarium Wilt,1,16.2,44.1,42.8,1041.6,LOW,25.0
Early Blight,1,29.6,93.8,84.0,303.2,MEDIUM,52.0
Late Blight,2,29.6,93.8,84.0,303.2,LOW,10.0
Fusarium Wilt,2,29.6,93.8,84.0,303.2,LOW,25.0
Early Blight,1,34.2,38.4,54.5,682.2,LOW,22.0
Late Blight,1,34.2,38.4,54.5,682.2,LOW,20.0
Fusarium Wilt,1,34.2,38.4,54.5,682.2,MEDIUM,40.0
Early Blight,1,36.8,63.9,84.5,667.2,LOW,35.0
Late Blight,0,36.8,63.9,84.5,667.2,LOW,10.0
Fusarium Wilt,2,36.8,63.9,84.5,667.2,LOW,25.0
Early Blight,1,18.6,34.5,65.7,781.0,LOW,22.0
Late Blight,1,18.6,34.5,65.7,781.0,LOW,10.0
Fusarium Wilt,0,18.6,34.5,65.7,781.0,LOW,25.0
Early Blight,0,24.4,40.8,29.4,561.8,LOW,12.0
Late Blight,1,24.4,40.8,29.4,561.8,LOW,10.0
Fusarium Wilt,1,24.4,40.8,29.4,561.8,LOW,25.0
Early Blight,0,22.1,82.9,16.6,1060.8,LOW,25.0
Late Blight,1,22.1,82.9,16.6,1060.8,MEDIUM,45.0
Fusarium Wilt,2,22.1,82.9,16.6,1060.8,LOW,15.0
Early Blight,1,32.3,81.5,79.3,146.6,LOW,35.0
Late Blight,1,32.3,81.5,79.3,146.6,LOW,10.0
Fusarium Wilt,1,32.3,81.5,79.3,146.6,LOW,25.0
Early Blight,1,21.8,95.2,82.9,125.6,LOW,35.0
Late Blight,2,21.8,95.2,82.9,125.6,MEDIUM,45.0
Fusarium Wilt,2,21.8,95.2,82.9,125.6,LOW,25.0
Early Blight,0,28.2,85.4,50.4,1109.9,MEDIUM,42.0
Late Blight,1,28.2,85.4,50.4,1109.9,LOW,20.0
Fusarium Wilt,0,28.2,85.4,50.4,1109.9,MEDIUM,40.0
Early Blight,1,19.1,96.8,36.5,1169.7,LOW,35.0
Late Blight,1,19.1,96.8,36.5,1169.7,MEDIUM,55.0
Fusarium Wilt,1,19.1,96.8,36.5,1169.7,LOW,25.0
Early Blight,0,30.8,33.9,78.2,362.7,LOW,12.0
Late Blight,1,30.8,33.9,78.2,362.7,LOW,10.0
Fusarium Wilt,1,30.8,33.9,78.2,362.7,LOW,25.0
Early Blight,1,20.9,51.4,66.7,534.2,LOW,35.0
Late Blight,2,20.9,51.4,66.7,534.2,LOW,10.0
Fusarium Wilt,1,20.9,51.4,66.7,534.2,LOW,25.0
Early Blight,0,27.1,79.0,73.0,698.8,MEDIUM,42.0
Late Blight,1,27.1,79.0,73.0,698.8,LOW,25.0
Fusarium Wilt,1,27.1,79.0,73.0,698.8,LOW,25.0
Early Blight,0,20.0,57.5,35.8,348.3,LOW,25.0
Late Blight,0,20.0,57.5,35.8,348.3,LOW,10.0
Fusarium Wilt,0,20.0,57.5,35.8,348.3,LOW,25.0
Early Blight,1,29.1,64.3,70.7,460.2,LOW,35.0
Late Blight,1,29.1,64.3,70.7,460.2,LOW,10.0
Fusarium Wilt,1,29.1,64.3,70.7,460.2,LOW,25.0
Early Blight,0,34.9,90.6,10.9,303.3,LOW,25.0
Late Blight,1,34.9,90.6,10.9,303.3,LOW,20.0
Fusarium Wilt,1,34.9,90.6,10.9,303.3,LOW,15.0
Early Blight,1,17.6,38.7,57.8,1116.8,LOW,22.0
Late Blight,2,17.6,38.7,57.8,1116.8,LOW,10.0
Fusarium Wilt,1,17.6,38.7,57.8,1116.8,LOW,25.0
Early Blight,1,21.5,96.6,19.6,897.3,LOW,35.0
Late Blight,1,21.5,96.6,19.6,897.3,MEDIUM,45.0
Fusarium Wilt,2,21.5,96.6,19.6,897.3,LOW,15.0
Early Blight,1,33.2,39.1,14.6,442.4,LOW,22.0
Late Blight,1,33.2,39.1,14.6,442.4,LOW,10.0
Fusarium Wilt,1,33.2,39.1,14.6,442.4,LOW,15.0
Early Blight,0,27.4,45.4,41.8,625.1,LOW,12.0
Late Blight,0,27.4,45.4,41.8,625.1,LOW,10.0
Fusarium Wilt,2,27.4,45.4,41.8,625.1,MEDIUM,40.0
Early Blight,1,31.6,94.0,58.5,656.4,MEDIUM,52.0
Late Blight,2,31.6,94.0,58.5,656.4,LOW,10.0
Fusarium Wilt,2,31.6,94.0,58.5,656.4,MEDIUM,40.0
Early Blight,0,36.5,77.3,78.6,423.3,LOW,25.0
Late Blight,1,36.5,77.3,78.6,423.3,LOW,10.0
Fusarium Wilt,0,36.5,77.3,78.6,423.3,LOW,25.0
Early Blight,1,32.9,52.9,49.4,535.0,LOW,35.0
Late Blight,1,32.9,52.9,49.4,535.0,LOW,20.0
Fusarium Wilt,1,32.9,52.9,49.4,535.0,MEDIUM,40.0
Early Blight,1,18.0,83.1,11.4,146.4,LOW,35.0
Late Blight,0,18.0,83.1,11.4,146.4,MEDIUM,45.0
Fusarium Wilt,2,18.0,83.1,11.4,146.4,LOW,15.0
Early Blight,1,35.3,36.0,79.7,130.0,LOW,22.0
Late Blight,2,35.3,36.0,79.7,130.0,LOW,10.0
Fusarium Wilt,1,35.3,36.0,79.7,130.0,LOW,25.0
Early Blight,0,19.0,44.9,81.8,491.4,LOW,12.0
Late Blight,1,19.0,44.9,81.8,491.4,LOW,20.0
Fusarium Wilt,1,19.0,44.9,81.8,491.4,LOW,25.0
Early Blight,0,34.5,58.9,54.9,1092.7,LOW,25.0
Late Blight,0,34.5,58.9,54.9,1092.7,LOW,10.0
Fusarium Wilt,1,34.5,58.9,54.9,1092.7,MEDIUM,40.0
Early Blight,0,17.7,50.7,54.4,973.2,LOW,25.0
Late Blight,1,17.7,50.7,54.4,973.2,LOW,20.0
Fusarium Wilt,1,17.7,50.7,54.4,973.2,LOW,25.0
Early Blight,1,36.0,80.1,52.3,548.2,LOW,35.0
Late Blight,0,36.0,80.1,52.3,548.2,LOW,10.0
Fusarium Wilt,2,36.0,80.1,52.3,548.2,MEDIUM,40.0
Early Blight,0,23.5,77.0,11.4,1004.5,LOW,25.0
Late Blight,0,23.5,77.0,11.4,1004.5,LOW,25.0
Fusarium Wilt,2,23.5,77.0,11.4,1004.5,LOW,15.0
Early Blight,1,28.2,93.6,67.2,598.4,MEDIUM,52.0
Late Blight,1,28.2,93.6,67.2,598.4,LOW,20.0
Fusarium Wilt,0,28.2,93.6,67.2,598.4,MEDIUM,40.0
Early Blight,0,36.7,58.6,60.0,988.9,LOW,25.0
Late Blight,0,36.7,58.6,60.0,988.9,LOW,10.0
Fusarium Wilt,0,36.7,58.6,60.0,988.9,MEDIUM,40.0
Early Blight,1,32.2,76.0,70.9,1039.6,LOW,35.0
Late Blight,1,32.2,76.0,70.9,1039.6,LOW,20.0
Fusarium Wilt,0,32.2,76.0,70.9,1039.6,LOW,25.0
Early Blight,1,29.6,68.7,21.8,721.9,LOW,35.0
Late Blight,0,29.6,68.7,21.8,721.9,LOW,10.0
Fusarium Wilt,0,29.6,68.7,21.8,721.9,LOW,15.0
Early Blight,0,34.7,94.8,81.2,219.2,LOW,25.0
Late Blight,1,34.7,94.8,81.2,219.2,LOW,20.0
Fusarium Wilt,0,34.7,94.8,81.2,219.2,LOW,25.0
Early Blight,0,24.9,68.3,86.9,160.2,LOW,25.0
Late Blight,1,24.9,68.3,86.9,160.2,LOW,25.0
Fusarium Wilt,1,24.9,68.3,86.9,160.2,LOW,25.0
Early Blight,1,25.5,58.4,81.3,806.1,LOW,35.0
Late Blight,1,25.5,58.4,81.3,806.1,LOW,10.0
Fusarium Wilt,1,25.5,58.4,81.3,806.1,LOW,25.0
Early Blight,0,29.0,52.2,63.0,1098.6,LOW,25.0
Late Blight,0,29.0,52.2,63.0,1098.6,LOW,10.0
Fusarium Wilt,0,29.0,52.2,63.0,1098.6,MEDIUM,40.0
Early Blight,1,15.4,85.7,32.8,103.4,LOW,35.0
Late Blight,1,15.4,85.7,32.8,103.4,MEDIUM,45.0
Fusarium Wilt,0,15.4,85.7,32.8,103.4,LOW,25.0
Early Blight,0,28.0,59.5,12.4,985.0,LOW,25.0
Late Blight,1,28.0,59.5,12.4,985.0,LOW,10.0
Fusarium Wilt,1,28.0,59.5,12.4,985.0,LOW,15.0
Early Blight,1,30.2,36.4,54.0,730.2,LOW,22.0
Late Blight,0,30.2,36.4,54.0,730.2,LOW,10.0
Fusarium Wilt,1,30.2,36.4,54.0,730.2,MEDIUM,40.0
Early Blight,0,33.6,36.7,76.4,1070.5,LOW,12.0
Late Blight,1,33.6,36.7,76.4,1070.5,LOW,20.0
Fusarium Wilt,1,33.6,36.7,76.4,1070.5,LOW,25.0
Early Blight,1,17.8,87.3,72.2,538.5,LOW,35.0
Late Blight,0,17.8,87.3,72.2,538.5,MEDIUM,45.0
Fusarium Wilt,1,17.8,87.3,72.2,538.5,LOW,25.0
Early Blight,0,35.7,88.1,76.6,280.7,LOW,25.0
Late Blight,1,35.7,88.1,76.6,280.7,LOW,10.0
Fusarium Wilt,0,35.7,88.1,76.6,280.7,LOW,25.0
Early Blight,0,35.9,56.5,89.9,228.5,LOW,25.0
Late Blight,2,35.9,56.5,89.9,228.5,LOW,10.0
Fusarium Wilt,2,35.9,56.5,89.9,228.5,LOW,25.0
Early Blight,0,29.1,86.0,75.9,128.0,MEDIUM,42.0
Late Blight,2,29.1,86.0,75.9,128.0,LOW,10.0
Fusarium Wilt,1,29.1,86.0,75.9,128.0,LOW,25.0
Early Blight,1,29.5,35.0,69.0,159.8,LOW,22.0
Late Blight,1,29.5,35.0,69.0,159.8,LOW,10.0
Fusarium Wilt,1,29.5,35.0,69.0,159.8,MEDIUM,40.0
Early Blight,1,25.2,58.0,21.5,903.0,LOW,35.0
Late Blight,2,25.2,58.0,21.5,903.0,LOW,10.0
Fusarium Wilt,2,25.2,58.0,21.5,903.0,LOW,15.0
Early Blight,1,21.5,41.0,67.1,593.9,LOW,22.0
Late Blight,1,21.5,41.0,67.1,593.9,LOW,10.0
Fusarium Wilt,0,21.5,41.0,67.1,593.9,LOW,25.0
Early Blight,0,22.9,67.8,17.4,1059.7,LOW,25.0
Late Blight,0,22.9,67.8,17.4,1059.7,LOW,25.0
Fusarium Wilt,0,22.9,67.8,17.4,1059.7,LOW,15.0
Early Blight,1,28.0,93.4,15.3,955.5,MEDIUM,52.0
Late Blight,0,28.0,93.4,15.3,955.5,LOW,25.0
Fusarium Wilt,1,28.0,93.4,15.3,955.5,LOW,15.0
Early Blight,0,19.6,60.9,17.1,245.9,LOW,25.0
Late Blight,1,19.6,60.9,17.1,245.9,LOW,25.0
Fusarium Wilt,1,19.6,60.9,17.1,245.9,LOW,15.0
Early Blight,1,24.2,61.8,84.2,610.7,LOW,35.0
Late Blight,0,24.2,61.8,84.2,610.7,LOW,25.0
Fusarium Wilt,1,24.2,61.8,84.2,610.7,LOW,25.0
Early Blight,0,18.8,55.8,27.5,564.1,LOW,25.0
Late Blight,1,18.8,55.8,27.5,564.1,LOW,20.0
Fusarium Wilt,1,18.8,55.8,27.5,564.1,LOW,25.0
Early Blight,0,37.5,55.6,25.2,592.2,LOW,25.0
Late Blight,1,37.5,55.6,25.2,592.2,LOW,20.0
Fusarium Wilt,0,37.5,55.6,25.2,592.2,LOW,25.0
Early Blight,1,18.9,69.4,13.8,1050.5,LOW,35.0
Late Blight,1,18.9,69.4,13.8,1050.5,LOW,25.0
Fusarium Wilt,2,18.9,69.4,13.8,1050.5,LOW,15.0
Early Blight,1,16.2,60.7,64.6,1015.2,LOW,35.0
Late Blight,0,16.2,60.7,64.6,1015.2,LOW,25.0
Fusarium Wilt,0,16.2,60.7,64.6,1015.2,LOW,25.0
Early Blight,0,26.5,64.9,83.2,182.7,LOW,25.0
Late Blight,0,26.5,64.9,83.2,182.7,LOW,25.0
Fusarium Wilt,0,26.5,64.9,83.2,182.7,LOW,25.0
Early Blight,0,34.0,37.0,25.5,671.4,LOW,12.0
Late Blight,1,34.0,37.0,25.5,671.4,LOW,10.0
Fusarium Wilt,1,34.0,37.0,25.5,671.4,LOW,25.0
Early Blight,0,31.8,71.2,28.7,568.6,MEDIUM,42.0
Late Blight,0,31.8,71.2,28.7,568.6,LOW,10.0
Fusarium Wilt,0,31.8,71.2,28.7,568.6,LOW,25.0
Early Blight,1,19.1,76.3,35.5,132.1,LOW,35.0
Late Blight,0,19.1,76.3,35.5,132.1,LOW,25.0
Fusarium Wilt,1,19.1,76.3,35.5,132.1,LOW,25.0
Early Blight,0,28.5,78.9,44.3,848.8,MEDIUM,42.0
Late Blight,1,28.5,78.9,44.3,848.8,LOW,10.0
Fusarium Wilt,1,28.5,78.9,44.3,848.8,MEDIUM,40.0
Early Blight,0,20.4,57.5,72.4,261.2,LOW,25.0
Late Blight,2,20.4,57.5,72.4,261.2,LOW,10.0
Fusarium Wilt,1,20.4,57.5,72.4,261.2,LOW,25.0
Early Blight,1,34.3,42.3,60.3,460.7,LOW,22.0
Late Blight,0,34.3,42.3,60.3,460.7,LOW,10.0
Fusarium Wilt,1,34.3,42.3,60.3,460.7,MEDIUM,40.0
Early Blight,1,22.7,97.2,85.0,855.4,LOW,35.0
Late Blight,2,22.7,97.2,85.0,855.4,MEDIUM,45.0
Fusarium Wilt,0,22.7,97.2,85.0,855.4,LOW,25.0
Early Blight,1,16.7,68.8,36.2,537.7,LOW,35.0
Late Blight,1,16.7,68.8,36.2,537.7,LOW,35.0
Fusarium Wilt,0,16.7,68.8,36.2,537.7,LOW,25.0
Early Blight,0,21.2,59.2,58.7,417.7,LOW,25.0
Late Blight,2,21.2,59.2,58.7,417.7,LOW,10.0
Fusarium Wilt,1,21.2,59.2,58.7,417.7,LOW,25.0
Early Blight,0,22.6,32.3,58.4,902.6,LOW,12.0
Late Blight,0,22.6,32.3,58.4,902.6,LOW,10.0
Fusarium Wilt,0,22.6,32.3,58.4,902.6,LOW,25.0
Early Blight,1,26.7,49.8,20.4,1070.7,LOW,22.0
Late Blight,0,26.7,49.8,20.4,1070.7,LOW,10.0
Fusarium Wilt,0,26.7,49.8,20.4,1070.7,LOW,15.0
Early Blight,0,21.5,60.7,53.7,603.7,LOW,25.0
Late Blight,0,21.5,60.7,53.7,603.7,LOW,25.0
Fusarium Wilt,2,21.5,60.7,53.7,603.7,LOW,25.0
Early Blight,1,19.1,90.9,42.1,529.5,LOW,35.0
Late Blight,0,19.1,90.9,42.1,529.5,MEDIUM,45.0
Fusarium Wilt,1,19.1,90.9,42.1,529.5,LOW,25.0
Early Blight,0,21.3,83.1,87.1,169.8,LOW,25.0
Late Blight,1,21.3,83.1,87.1,169.8,MEDIUM,55.0
Fusarium Wilt,1,21.3,83.1,87.1,169.8,LOW,25.0
Early Blight,0,18.4,72.4,83.2,656.4,LOW,25.0
Late Blight,1,18.4,72.4,83.2,656.4,LOW,25.0
Fusarium Wilt,1,18.4,72.4,83.2,656.4,LOW,25.0
Early Blight,0,26.4,81.0,73.2,685.4,MEDIUM,42.0
Late Blight,1,26.4,81.0,73.2,685.4,LOW,25.0
Fusarium Wilt,0,26.4,81.0,73.2,685.4,LOW,25.0
Early Blight,0,23.5,77.3,80.6,829.9,LOW,25.0
Late Blight,1,23.5,77.3,80.6,829.9,LOW,35.0
Fusarium Wilt,1,23.5,77.3,80.6,829.9,LOW,25.0
Early Blight,0,25.5,32.6,63.8,284.7,LOW,12.0
Late Blight,1,25.5,32.6,63.8,284.7,LOW,10.0
Fusarium Wilt,1,25.5,32.6,63.8,284.7,MEDIUM,40.0
Early Blight,1,19.2,65.6,46.9,533.5,LOW,35.0
Late Blight,0,19.2,65.6,46.9,533.5,LOW,25.0
Fusarium Wilt,2,19.2,65.6,46.9,533.5,LOW,25.0
Early Blight,0,36.9,76.5,69.1,1031.4,LOW,25.0
Late Blight,1,36.9,76.5,69.1,1031.4,LOW,20.0
Fusarium Wilt,0,36.9,76.5,69.1,1031.4,MEDIUM,40.0
Early Blight,1,35.7,68.9,18.2,545.4,LOW,35.0
Late Blight,0,35.7,68.9,18.2,545.4,LOW,10.0
Fusarium Wilt,1,35.7,68.9,18.2,545.4,LOW,15.0
Early Blight,1,31.6,93.4,24.2,1139.5,MEDIUM,52.0
Late Blight,1,31.6,93.4,24.2,1139.5,LOW,20.0
Fusarium Wilt,1,31.6,93.4,24.2,1139.5,LOW,15.0
Early Blight,1,31.0,53.3,58.6,855.1,LOW,35.0
Late Blight,0,31.0,53.3,58.6,855.1,LOW,10.0
Fusarium Wilt,1,31.0,53.3,58.6,855.1,MEDIUM,40.0
Early Blight,0,23.5,31.7,61.7,670.8,LOW,12.0
Late Blight,0,23.5,31.7,61.7,670.8,LOW,10.0
Fusarium Wilt,2,23.5,31.7,61.7,670.8,LOW,25.0
Early Blight,1,26.2,76.2,76.0,346.6,MEDIUM,52.0
Late Blight,1,26.2,76.2,76.0,346.6,LOW,35.0
Fusarium Wilt,0,26.2,76.2,76.0,346.6,LOW,25.0
Early Blight,1,28.3,93.0,19.1,629.3,MEDIUM,52.0
Late Blight,1,28.3,93.0,19.1,629.3,LOW,10.0
Fusarium Wilt,0,28.3,93.0,19.1,629.3,LOW,15.0
Early Blight,1,21.2,32.6,77.1,331.2,LOW,22.0
Late Blight,2,21.2,32.6,77.1,331.2,LOW,10.0
Fusarium Wilt,2,21.2,32.6,77.1,331.2,LOW,25.0
Early Blight,0,17.5,79.6,39.3,1074.7,LOW,25.0
Late Blight,1,17.5,79.6,39.3,1074.7,LOW,25.0
Fusarium Wilt,1,17.5,79.6,39.3,1074.7,LOW,25.0
Early Blight,1,24.8,87.9,13.7,1155.8,MEDIUM,52.0
Late Blight,0,24.8,87.9,13.7,1155.8,LOW,25.0
Fusarium Wilt,1,24.8,87.9,13.7,1155.8,LOW,15.0
Early Blight,1,36.9,83.9,12.8,489.2,LOW,35.0
Late Blight,0,36.9,83.9,12.8,489.2,LOW,10.0
Fusarium Wilt,1,36.9,83.9,12.8,489.2,LOW,15.0
Early Blight,1,25.9,34.1,68.6,244.8,LOW,22.0
Late Blight,2,25.9,34.1,68.6,244.8,LOW,10.0
Fusarium Wilt,0,25.9,34.1,68.6,244.8,MEDIUM,40.0
Early Blight,1,34.7,53.7,23.0,250.5,LOW,35.0
Late Blight,0,34.7,53.7,23.0,250.5,LOW,10.0
Fusarium Wilt,2,34.7,53.7,23.0,250.5,LOW,15.0
Early Blight,1,22.5,82.6,50.5,971.5,LOW,35.0
Late Blight,2,22.5,82.6,50.5,971.5,MEDIUM,45.0
Fusarium Wilt,2,22.5,82.6,50.5,971.5,LOW,25.0
Early Blight,0,22.8,52.9,69.3,836.2,LOW,25.0
Late Blight,1,22.8,52.9,69.3,836.2,LOW,10.0
Fusarium Wilt,0,22.8,52.9,69.3,836.2,LOW,25.0
Early Blight,1,22.3,78.5,59.1,295.6,LOW,35.0
Late Blight,0,22.3,78.5,59.1,295.6,LOW,25.0
Fusarium Wilt,0,22.3,78.5,59.1,295.6,LOW,25.0
Early Blight,0,24.8,52.6,20.9,1036.1,LOW,25.0
Late Blight,1,24.8,52.6,20.9,1036.1,LOW,10.0
Fusarium Wilt,2,24.8,52.6,20.9,1036.1,LOW,15.0
Early Blight,0,29.9,45.8,86.7,244.2,LOW,12.0
Late Blight,0,29.9,45.8,86.7,244.2,LOW,10.0
Fusarium Wilt,0,29.9,45.8,86.7,244.2,LOW,25.0
Early Blight,1,16.6,30.4,37.2,137.2,LOW,22.0
Late Blight,0,16.6,30.4,37.2,137.2,LOW,10.0
Fusarium Wilt,2,16.6,30.4,37.2,137.2,LOW,25.0
Early Blight,0,22.0,87.9,52.0,521.4,LOW,25.0
Late Blight,1,22.0,87.9,52.0,521.4,MEDIUM,55.0
Fusarium Wilt,1,22.0,87.9,52.0,521.4,LOW,25.0
Early Blight,1,37.8,45.1,45.9,801.1,LOW,22.0
Late Blight,0,37.8,45.1,45.9,801.1,LOW,10.0
Fusarium Wilt,2,37.8,45.1,45.9,801.1,MEDIUM,40.0
Early Blight,1,23.4,65.0,69.1,284.5,LOW,35.0
Late Blight,1,23.4,65.0,69.1,284.5,LOW,25.0
Fusarium Wilt,0,23.4,65.0,69.1,284.5,LOW,25.0
Early Blight,1,19.0,66.9,75.3,910.8,LOW,35.0
Late Blight,2,19.0,66.9,75.3,910.8,LOW,25.0
Fusarium Wilt,1,19.0,66.9,75.3,910.8,LOW,25.0
Early Blight,1,15.2,50.7,17.4,514.9,LOW,35.0
Late Blight,2,15.2,50.7,17.4,514.9,LOW,10.0
Fusarium Wilt,2,15.2,50.7,17.4,514.9,LOW,15.0
Early Blight,1,31.5,61.5,11.9,281.6,LOW,35.0
Late Blight,1,31.5,61.5,11.9,281.6,LOW,20.0
Fusarium Wilt,1,31.5,61.5,11.9,281.6,LOW,15.0
Early Blight,1,35.7,62.6,35.7,921.5,LOW,35.0
Late Blight,1,35.7,62.6,35.7,921.5,LOW,20.0
Fusarium Wilt,1,35.7,62.6,35.7,921.5,LOW,25.0
Early Blight,0,36.7,52.1,59.5,662.0,LOW,25.0
Late Blight,1,36.7,52.1,59.5,662.0,LOW,20.0
Fusarium Wilt,0,36.7,52.1,59.5,662.0,MEDIUM,40.0
Early Blight,1,31.8,56.7,53.9,299.8,LOW,35.0
Late Blight,2,31.8,56.7,53.9,299.8,LOW,10.0
Fusarium Wilt,1,31.8,56.7,53.9,299.8,MEDIUM,40.0
Early Blight,0,19.6,83.5,68.3,1118.4,LOW,25.0
Late Blight,0,19.6,83.5,68.3,1118.4,MEDIUM,45.0
Fusarium Wilt,1,19.6,83.5,68.3,1118.4,LOW,25.0
Early Blight,0,19.0,69.2,55.3,776.3,LOW,25.0
Late Blight,0,19.0,69.2,55.3,776.3,LOW,25.0
Fusarium Wilt,0,19.0,69.2,55.3,776.3,LOW,25.0
Early Blight,0,30.1,69.8,61.2,359.9,LOW,25.0
Late Blight,2,30.1,69.8,61.2,359.9,LOW,10.0
Fusarium Wilt,0,30.1,69.8,61.2,359.9,MEDIUM,40.0
Early Blight,0,20.6,69.3,81.6,323.5,LOW,25.0
Late Blight,2,20.6,69.3,81.6,323.5,LOW,25.0
Fusarium Wilt,1,20.6,69.3,81.6,323.5,LOW,25.0
Early Blight,1,32.0,90.0,27.5,989.1,MEDIUM,52.0
Late Blight,0,32.0,90.0,27.5,989.1,LOW,10.0
Fusarium Wilt,2,32.0,90.0,27.5,989.1,LOW,25.0
Early Blight,1,33.6,82.7,58.9,897.5,LOW,35.0
Late Blight,1,33.6,82.7,58.9,897.5,LOW,10.0
Fusarium Wilt,1,33.6,82.7,58.9,897.5,MEDIUM,40.0
Early Blight,1,19.3,41.9,15.6,161.0,LOW,22.0
Late Blight,1,19.3,41.9,15.6,161.0,LOW,20.0
Fusarium Wilt,1,19.3,41.9,15.6,161.0,LOW,15.0
Early Blight,0,17.6,63.3,81.6,459.6,LOW,25.0
Late Blight,0,17.6,63.3,81.6,459.6,LOW,25.0
Fusarium Wilt,2,17.6,63.3,81.6,459.6,LOW,25.0
Early Blight,1,33.7,81.2,17.9,972.6,LOW,35.0
Late Blight,0,33.7,81.2,17.9,972.6,LOW,10.0
Fusarium Wilt,1,33.7,81.2,17.9,972.6,LOW,15.0
Early Blight,0,35.3,48.0,54.3,767.2,LOW,12.0
Late Blight,0,35.3,48.0,54.3,767.2,LOW,10.0
Fusarium Wilt,0,35.3,48.0,54.3,767.2,MEDIUM,40.0
Early Blight,1,23.0,44.3,69.2,875.4,LOW,22.0
Late Blight,1,23.0,44.3,69.2,875.4,LOW,20.0
Fusarium Wilt,1,23.0,44.3,69.2,875.4,LOW,25.0
Early Blight,0,16.4,87.0,70.0,1197.3,LOW,25.0
Late Blight,2,16.4,87.0,70.0,1197.3,MEDIUM,45.0
Fusarium Wilt,1,16.4,87.0,70.0,1197.3,LOW,25.0
Early Blight,1,29.8,85.4,78.4,731.2,MEDIUM,52.0
Late Blight,1,29.8,85.4,78.4,731.2,LOW,10.0
Fusarium Wilt,2,29.8,85.4,78.4,731.2,LOW,25.0
Early Blight,1,31.7,91.1,79.4,125.1,MEDIUM,52.0
Late Blight,0,31.7,91.1,79.4,125.1,LOW,10.0
Fusarium Wilt,0,31.7,91.1,79.4,125.1,LOW,25.0
Early Blight,0,23.0,31.6,34.2,625.8,LOW,12.0
Late Blight,1,23.0,31.6,34.2,625.8,LOW,20.0
Fusarium Wilt,1,23.0,31.6,34.2,625.8,LOW,25.0
Early Blight,0,15.1,58.3,47.6,331.5,LOW,25.0
Late Blight,1,15.1,58.3,47.6,331.5,LOW,10.0
Fusarium Wilt,2,15.1,58.3,47.6,331.5,LOW,25.0
Early Blight,0,18.5,40.3,26.6,229.9,LOW,12.0
Late Blight,1,18.5,40.3,26.6,229.9,LOW,20.0
Fusarium Wilt,1,18.5,40.3,26.6,229.9,LOW,25.0
Early Blight,1,16.2,71.2,69.7,198.2,LOW,35.0
Late Blight,2,16.2,71.2,69.7,198.2,LOW,25.0
Fusarium Wilt,2,16.2,71.2,69.7,198.2,LOW,25.0
Early Blight,0,31.6,60.4,67.8,827.9,LOW,25.0
Late Blight,0,31.6,60.4,67.8,827.9,LOW,10.0
Fusarium Wilt,1,31.6,60.4,67.8,827.9,MEDIUM,40.0
Early Blight,1,31.8,32.5,55.8,574.6,LOW,22.0
Late Blight,0,31.8,32.5,55.8,574.6,LOW,10.0
Fusarium Wilt,1,31.8,32.5,55.8,574.6,MEDIUM,40.0
Early Blight,1,33.7,82.8,18.3,940.8,LOW,35.0
Late Blight,2,33.7,82.8,18.3,940.8,LOW,10.0
Fusarium Wilt,0,33.7,82.8,18.3,940.8,LOW,15.0
Early Blight,0,29.4,39.6,37.0,109.6,LOW,12.0
Late Blight,1,29.4,39.6,37.0,109.6,LOW,20.0
Fusarium Wilt,2,29.4,39.6,37.0,109.6,LOW,25.0
Early Blight,0,34.3,70.2,66.1,503.4,LOW,25.0
Late Blight,0,34.3,70.2,66.1,503.4,LOW,10.0
Fusarium Wilt,1,34.3,70.2,66.1,503.4,MEDIUM,40.0
Early Blight,0,30.1,84.8,27.2,833.6,MEDIUM,42.0
Late Blight,1,30.1,84.8,27.2,833.6,LOW,10.0
Fusarium Wilt,2,30.1,84.8,27.2,833.6,LOW,25.0
Early Blight,1,17.2,95.9,19.5,403.0,LOW,35.0
Late Blight,2,17.2,95.9,19.5,403.0,MEDIUM,45.0
Fusarium Wilt,2,17.2,95.9,19.5,403.0,LOW,15.0
Early Blight,0,36.3,44.4,12.2,1135.7,LOW,12.0
Late Blight,1,36.3,44.4,12.2,1135.7,LOW,20.0
Fusarium Wilt,0,36.3,44.4,12.2,1135.7,LOW,15.0
Early Blight,1,24.7,54.6,23.0,353.9,LOW,35.0
Late Blight,1,24.7,54.6,23.0,353.9,LOW,10.0
Fusarium Wilt,1,24.7,54.6,23.0,353.9,LOW,15.0
Early Blight,1,37.2,59.3,79.0,124.6,LOW,35.0
Late Blight,2,37.2,59.3,79.0,124.6,LOW,10.0
Fusarium Wilt,0,37.2,59.3,79.0,124.6,LOW,25.0
Early Blight,0,22.9,47.8,79.1,1010.5,LOW,12.0
Late Blight,1,22.9,47.8,79.1,1010.5,LOW,20.0
Fusarium Wilt,1,22.9,47.8,79.1,1010.5,LOW,25.0
Early Blight,1,20.7,38.5,59.3,1098.8,LOW,22.0
Late Blight,1,20.7,38.5,59.3,1098.8,LOW,10.0
Fusarium Wilt,1,20.7,38.5,59.3,1098.8,LOW,25.0
Early Blight,0,35.5,51.0,15.2,587.1,LOW,25.0
Late Blight,1,35.5,51.0,15.2,587.1,LOW,20.0
Fusarium Wilt,2,35.5,51.0,15.2,587.1,LOW,15.0
Early Blight,1,20.7,62.6,18.5,1020.4,LOW,35.0
Late Blight,2,20.7,62.6,18.5,1020.4,LOW,25.0
Fusarium Wilt,0,20.7,62.6,18.5,1020.4,LOW,15.0
Early Blight,0,33.3,65.0,13.1,129.3,LOW,25.0
Late Blight,0,33.3,65.0,13.1,129.3,LOW,10.0
Fusarium Wilt,2,33.3,65.0,13.1,129.3,LOW,15.0
Early Blight,0,32.6,36.1,22.9,667.9,LOW,12.0
Late Blight,0,32.6,36.1,22.9,667.9,LOW,10.0
Fusarium Wilt,1,32.6,36.1,22.9,667.9,LOW,15.0
Early Blight,0,18.4,32.1,67.6,1171.6,LOW,12.0
Late Blight,2,18.4,32.1,67.6,1171.6,LOW,10.0
Fusarium Wilt,2,18.4,32.1,67.6,1171.6,LOW,25.0
Early Blight,1,20.7,61.4,28.3,187.7,LOW,35.0
Late Blight,1,20.7,61.4,28.3,187.7,LOW,35.0
Fusarium Wilt,1,20.7,61.4,28.3,187.7,LOW,25.0
Early Blight,1,21.9,84.5,24.0,874.5,LOW,35.0
Late Blight,1,21.9,84.5,24.0,874.5,MEDIUM,55.0
Fusarium Wilt,0,21.9,84.5,24.0,874.5,LOW,15.0
Early Blight,1,23.2,59.0,44.4,379.1,LOW,35.0
Late Blight,2,23.2,59.0,44.4,379.1,LOW,10.0
Fusarium Wilt,1,23.2,59.0,44.4,379.1,LOW,25.0
Early Blight,0,35.1,43.6,42.2,1004.8,LOW,12.0
Late Blight,2,35.1,43.6,42.2,1004.8,LOW,10.0
Fusarium Wilt,2,35.1,43.6,42.2,1004.8,MEDIUM,40.0
Early Blight,0,33.9,35.4,56.8,677.1,LOW,12.0
Late Blight,1,33.9,35.4,56.8,677.1,LOW,20.0
Fusarium Wilt,1,33.9,35.4,56.8,677.1,MEDIUM,40.0
Early Blight,0,24.3,58.9,34.8,463.4,LOW,25.0
Late Blight,0,24.3,58.9,34.8,463.4,LOW,10.0
Fusarium Wilt,1,24.3,58.9,34.8,463.4,LOW,25.0
Early Blight,0,30.3,38.5,30.2,121.6,LOW,12.0
Late Blight,0,30.3,38.5,30.2,121.6,LOW,10.0
Fusarium Wilt,1,30.3,38.5,30.2,121.6,LOW,25.0
Early Blight,1,31.4,81.5,78.6,794.2,MEDIUM,52.0
Late Blight,2,31.4,81.5,78.6,794.2,LOW,10.0
Fusarium Wilt,1,31.4,81.5,78.6,794.2,LOW,25.0
Early Blight,0,33.0,32.9,58.8,652.0,LOW,12.0
Late Blight,1,33.0,32.9,58.8,652.0,LOW,10.0
Fusarium Wilt,0,33.0,32.9,58.8,652.0,MEDIUM,40.0
Early Blight,0,24.1,71.2,89.2,802.8,MEDIUM,42.0
Late Blight,1,24.1,71.2,89.2,802.8,LOW,25.0
Fusarium Wilt,0,24.1,71.2,89.2,802.8,LOW,25.0
Early Blight,1,23.8,67.8,33.4,552.0,LOW,35.0
Late Blight,2,23.8,67.8,33.4,552.0,LOW,25.0
Fusarium Wilt,2,23.8,67.8,33.4,552.0,LOW,25.0
Early Blight,1,26.0,48.1,28.7,291.6,LOW,22.0
Late Blight,1,26.0,48.1,28.7,291.6,LOW,10.0
Fusarium Wilt,0,26.0,48.1,28.7,291.6,LOW,25.0
Early Blight,1,28.7,69.6,83.0,1195.2,LOW,35.0
Late Blight,1,28.7,69.6,83.0,1195.2,LOW,10.0
Fusarium Wilt,1,28.7,69.6,83.0,1195.2,LOW,25.0
Early Blight,1,24.9,97.2,62.8,128.9,MEDIUM,52.0
Late Blight,0,24.9,97.2,62.8,128.9,LOW,25.0
Fusarium Wilt,1,24.9,97.2,62.8,128.9,LOW,25.0
Early Blight,1,17.0,33.7,22.7,831.9,LOW,22.0
Late Blight,0,17.0,33.7,22.7,831.9,LOW,10.0
Fusarium Wilt,1,17.0,33.7,22.7,831.9,LOW,15.0
Early Blight,0,36.5,94.2,73.9,358.7,LOW,25.0
Late Blight,0,36.5,94.2,73.9,358.7,LOW,10.0
Fusarium Wilt,0,36.5,94.2,73.9,358.7,LOW,25.0
Early Blight,0,32.9,60.5,21.7,223.2,LOW,25.0
Late Blight,0,32.9,60.5,21.7,223.2,LOW,10.0
Fusarium Wilt,0,32.9,60.5,21.7,223.2,LOW,15.0
Early Blight,0,37.2,93.1,50.7,996.9,LOW,25.0
Late Blight,0,37.2,93.1,50.7,996.9,LOW,10.0
Fusarium Wilt,1,37.2,93.1,50.7,996.9,MEDIUM,40.0
Early Blight,1,18.2,81.5,46.1,1068.2,LOW,35.0
Late Blight,0,18.2,81.5,46.1,1068.2,MEDIUM,45.0
Fusarium Wilt,1,18.2,81.5,46.1,1068.2,LOW,25.0
Early Blight,0,26.7,59.8,10.9,289.8,LOW,25.0
Late Blight,2,26.7,59.8,10.9,289.8,LOW,10.0
Fusarium Wilt,2,26.7,59.8,10.9,289.8,LOW,15.0
Early Blight,1,17.2,87.3,77.4,518.3,LOW,35.0
Late Blight,1,17.2,87.3,77.4,518.3,MEDIUM,55.0
Fusarium Wilt,1,17.2,87.3,77.4,518.3,LOW,25.0
Early Blight,0,18.6,90.6,63.9,749.5,LOW,25.0
Late Blight,1,18.6,90.6,63.9,749.5,MEDIUM,55.0
Fusarium Wilt,1,18.6,90.6,63.9,749.5,LOW,25.0
Early Blight,0,31.7,56.7,85.5,837.3,LOW,25.0
Late Blight,1,31.7,56.7,85.5,837.3,LOW,20.0
Fusarium Wilt,2,31.7,56.7,85.5,837.3,LOW,25.0
Early Blight,1,31.4,47.6,73.2,969.1,LOW,22.0
Late Blight,2,31.4,47.6,73.2,969.1,LOW,10.0
Fusarium Wilt,0,31.4,47.6,73.2,969.1,LOW,25.0
Early Blight,0,19.1,49.3,81.5,860.0,LOW,12.0
Late Blight,2,19.1,49.3,81.5,860.0,LOW,10.0
Fusarium Wilt,1,19.1,49.3,81.5,860.0,LOW,25.0
Early Blight,1,28.4,88.4,62.7,805.3,MEDIUM,52.0
Late Blight,0,28.4,88.4,62.7,805.3,LOW,10.0
Fusarium Wilt,0,28.4,88.4,62.7,805.3,MEDIUM,40.0
Early Blight,1,21.5,71.5,40.7,373.5,LOW,35.0
Late Blight,1,21.5,71.5,40.7,373.5,LOW,35.0
Fusarium Wilt,2,21.5,71.5,40.7,373.5,LOW,25.0
Early Blight,1,16.5,30.8,54.9,212.4,LOW,22.0
Late Blight,1,16.5,30.8,54.9,212.4,LOW,20.0
Fusarium Wilt,0,16.5,30.8,54.9,212.4,LOW,25.0
Early Blight,0,24.4,66.9,20.0,652.8,LOW,25.0
Late Blight,1,24.4,66.9,20.0,652.8,LOW,35.0
Fusarium Wilt,0,24.4,66.9,20.0,652.8,LOW,15.0
Early Blight,1,26.5,71.8,80.4,251.2,MEDIUM,52.0
Late Blight,1,26.5,71.8,80.4,251.2,LOW,25.0
Fusarium Wilt,1,26.5,71.8,80.4,251.2,LOW,25.0
Early Blight,1,28.2,58.9,59.9,169.8,LOW,35.0
Late Blight,1,28.2,58.9,59.9,169.8,LOW,10.0
Fusarium Wilt,0,28.2,58.9,59.9,169.8,MEDIUM,40.0
Early Blight,0,31.7,54.3,70.4,759.7,LOW,25.0
Late Blight,0,31.7,54.3,70.4,759.7,LOW,10.0
Fusarium Wilt,1,31.7,54.3,70.4,759.7,LOW,25.0
Early Blight,0,19.9,78.9,81.6,475.9,LOW,25.0
Late Blight,2,19.9,78.9,81.6,475.9,LOW,25.0
Fusarium Wilt,1,19.9,78.9,81.6,475.9,LOW,25.0
Early Blight,0,22.6,86.4,11.8,282.1,LOW,25.0
Late Blight,2,22.6,86.4,11.8,282.1,MEDIUM,45.0
Fusarium Wilt,2,22.6,86.4,11.8,282.1,LOW,15.0
Early Blight,1,17.2,51.6,12.5,312.6,LOW,35.0
Late Blight,1,17.2,51.6,12.5,312.6,LOW,10.0
Fusarium Wilt,2,17.2,51.6,12.5,312.6,LOW,15.0
Early Blight,0,32.4,62.9,82.9,922.3,LOW,25.0
Late Blight,2,32.4,62.9,82.9,922.3,LOW,10.0
Fusarium Wilt,0,32.4,62.9,82.9,922.3,LOW,25.0
Early Blight,0,29.5,67.2,86.5,902.4,LOW,25.0
Late Blight,1,29.5,67.2,86.5,902.4,LOW,10.0
Fusarium Wilt,2,29.5,67.2,86.5,902.4,LOW,25.0
Early Blight,0,21.2,65.2,89.6,966.0,LOW,25.0
Late Blight,0,21.2,65.2,89.6,966.0,LOW,25.0
Fusarium Wilt,0,21.2,65.2,89.6,966.0,LOW,25.0
Early Blight,1,27.6,71.9,53.1,985.2,MEDIUM,52.0
Late Blight,1,27.6,71.9,53.1,985.2,LOW,35.0
Fusarium Wilt,1,27.6,71.9,53.1,985.2,MEDIUM,40.0
Early Blight,1,36.4,55.9,35.0,1081.8,LOW,35.0
Late Blight,2,36.4,55.9,35.0,1081.8,LOW,10.0
Fusarium Wilt,1,36.4,55.9,35.0,1081.8,LOW,25.0
Early Blight,1,17.5,71.7,67.8,847.5,LOW,35.0
Late Blight,1,17.5,71.7,67.8,847.5,LOW,35.0
Fusarium Wilt,1,17.5,71.7,67.8,847.5,LOW,25.0
Early Blight,1,23.8,77.2,38.1,177.4,LOW,35.0
Late Blight,1,23.8,77.2,38.1,177.4,LOW,35.0
Fusarium Wilt,0,23.8,77.2,38.1,177.4,LOW,25.0
Early Blight,1,32.7,84.9,26.6,445.8,LOW,35.0
Late Blight,1,32.7,84.9,26.6,445.8,LOW,20.0
Fusarium Wilt,1,32.7,84.9,26.6,445.8,LOW,25.0
Early Blight,0,23.6,33.8,48.8,154.1,LOW,12.0
Late Blight,1,23.6,33.8,48.8,154.1,LOW,20.0
Fusarium Wilt,1,23.6,33.8,48.8,154.1,LOW,25.0
Early Blight,1,28.3,42.2,33.5,514.0,LOW,22.0
Late Blight,0,28.3,42.2,33.5,514.0,LOW,10.0
Fusarium Wilt,0,28.3,42.2,33.5,514.0,LOW,25.0
Early Blight,1,25.0,63.8,14.0,968.1,LOW,35.0
Late Blight,1,25.0,63.8,14.0,968.1,LOW,25.0
Fusarium Wilt,2,25.0,63.8,14.0,968.1,LOW,15.0
Early Blight,0,23.4,81.4,37.2,1081.7,LOW,25.0
Late Blight,1,23.4,81.4,37.2,1081.7,MEDIUM,55.0
Fusarium Wilt,2,23.4,81.4,37.2,1081.7,LOW,25.0
Early Blight,0,33.0,84.8,12.3,243.9,LOW,25.0
Late Blight,1,33.0,84.8,12.3,243.9,LOW,10.0
Fusarium Wilt,0,33.0,84.8,12.3,243.9,LOW,15.0
Early Blight,1,34.6,42.5,43.5,870.7,LOW,22.0
Late Blight,2,34.6,42.5,43.5,870.7,LOW,10.0
Fusarium Wilt,1,34.6,42.5,43.5,870.7,MEDIUM,40.0
Early Blight,1,16.2,77.2,64.0,276.3,LOW,35.0
Late Blight,2,16.2,77.2,64.0,276.3,LOW,25.0
Fusarium Wilt,0,16.2,77.2,64.0,276.3,LOW,25.0
Early Blight,1,24.8,89.9,65.5,621.3,MEDIUM,52.0
Late Blight,0,24.8,89.9,65.5,621.3,LOW,25.0
Fusarium Wilt,2,24.8,89.9,65.5,621.3,LOW,25.0
Early Blight,0,19.1,78.2,18.0,509.8,LOW,25.0
Late Blight,0,19.1,78.2,18.0,509.8,LOW,25.0
Fusarium Wilt,0,19.1,78.2,18.0,509.8,LOW,15.0
Early Blight,1,23.9,34.1,70.8,1177.4,LOW,22.0
Late Blight,1,23.9,34.1,70.8,1177.4,LOW,10.0
Fusarium Wilt,1,23.9,34.1,70.8,1177.4,LOW,25.0
Early Blight,0,37.8,38.7,80.0,290.2,LOW,12.0
Late Blight,1,37.8,38.7,80.0,290.2,LOW,20.0
Fusarium Wilt,1,37.8,38.7,80.0,290.2,LOW,25.0
Early Blight,1,33.4,60.3,89.5,549.4,LOW,35.0
Late Blight,1,33.4,60.3,89.5,549.4,LOW,10.0
Fusarium Wilt,1,33.4,60.3,89.5,549.4,LOW,25.0
Early Blight,0,36.1,33.6,52.3,351.7,LOW,12.0
Late Blight,2,36.1,33.6,52.3,351.7,LOW,10.0
Fusarium Wilt,1,36.1,33.6,52.3,351.7,MEDIUM,40.0
Early Blight,0,23.9,81.2,13.8,709.5,LOW,25.0
Late Blight,1,23.9,81.2,13.8,709.5,MEDIUM,55.0
Fusarium Wilt,1,23.9,81.2,13.8,709.5,LOW,15.0
Early Blight,0,22.1,38.4,54.6,926.3,LOW,12.0
Late Blight,1,22.1,38.4,54.6,926.3,LOW,20.0
Fusarium Wilt,0,22.1,38.4,54.6,926.3,LOW,25.0
Early Blight,1,16.1,76.0,44.3,436.1,LOW,35.0
Late Blight,1,16.1,76.0,44.3,436.1,LOW,35.0
Fusarium Wilt,2,16.1,76.0,44.3,436.1,LOW,25.0
Early Blight,0,35.2,37.6,85.6,269.6,LOW,12.0
Late Blight,1,35.2,37.6,85.6,269.6,LOW,10.0
Fusarium Wilt,0,35.2,37.6,85.6,269.6,LOW,25.0
Early Blight,1,37.5,76.4,59.7,997.2,LOW,35.0
Late Blight,1,37.5,76.4,59.7,997.2,LOW,10.0
Fusarium Wilt,1,37.5,76.4,59.7,997.2,MEDIUM,40.0
Early Blight,1,21.7,73.6,69.4,638.2,LOW,35.0
Late Blight,0,21.7,73.6,69.4,638.2,LOW,25.0
Fusarium Wilt,2,21.7,73.6,69.4,638.2,LOW,25.0
Early Blight,1,16.7,62.3,67.1,820.6,LOW,35.0
Late Blight,0,16.7,62.3,67.1,820.6,LOW,25.0
Fusarium Wilt,2,16.7,62.3,67.1,820.6,LOW,25.0
Early Blight,0,16.0,52.4,60.8,136.5,LOW,25.0
Late Blight,1,16.0,52.4,60.8,136.5,LOW,20.0
Fusarium Wilt,0,16.0,52.4,60.8,136.5,LOW,25.0
Early Blight,0,18.3,72.4,28.4,1032.5,LOW,25.0
Late Blight,1,18.3,72.4,28.4,1032.5,LOW,25.0
Fusarium Wilt,0,18.3,72.4,28.4,1032.5,LOW,25.0
Early Blight,1,32.0,65.0,67.2,536.0,LOW,35.0
Late Blight,1,32.0,65.0,67.2,536.0,LOW,10.0
Fusarium Wilt,1,32.0,65.0,67.2,536.0,MEDIUM,40.0
Early Blight,1,19.0,47.3,83.3,1151.1,LOW,22.0
Late Blight,1,19.0,47.3,83.3,1151.1,LOW,10.0
Fusarium Wilt,1,19.0,47.3,83.3,1151.1,LOW,25.0
Early Blight,0,23.3,34.5,58.2,339.2,LOW,12.0
Late Blight,1,23.3,34.5,58.2,339.2,LOW,20.0
Fusarium Wilt,0,23.3,34.5,58.2,339.2,LOW,25.0
Early Blight,1,33.4,75.5,29.3,755.3,LOW,35.0
Late Blight,1,33.4,75.5,29.3,755.3,LOW,10.0
Fusarium Wilt,0,33.4,75.5,29.3,755.3,LOW,25.0
Early Blight,0,31.9,84.7,55.4,568.1,MEDIUM,42.0
Late Blight,1,31.9,84.7,55.4,568.1,LOW,20.0
Fusarium Wilt,0,31.9,84.7,55.4,568.1,MEDIUM,40.0
Early Blight,1,16.4,97.5,35.2,736.7,LOW,35.0
Late Blight,2,16.4,97.5,35.2,736.7,MEDIUM,45.0
Fusarium Wilt,2,16.4,97.5,35.2,736.7,LOW,25.0
Early Blight,0,23.7,32.5,17.2,901.8,LOW,12.0
Late Blight,1,23.7,32.5,17.2,901.8,LOW,20.0
Fusarium Wilt,2,23.7,32.5,17.2,901.8,LOW,15.0
Early Blight,1,35.8,86.6,61.9,751.6,LOW,35.0
Late Blight,1,35.8,86.6,61.9,751.6,LOW,10.0
Fusarium Wilt,1,35.8,86.6,61.9,751.6,MEDIUM,40.0
Early Blight,0,37.7,74.8,50.0,531.1,LOW,25.0
Late Blight,0,37.7,74.8,50.0,531.1,LOW,10.0
Fusarium Wilt,0,37.7,74.8,50.0,531.1,MEDIUM,40.0
Early Blight,1,26.8,33.4,56.2,1116.5,LOW,22.0
Late Blight,1,26.8,33.4,56.2,1116.5,LOW,10.0
Fusarium Wilt,2,26.8,33.4,56.2,1116.5,MEDIUM,40.0
Early Blight,1,35.4,31.1,65.3,524.5,LOW,22.0
Late Blight,1,35.4,31.1,65.3,524.5,LOW,10.0
Fusarium Wilt,0,35.4,31.1,65.3,524.5,MEDIUM,40.0
Early Blight,1,30.4,68.0,74.2,628.9,LOW,35.0
Late Blight,2,30.4,68.0,74.2,628.9,LOW,10.0
Fusarium Wilt,2,30.4,68.0,74.2,628.9,LOW,25.0
Early Blight,0,33.3,49.6,83.4,358.8,LOW,12.0
Late Blight,0,33.3,49.6,83.4,358.8,LOW,10.0
Fusarium Wilt,1,33.3,49.6,83.4,358.8,LOW,25.0
Early Blight,0,26.7,33.2,48.6,563.3,LOW,12.0
Late Blight,0,26.7,33.2,48.6,563.3,LOW,10.0
Fusarium Wilt,2,26.7,33.2,48.6,563.3,MEDIUM,40.0
Early Blight,1,34.9,70.0,76.6,969.1,LOW,35.0
Late Blight,1,34.9,70.0,76.6,969.1,LOW,10.0
Fusarium Wilt,1,34.9,70.0,76.6,969.1,LOW,25.0
Early Blight,0,24.3,42.4,39.6,997.1,LOW,12.0
Late Blight,0,24.3,42.4,39.6,997.1,LOW,10.0
Fusarium Wilt,2,24.3,42.4,39.6,997.1,LOW,25.0
Early Blight,0,15.4,76.9,44.9,1169.7,LOW,25.0
Late Blight,2,15.4,76.9,44.9,1169.7,LOW,25.0
Fusarium Wilt,1,15.4,76.9,44.9,1169.7,LOW,25.0
Early Blight,0,36.1,50.3,16.9,199.3,LOW,25.0
Late Blight,1,36.1,50.3,16.9,199.3,LOW,20.0
Fusarium Wilt,1,36.1,50.3,16.9,199.3,LOW,15.0
Early Blight,0,27.5,36.8,59.1,1114.6,LOW,12.0
Late Blight,1,27.5,36.8,59.1,1114.6,LOW,20.0
Fusarium Wilt,1,27.5,36.8,59.1,1114.6,MEDIUM,40.0
Early Blight,1,32.8,81.7,44.4,703.1,LOW,35.0
Late Blight,1,32.8,81.7,44.4,703.1,LOW,10.0
Fusarium Wilt,0,32.8,81.7,44.4,703.1,MEDIUM,40.0
Early Blight,0,18.7,71.3,72.8,680.7,LOW,25.0
Late Blight,0,18.7,71.3,72.8,680.7,LOW,25.0
Fusarium Wilt,1,18.7,71.3,72.8,680.7,LOW,25.0
Early Blight,1,27.2,76.4,61.3,959.7,MEDIUM,52.0
Late Blight,1,27.2,76.4,61.3,959.7,LOW,25.0
Fusarium Wilt,2,27.2,76.4,61.3,959.7,MEDIUM,40.0
Early Blight,0,34.4,68.7,81.7,125.7,LOW,25.0
Late Blight,1,34.4,68.7,81.7,125.7,LOW,10.0
Fusarium Wilt,1,34.4,68.7,81.7,125.7,LOW,25.0
Early Blight,0,32.6,54.4,77.9,794.2,LOW,25.0
Late Blight,1,32.6,54.4,77.9,794.2,LOW,20.0
Fusarium Wilt,1,32.6,54.4,77.9,794.2,LOW,25.0
Early Blight,1,27.7,30.4,85.5,1087.1,LOW,22.0
Late Blight,2,27.7,30.4,85.5,1087.1,LOW,10.0
Fusarium Wilt,2,27.7,30.4,85.5,1087.1,LOW,25.0
Early Blight,0,22.2,95.1,46.8,602.6,LOW,25.0
Late Blight,1,22.2,95.1,46.8,602.6,MEDIUM,55.0
Fusarium Wilt,1,22.2,95.1,46.8,602.6,LOW,25.0
Early Blight,0,33.0,36.6,63.8,1018.3,LOW,12.0
Late Blight,1,33.0,36.6,63.8,1018.3,LOW,10.0
Fusarium Wilt,0,33.0,36.6,63.8,1018.3,MEDIUM,40.0
Early Blight,1,25.0,42.0,21.3,1137.3,LOW,22.0
Late Blight,1,25.0,42.0,21.3,1137.3,LOW,20.0
Fusarium Wilt,0,25.0,42.0,21.3,1137.3,LOW,15.0
Early Blight,1,36.0,48.0,68.5,393.0,LOW,22.0
Late Blight,1,36.0,48.0,68.5,393.0,LOW,20.0
Fusarium Wilt,2,36.0,48.0,68.5,393.0,MEDIUM,40.0
Early Blight,0,34.2,51.7,72.4,239.1,LOW,25.0
Late Blight,1,34.2,51.7,72.4,239.1,LOW,10.0
Fusarium Wilt,1,34.2,51.7,72.4,239.1,LOW,25.0
Early Blight,1,31.3,31.2,68.7,169.7,LOW,22.0
Late Blight,0,31.3,31.2,68.7,169.7,LOW,10.0
Fusarium Wilt,1,31.3,31.2,68.7,169.7,MEDIUM,40.0
Early Blight,1,25.6,44.4,20.9,1032.4,LOW,22.0
Late Blight,2,25.6,44.4,20.9,1032.4,LOW,10.0
Fusarium Wilt,1,25.6,44.4,20.9,1032.4,LOW,15.0
Early Blight,0,31.6,83.6,10.4,197.9,MEDIUM,42.0
Late Blight,0,31.6,83.6,10.4,197.9,LOW,10.0
Fusarium Wilt,1,31.6,83.6,10.4,197.9,LOW,15.0
Early Blight,1,31.5,46.3,20.9,561.7,LOW,22.0
Late Blight,0,31.5,46.3,20.9,561.7,LOW,10.0
Fusarium Wilt,1,31.5,46.3,20.9,561.7,LOW,15.0
Early Blight,0,26.1,34.0,38.1,718.7,LOW,12.0
Late Blight,1,26.1,34.0,38.1,718.7,LOW,20.0
Fusarium Wilt,0,26.1,34.0,38.1,718.7,LOW,25.0
Early Blight,0,29.0,87.4,80.9,220.1,MEDIUM,42.0
Late Blight,2,29.0,87.4,80.9,220.1,LOW,10.0
Fusarium Wilt,1,29.0,87.4,80.9,220.1,LOW,25.0
Early Blight,1,32.1,45.5,75.4,973.3,LOW,22.0
Late Blight,1,32.1,45.5,75.4,973.3,LOW,20.0
Fusarium Wilt,2,32.1,45.5,75.4,973.3,LOW,25.0
Early Blight,1,24.9,51.3,11.2,1152.7,LOW,35.0
Late Blight,0,24.9,51.3,11.2,1152.7,LOW,10.0
Fusarium Wilt,1,24.9,51.3,11.2,1152.7,LOW,15.0
Early Blight,0,33.1,68.2,36.2,422.3,LOW,25.0
Late Blight,1,33.1,68.2,36.2,422.3,LOW,10.0
Fusarium Wilt,1,33.1,68.2,36.2,422.3,LOW,25.0
Early Blight,1,28.2,88.8,43.0,244.7,MEDIUM,52.0
Late Blight,0,28.2,88.8,43.0,244.7,LOW,10.0
Fusarium Wilt,1,28.2,88.8,43.0,244.7,MEDIUM,40.0
Early Blight,1,37.1,83.9,51.2,255.4,LOW,35.0
Late Blight,0,37.1,83.9,51.2,255.4,LOW,10.0
Fusarium Wilt,1,37.1,83.9,51.2,255.4,MEDIUM,40.0
Early Blight,1,31.7,34.8,30.6,149.9,LOW,22.0
Late Blight,0,31.7,34.8,30.6,149.9,LOW,10.0
Fusarium Wilt,2,31.7,34.8,30.6,149.9,LOW,25.0
Early Blight,0,25.8,50.2,87.7,962.0,LOW,25.0
Late Blight,1,25.8,50.2,87.7,962.0,LOW,10.0
Fusarium Wilt,1,25.8,50.2,87.7,962.0,LOW,25.0
Early Blight,1,35.0,40.3,52.4,546.2,LOW,22.0
Late Blight,1,35.0,40.3,52.4,546.2,LOW,20.0
Fusarium Wilt,2,35.0,40.3,52.4,546.2,MEDIUM,40.0
Early Blight,0,27.6,97.3,89.7,1080.1,MEDIUM,42.0
Late Blight,0,27.6,97.3,89.7,1080.1,LOW,25.0
Fusarium Wilt,1,27.6,97.3,89.7,1080.1,LOW,25.0
Early Blight,0,20.2,92.6,73.8,793.7,LOW,25.0
Late Blight,2,20.2,92.6,73.8,793.7,MEDIUM,45.0
Fusarium Wilt,2,20.2,92.6,73.8,793.7,LOW,25.0
Early Blight,1,25.2,60.2,32.1,155.1,LOW,35.0
Late Blight,1,25.2,60.2,32.1,155.1,LOW,35.0
Fusarium Wilt,2,25.2,60.2,32.1,155.1,LOW,25.0
Early Blight,0,19.7,42.4,76.0,753.5,LOW,12.0
Late Blight,1,19.7,42.4,76.0,753.5,LOW,10.0
Fusarium Wilt,2,19.7,42.4,76.0,753.5,LOW,25.0
Early Blight,0,31.1,79.7,63.3,760.1,MEDIUM,42.0
Late Blight,2,31.1,79.7,63.3,760.1,LOW,10.0
Fusarium Wilt,1,31.1,79.7,63.3,760.1,MEDIUM,40.0
Early Blight,1,36.7,36.4,88.9,121.0,LOW,22.0
Late Blight,1,36.7,36.4,88.9,121.0,LOW,10.0
Fusarium Wilt,1,36.7,36.4,88.9,121.0,LOW,25.0
Early Blight,1,31.2,41.4,11.9,888.8,LOW,22.0
Late Blight,1,31.2,41.4,11.9,888.8,LOW,10.0
Fusarium Wilt,0,31.2,41.4,11.9,888.8,LOW,15.0
Early Blight,1,16.9,42.0,10.1,191.0,LOW,22.0
Late Blight,2,16.9,42.0,10.1,191.0,LOW,10.0
Fusarium Wilt,0,16.9,42.0,10.1,191.0,LOW,15.0
Early Blight,0,35.1,34.0,22.6,559.4,LOW,12.0
Late Blight,1,35.1,34.0,22.6,559.4,LOW,20.0
Fusarium Wilt,2,35.1,34.0,22.6,559.4,LOW,15.0
Early Blight,0,31.5,42.5,80.3,1163.3,LOW,12.0
Late Blight,1,31.5,42.5,80.3,1163.3,LOW,20.0
Fusarium Wilt,0,31.5,42.5,80.3,1163.3,LOW,25.0
Early Blight,0,15.7,49.2,86.5,641.5,LOW,12.0
Late Blight,0,15.7,49.2,86.5,641.5,LOW,10.0
Fusarium Wilt,1,15.7,49.2,86.5,641.5,LOW,25.0
Early Blight,1,36.4,78.2,57.2,502.8,LOW,35.0
Late Blight,1,36.4,78.2,57.2,502.8,LOW,10.0
Fusarium Wilt,2,36.4,78.2,57.2,502.8,MEDIUM,40.0
Early Blight,0,24.0,95.1,59.8,1166.8,MEDIUM,42.0
Late Blight,1,24.0,95.1,59.8,1166.8,MEDIUM,45.0
Fusarium Wilt,1,24.0,95.1,59.8,1166.8,LOW,25.0
Early Blight,0,23.0,93.8,80.3,571.2,LOW,25.0
Late Blight,0,23.0,93.8,80.3,571.2,MEDIUM,45.0
Fusarium Wilt,1,23.0,93.8,80.3,571.2,LOW,25.0
Early Blight,1,29.4,91.9,86.4,1189.5,MEDIUM,52.0
Late Blight,0,29.4,91.9,86.4,1189.5,LOW,10.0
Fusarium Wilt,1,29.4,91.9,86.4,1189.5,LOW,25.0
Early Blight,1,32.5,46.6,39.9,723.8,LOW,22.0
Late Blight,2,32.5,46.6,39.9,723.8,LOW,10.0
Fusarium Wilt,1,32.5,46.6,39.9,723.8,LOW,25.0
Early Blight,1,28.1,69.3,61.5,537.6,LOW,35.0
Late Blight,0,28.1,69.3,61.5,537.6,LOW,10.0
Fusarium Wilt,1,28.1,69.3,61.5,537.6,MEDIUM,40.0
Early Blight,1,31.5,62.5,13.5,865.0,LOW,35.0
Late Blight,2,31.5,62.5,13.5,865.0,LOW,10.0
Fusarium Wilt,0,31.5,62.5,13.5,865.0,LOW,15.0
Early Blight,0,37.0,75.0,55.6,417.9,LOW,25.0
Late Blight,1,37.0,75.0,55.6,417.9,LOW,20.0
Fusarium Wilt,2,37.0,75.0,55.6,417.9,MEDIUM,40.0
Early Blight,1,26.3,55.6,77.8,272.9,LOW,35.0
Late Blight,1,26.3,55.6,77.8,272.9,LOW,10.0
Fusarium Wilt,1,26.3,55.6,77.8,272.9,LOW,25.0
Early Blight,1,19.9,55.8,30.4,1088.7,LOW,35.0
Late Blight,1,19.9,55.8,30.4,1088.7,LOW,10.0
Fusarium Wilt,2,19.9,55.8,30.4,1088.7,LOW,25.0
Early Blight,0,19.3,94.4,66.2,264.4,LOW,25.0
Late Blight,1,19.3,94.4,66.2,264.4,MEDIUM,45.0
Fusarium Wilt,1,19.3,94.4,66.2,264.4,LOW,25.0
Early Blight,0,15.7,32.7,81.6,563.9,LOW,12.0
Late Blight,2,15.7,32.7,81.6,563.9,LOW,10.0
Fusarium Wilt,0,15.7,32.7,81.6,563.9,LOW,25.0
Early Blight,0,36.0,64.7,29.4,266.6,LOW,25.0
Late Blight,2,36.0,64.7,29.4,266.6,LOW,10.0
Fusarium Wilt,2,36.0,64.7,29.4,266.6,LOW,25.0
Early Blight,0,36.3,49.1,64.3,1153.5,LOW,12.0
Late Blight,1,36.3,49.1,64.3,1153.5,LOW,10.0
Fusarium Wilt,0,36.3,49.1,64.3,1153.5,MEDIUM,40.0
Early Blight,1,37.6,60.7,78.6,1046.8,LOW,35.0
Late Blight,0,37.6,60.7,78.6,1046.8,LOW,10.0
Fusarium Wilt,2,37.6,60.7,78.6,1046.8,LOW,25.0
Early Blight,0,16.1,94.8,29.2,838.1,LOW,25.0
Late Blight,0,16.1,94.8,29.2,838.1,MEDIUM,45.0
Fusarium Wilt,2,16.1,94.8,29.2,838.1,LOW,25.0
Early Blight,1,27.0,35.3,47.0,609.7,LOW,22.0
Late Blight,1,27.0,35.3,47.0,609.7,LOW,20.0
Fusarium Wilt,2,27.0,35.3,47.0,609.7,MEDIUM,40.0
Early Blight,1,22.9,41.0,67.1,705.8,LOW,22.0
Late Blight,1,22.9,41.0,67.1,705.8,LOW,10.0
Fusarium Wilt,1,22.9,41.0,67.1,705.8,LOW,25.0
Early Blight,0,31.7,41.6,38.2,1101.4,LOW,12.0
Late Blight,0,31.7,41.6,38.2,1101.4,LOW,10.0
Fusarium Wilt,0,31.7,41.6,38.2,1101.4,LOW,25.0
Early Blight,1,28.0,59.5,71.8,653.4,LOW,35.0
Late Blight,1,28.0,59.5,71.8,653.4,LOW,10.0
Fusarium Wilt,1,28.0,59.5,71.8,653.4,LOW,25.0
Early Blight,0,22.2,81.0,65.2,617.5,LOW,25.0
Late Blight,1,22.2,81.0,65.2,617.5,MEDIUM,45.0
Fusarium Wilt,2,22.2,81.0,65.2,617.5,LOW,25.0
Early Blight,0,37.8,53.1,28.9,688.5,LOW,25.0
Late Blight,1,37.8,53.1,28.9,688.5,LOW,20.0
Fusarium Wilt,1,37.8,53.1,28.9,688.5,LOW,25.0
Early Blight,0,36.7,64.6,56.6,1089.1,LOW,25.0
Late Blight,1,36.7,64.6,56.6,1089.1,LOW,10.0
Fusarium Wilt,2,36.7,64.6,56.6,1089.1,MEDIUM,40.0
Early Blight,1,17.2,64.9,23.4,929.4,LOW,35.0
Late Blight,1,17.2,64.9,23.4,929.4,LOW,25.0
Fusarium Wilt,0,17.2,64.9,23.4,929.4,LOW,15.0
Early Blight,1,29.4,87.0,28.3,828.7,MEDIUM,52.0
Late Blight,2,29.4,87.0,28.3,828.7,LOW,10.0
Fusarium Wilt,2,29.4,87.0,28.3,828.7,LOW,25.0
Early Blight,1,19.9,39.0,69.9,677.4,LOW,22.0
Late Blight,1,19.9,39.0,69.9,677.4,LOW,10.0
Fusarium Wilt,1,19.9,39.0,69.9,677.4,LOW,25.0
Early Blight,1,19.5,30.7,20.1,790.0,LOW,22.0
Late Blight,2,19.5,30.7,20.1,790.0,LOW,10.0
Fusarium Wilt,1,19.5,30.7,20.1,790.0,LOW,15.0
Early Blight,1,31.0,44.9,20.5,888.6,LOW,22.0
Late Blight,1,31.0,44.9,20.5,888.6,LOW,20.0
Fusarium Wilt,1,31.0,44.9,20.5,888.6,LOW,15.0
Early Blight,1,31.5,32.8,72.1,243.7,LOW,22.0
Late Blight,2,31.5,32.8,72.1,243.7,LOW,10.0
Fusarium Wilt,2,31.5,32.8,72.1,243.7,LOW,25.0
Early Blight,1,30.7,86.1,37.6,972.4,MEDIUM,52.0
Late Blight,1,30.7,86.1,37.6,972.4,LOW,20.0
Fusarium Wilt,1,30.7,86.1,37.6,972.4,LOW,25.0
Early Blight,1,17.2,66.5,20.6,178.1,LOW,35.0
Late Blight,1,17.2,66.5,20.6,178.1,LOW,25.0
Fusarium Wilt,1,17.2,66.5,20.6,178.1,LOW,15.0
Early Blight,0,30.8,80.5,47.6,515.9,MEDIUM,42.0
Late Blight,1,30.8,80.5,47.6,515.9,LOW,20.0
Fusarium Wilt,0,30.8,80.5,47.6,515.9,MEDIUM,40.0
Early Blight,0,17.7,83.4,31.1,1026.4,LOW,25.0
Late Blight,1,17.7,83.4,31.1,1026.4,MEDIUM,55.0
Fusarium Wilt,2,17.7,83.4,31.1,1026.4,LOW,25.0
Early Blight,1,28.1,84.5,26.2,230.4,MEDIUM,52.0
Late Blight,1,28.1,84.5,26.2,230.4,LOW,20.0
Fusarium Wilt,1,28.1,84.5,26.2,230.4,LOW,25.0
Early Blight,0,34.3,87.2,82.6,606.6,LOW,25.0
Late Blight,1,34.3,87.2,82.6,606.6,LOW,20.0
Fusarium Wilt,0,34.3,87.2,82.6,606.6,LOW,25.0
Early Blight,1,16.9,64.8,41.5,497.8,LOW,35.0
Late Blight,1,16.9,64.8,41.5,497.8,LOW,25.0
Fusarium Wilt,1,16.9,64.8,41.5,497.8,LOW,25.0
Early Blight,0,25.1,59.3,88.4,853.3,LOW,25.0
Late Blight,2,25.1,59.3,88.4,853.3,LOW,10.0
Fusarium Wilt,2,25.1,59.3,88.4,853.3,LOW,25.0
Early Blight,1,29.9,55.6,46.3,242.4,LOW,35.0
Late Blight,1,29.9,55.6,46.3,242.4,LOW,10.0
Fusarium Wilt,2,29.9,55.6,46.3,242.4,MEDIUM,40.0
Early Blight,0,18.4,44.7,42.9,251.2,LOW,12.0
Late Blight,1,18.4,44.7,42.9,251.2,LOW,10.0
Fusarium Wilt,1,18.4,44.7,42.9,251.2,LOW,25.0
Early Blight,0,18.5,76.2,78.0,799.9,LOW,25.0
Late Blight,1,18.5,76.2,78.0,799.9,LOW,35.0
Fusarium Wilt,0,18.5,76.2,78.0,799.9,LOW,25.0
Early Blight,1,29.2,80.3,84.4,262.3,MEDIUM,52.0
Late Blight,1,29.2,80.3,84.4,262.3,LOW,10.0
Fusarium Wilt,1,29.2,80.3,84.4,262.3,LOW,25.0
Early Blight,1,30.7,47.9,26.1,472.7,LOW,22.0
Late Blight,1,30.7,47.9,26.1,472.7,LOW,10.0
Fusarium Wilt,0,30.7,47.9,26.1,472.7,LOW,25.0
Early Blight,0,37.4,42.7,39.3,163.4,LOW,12.0
Late Blight,2,37.4,42.7,39.3,163.4,LOW,10.0
Fusarium Wilt,1,37.4,42.7,39.3,163.4,LOW,25.0
Early Blight,0,33.6,46.4,16.3,1017.9,LOW,12.0
Late Blight,1,33.6,46.4,16.3,1017.9,LOW,20.0
Fusarium Wilt,1,33.6,46.4,16.3,1017.9,LOW,15.0
Early Blight,0,23.5,61.7,68.2,1107.8,LOW,25.0
Late Blight,2,23.5,61.7,68.2,1107.8,LOW,25.0
Fusarium Wilt,1,23.5,61.7,68.2,1107.8,LOW,25.0
Early Blight,0,35.6,84.2,31.5,949.3,LOW,25.0
Late Blight,0,35.6,84.2,31.5,949.3,LOW,10.0
Fusarium Wilt,2,35.6,84.2,31.5,949.3,LOW,25.0
Early Blight,0,23.5,62.1,78.6,532.3,LOW,25.0
Late Blight,0,23.5,62.1,78.6,532.3,LOW,25.0
Fusarium Wilt,1,23.5,62.1,78.6,532.3,LOW,25.0
Early Blight,1,19.8,49.1,16.3,477.6,LOW,22.0
Late Blight,0,19.8,49.1,16.3,477.6,LOW,10.0
Fusarium Wilt,0,19.8,49.1,16.3,477.6,LOW,15.0
Early Blight,1,36.5,92.4,34.5,196.3,LOW,35.0
Late Blight,0,36.5,92.4,34.5,196.3,LOW,10.0
Fusarium Wilt,1,36.5,92.4,34.5,196.3,LOW,25.0
Early Blight,0,28.2,57.0,77.5,299.9,LOW,25.0
Late Blight,2,28.2,57.0,77.5,299.9,LOW,10.0
Fusarium Wilt,1,28.2,57.0,77.5,299.9,LOW,25.0
Early Blight,1,23.5,78.8,89.0,392.3,LOW,35.0
Late Blight,1,23.5,78.8,89.0,392.3,LOW,35.0
Fusarium Wilt,0,23.5,78.8,89.0,392.3,LOW,25.0
Early Blight,0,30.0,69.7,29.8,1087.0,LOW,25.0
Late Blight,1,30.0,69.7,29.8,1087.0,LOW,20.0
Fusarium Wilt,2,30.0,69.7,29.8,1087.0,LOW,25.0
Early Blight,0,31.5,33.8,55.3,342.0,LOW,12.0
Late Blight,1,31.5,33.8,55.3,342.0,LOW,10.0
Fusarium Wilt,1,31.5,33.8,55.3,342.0,MEDIUM,40.0
Early Blight,0,27.3,76.7,19.8,1134.2,MEDIUM,42.0
Late Blight,1,27.3,76.7,19.8,1134.2,LOW,35.0
Fusarium Wilt,2,27.3,76.7,19.8,1134.2,LOW,15.0
Early Blight,1,27.6,36.3,84.6,408.9,LOW,22.0
Late Blight,1,27.6,36.3,84.6,408.9,LOW,10.0
Fusarium Wilt,1,27.6,36.3,84.6,408.9,LOW,25.0
Early Blight,0,25.0,91.6,73.8,385.7,MEDIUM,42.0
Late Blight,0,25.0,91.6,73.8,385.7,LOW,25.0
Fusarium Wilt,2,25.0,91.6,73.8,385.7,LOW,25.0
Early Blight,1,29.8,41.1,61.8,997.5,LOW,22.0
Late Blight,0,29.8,41.1,61.8,997.5,LOW,10.0
Fusarium Wilt,0,29.8,41.1,61.8,997.5,MEDIUM,40.0
Early Blight,1,20.1,60.2,46.2,735.0,LOW,35.0
Late Blight,2,20.1,60.2,46.2,735.0,LOW,25.0
Fusarium Wilt,2,20.1,60.2,46.2,735.0,LOW,25.0
Early Blight,0,36.0,73.9,13.7,939.5,LOW,25.0
Late Blight,0,36.0,73.9,13.7,939.5,LOW,10.0
Fusarium Wilt,1,36.0,73.9,13.7,939.5,LOW,15.0
Early Blight,1,36.3,55.0,61.9,824.1,LOW,35.0
Late Blight,2,36.3,55.0,61.9,824.1,LOW,10.0
Fusarium Wilt,1,36.3,55.0,61.9,824.1,MEDIUM,40.0
Early Blight,0,17.9,51.0,35.6,828.8,LOW,25.0
Late Blight,2,17.9,51.0,35.6,828.8,LOW,10.0
Fusarium Wilt,1,17.9,51.0,35.6,828.8,LOW,25.0
Early Blight,0,30.9,38.4,83.5,939.4,LOW,12.0
Late Blight,1,30.9,38.4,83.5,939.4,LOW,20.0
Fusarium Wilt,0,30.9,38.4,83.5,939.4,LOW,25.0
Early Blight,1,19.6,43.5,59.8,486.2,LOW,22.0
Late Blight,1,19.6,43.5,59.8,486.2,LOW,20.0
Fusarium Wilt,0,19.6,43.5,59.8,486.2,LOW,25.0
Early Blight,1,19.3,79.4,78.5,962.5,LOW,35.0
Late Blight,0,19.3,79.4,78.5,962.5,LOW,25.0
Fusarium Wilt,1,19.3,79.4,78.5,962.5,LOW,25.0
Early Blight,0,30.2,44.5,28.8,285.9,LOW,12.0
Late Blight,1,30.2,44.5,28.8,285.9,LOW,20.0
Fusarium Wilt,1,30.2,44.5,28.8,285.9,LOW,25.0
Early Blight,1,27.0,71.3,10.1,499.9,MEDIUM,52.0
Late Blight,0,27.0,71.3,10.1,499.9,LOW,25.0
Fusarium Wilt,0,27.0,71.3,10.1,499.9,LOW,15.0
Early Blight,0,20.2,45.4,44.1,658.0,LOW,12.0
Late Blight,2,20.2,45.4,44.1,658.0,LOW,10.0
Fusarium Wilt,1,20.2,45.4,44.1,658.0,LOW,25.0
Early Blight,1,16.0,42.7,58.6,966.7,LOW,22.0
Late Blight,1,16.0,42.7,58.6,966.7,LOW,20.0
Fusarium Wilt,1,16.0,42.7,58.6,966.7,LOW,25.0
Early Blight,0,17.3,63.4,22.5,209.8,LOW,25.0
Late Blight,0,17.3,63.4,22.5,209.8,LOW,25.0
Fusarium Wilt,1,17.3,63.4,22.5,209.8,LOW,15.0
Early Blight,0,30.6,73.0,24.6,198.6,MEDIUM,42.0
Late Blight,0,30.6,73.0,24.6,198.6,LOW,10.0
Fusarium Wilt,1,30.6,73.0,24.6,198.6,LOW,15.0
Early Blight,1,21.0,88.4,72.3,626.3,LOW,35.0
Late Blight,1,21.0,88.4,72.3,626.3,MEDIUM,55.0
Fusarium Wilt,1,21.0,88.4,72.3,626.3,LOW,25.0
Early Blight,0,20.0,77.0,22.2,1147.5,LOW,25.0
Late Blight,0,20.0,77.0,22.2,1147.5,LOW,25.0
Fusarium Wilt,1,20.0,77.0,22.2,1147.5,LOW,15.0
Early Blight,0,37.9,53.5,89.2,1043.9,LOW,25.0
Late Blight,0,37.9,53.5,89.2,1043.9,LOW,10.0
Fusarium Wilt,0,37.9,53.5,89.2,1043.9,LOW,25.0
Early Blight,0,19.1,95.2,42.4,514.7,LOW,25.0
Late Blight,0,19.1,95.2,42.4,514.7,MEDIUM,45.0
Fusarium Wilt,1,19.1,95.2,42.4,514.7,LOW,25.0
Early Blight,1,35.7,46.5,81.8,969.4,LOW,22.0
Late Blight,1,35.7,46.5,81.8,969.4,LOW,20.0
Fusarium Wilt,0,35.7,46.5,81.8,969.4,LOW,25.0
Early Blight,1,21.2,76.5,49.3,215.0,LOW,35.0
Late Blight,2,21.2,76.5,49.3,215.0,LOW,25.0
Fusarium Wilt,0,21.2,76.5,49.3,215.0,LOW,25.0
Early Blight,0,32.8,74.4,35.9,114.9,LOW,25.0
Late Blight,2,32.8,74.4,35.9,114.9,LOW,10.0
Fusarium Wilt,2,32.8,74.4,35.9,114.9,LOW,25.0
Early Blight,1,33.0,75.1,28.3,1011.0,LOW,35.0
Late Blight,2,33.0,75.1,28.3,1011.0,LOW,10.0
Fusarium Wilt,0,33.0,75.1,28.3,1011.0,LOW,25.0
Early Blight,0,16.0,51.7,55.5,979.2,LOW,25.0
Late Blight,1,16.0,51.7,55.5,979.2,LOW,20.0
Fusarium Wilt,1,16.0,51.7,55.5,979.2,LOW,25.0
Early Blight,1,16.7,68.5,83.5,476.4,LOW,35.0
Late Blight,1,16.7,68.5,83.5,476.4,LOW,25.0
Fusarium Wilt,1,16.7,68.5,83.5,476.4,LOW,25.0
Early Blight,1,28.6,44.4,35.7,701.8,LOW,22.0
Late Blight,2,28.6,44.4,35.7,701.8,LOW,10.0
Fusarium Wilt,2,28.6,44.4,35.7,701.8,LOW,25.0
Early Blight,0,20.8,59.6,22.7,116.4,LOW,25.0
Late Blight,1,20.8,59.6,22.7,116.4,LOW,20.0
Fusarium Wilt,1,20.8,59.6,22.7,116.4,LOW,15.0
Early Blight,1,22.1,94.0,55.7,927.1,LOW,35.0
Late Blight,1,22.1,94.0,55.7,927.1,MEDIUM,55.0
Fusarium Wilt,0,22.1,94.0,55.7,927.1,LOW,25.0
Early Blight,1,24.3,68.5,51.9,337.2,LOW,35.0
Late Blight,2,24.3,68.5,51.9,337.2,LOW,25.0
Fusarium Wilt,1,24.3,68.5,51.9,337.2,LOW,25.0
Early Blight,1,32.7,39.0,62.2,842.4,LOW,22.0
Late Blight,0,32.7,39.0,62.2,842.4,LOW,10.0
Fusarium Wilt,0,32.7,39.0,62.2,842.4,MEDIUM,40.0
Early Blight,0,25.9,67.0,38.2,1024.7,LOW,25.0
Late Blight,0,25.9,67.0,38.2,1024.7,LOW,25.0
Fusarium Wilt,0,25.9,67.0,38.2,1024.7,LOW,25.0
Early Blight,1,22.1,37.8,17.3,947.0,LOW,22.0
Late Blight,1,22.1,37.8,17.3,947.0,LOW,10.0
Fusarium Wilt,0,22.1,37.8,17.3,947.0,LOW,15.0
Early Blight,1,29.6,42.4,20.0,150.2,LOW,22.0
Late Blight,1,29.6,42.4,20.0,150.2,LOW,10.0
Fusarium Wilt,1,29.6,42.4,20.0,150.2,LOW,15.0
Early Blight,0,23.7,97.5,55.0,601.7,LOW,25.0
Late Blight,1,23.7,97.5,55.0,601.7,MEDIUM,45.0
Fusarium Wilt,2,23.7,97.5,55.0,601.7,LOW,25.0
Early Blight,1,27.9,56.9,34.7,831.9,LOW,35.0
Late Blight,1,27.9,56.9,34.7,831.9,LOW,10.0
Fusarium Wilt,0,27.9,56.9,34.7,831.9,LOW,25.0
Early Blight,1,35.4,36.1,75.3,524.2,LOW,22.0
Late Blight,1,35.4,36.1,75.3,524.2,LOW,20.0
Fusarium Wilt,1,35.4,36.1,75.3,524.2,LOW,25.0
Early Blight,1,24.4,54.0,65.9,617.3,LOW,35.0
Late Blight,0,24.4,54.0,65.9,617.3,LOW,10.0
Fusarium Wilt,0,24.4,54.0,65.9,617.3,LOW,25.0
Early Blight,0,37.1,60.0,18.8,798.5,LOW,25.0
Late Blight,1,37.1,60.0,18.8,798.5,LOW,10.0
Fusarium Wilt,2,37.1,60.0,18.8,798.5,LOW,15.0
Early Blight,1,31.0,70.4,67.5,297.2,MEDIUM,52.0
Late Blight,2,31.0,70.4,67.5,297.2,LOW,10.0
Fusarium Wilt,2,31.0,70.4,67.5,297.2,MEDIUM,40.0
Early Blight,0,21.9,97.1,78.3,775.5,LOW,25.0
Late Blight,0,21.9,97.1,78.3,775.5,MEDIUM,45.0
Fusarium Wilt,1,21.9,97.1,78.3,775.5,LOW,25.0
Early Blight,1,24.0,92.7,43.1,578.1,MEDIUM,52.0
Late Blight,2,24.0,92.7,43.1,578.1,MEDIUM,45.0
Fusarium Wilt,0,24.0,92.7,43.1,578.1,LOW,25.0
Early Blight,0,32.1,50.9,30.6,180.3,LOW,25.0
Late Blight,1,32.1,50.9,30.6,180.3,LOW,20.0
Fusarium Wilt,0,32.1,50.9,30.6,180.3,LOW,25.0
Early Blight,1,32.3,46.5,66.5,1043.5,LOW,22.0
Late Blight,2,32.3,46.5,66.5,1043.5,LOW,10.0
Fusarium Wilt,0,32.3,46.5,66.5,1043.5,MEDIUM,40.0
Early Blight,0,21.1,65.8,64.1,823.1,LOW,25.0
Late Blight,2,21.1,65.8,64.1,823.1,LOW,25.0
Fusarium Wilt,2,21.1,65.8,64.1,823.1,LOW,25.0
Early Blight,0,28.9,62.4,84.8,1187.2,LOW,25.0
Late Blight,0,28.9,62.4,84.8,1187.2,LOW,10.0
Fusarium Wilt,0,28.9,62.4,84.8,1187.2,LOW,25.0
Early Blight,0,21.2,46.9,18.3,108.8,LOW,12.0
Late Blight,1,21.2,46.9,18.3,108.8,LOW,20.0
Fusarium Wilt,1,21.2,46.9,18.3,108.8,LOW,15.0
Early Blight,0,26.0,32.9,36.1,1089.2,LOW,12.0
Late Blight,1,26.0,32.9,36.1,1089.2,LOW,10.0
Fusarium Wilt,1,26.0,32.9,36.1,1089.2,LOW,25.0
Early Blight,1,25.9,69.8,78.7,238.2,LOW,35.0
Late Blight,2,25.9,69.8,78.7,238.2,LOW,25.0
Fusarium Wilt,2,25.9,69.8,78.7,238.2,LOW,25.0
Early Blight,0,36.4,40.1,58.9,723.2,LOW,12.0
Late Blight,1,36.4,40.1,58.9,723.2,LOW,10.0
Fusarium Wilt,2,36.4,40.1,58.9,723.2,MEDIUM,40.0
Early Blight,0,17.6,79.9,46.9,1044.3,LOW,25.0
Late Blight,0,17.6,79.9,46.9,1044.3,LOW,25.0
Fusarium Wilt,1,17.6,79.9,46.9,1044.3,LOW,25.0
Early Blight,1,29.4,87.1,87.1,710.9,MEDIUM,52.0
Late Blight,0,29.4,87.1,87.1,710.9,LOW,10.0
Fusarium Wilt,0,29.4,87.1,87.1,710.9,LOW,25.0
Early Blight,1,21.0,54.5,33.9,385.3,LOW,35.0
Late Blight,2,21.0,54.5,33.9,385.3,LOW,10.0
Fusarium Wilt,1,21.0,54.5,33.9,385.3,LOW,25.0
Early Blight,0,23.5,90.2,33.7,301.9,LOW,25.0
Late Blight,1,23.5,90.2,33.7,301.9,MEDIUM,45.0
Fusarium Wilt,1,23.5,90.2,33.7,301.9,LOW,25.0
Early Blight,0,19.5,61.1,24.6,547.2,LOW,25.0
Late Blight,2,19.5,61.1,24.6,547.2,LOW,25.0
Fusarium Wilt,1,19.5,61.1,24.6,547.2,LOW,15.0
Early Blight,0,26.6,77.1,74.1,535.9,MEDIUM,42.0
Late Blight,1,26.6,77.1,74.1,535.9,LOW,35.0
Fusarium Wilt,0,26.6,77.1,74.1,535.9,LOW,25.0
Early Blight,1,30.0,78.3,81.8,726.0,MEDIUM,52.0
Late Blight,0,30.0,78.3,81.8,726.0,LOW,10.0
Fusarium Wilt,1,30.0,78.3,81.8,726.0,LOW,25.0
Early Blight,1,17.1,75.1,49.0,1078.2,LOW,35.0
Late Blight,1,17.1,75.1,49.0,1078.2,LOW,25.0
Fusarium Wilt,1,17.1,75.1,49.0,1078.2,LOW,25.0
Early Blight,0,16.3,45.5,73.5,1018.2,LOW,12.0
Late Blight,1,16.3,45.5,73.5,1018.2,LOW,10.0
Fusarium Wilt,1,16.3,45.5,73.5,1018.2,LOW,25.0
Early Blight,0,24.0,42.3,70.1,902.8,LOW,12.0
Late Blight,1,24.0,42.3,70.1,902.8,LOW,20.0
Fusarium Wilt,1,24.0,42.3,70.1,902.8,LOW,25.0
Early Blight,1,29.3,45.9,20.9,247.9,LOW,22.0
Late Blight,1,29.3,45.9,20.9,247.9,LOW,20.0
Fusarium Wilt,1,29.3,45.9,20.9,247.9,LOW,15.0
Early Blight,0,20.0,47.2,47.5,174.5,LOW,12.0
Late Blight,1,20.0,47.2,47.5,174.5,LOW,20.0
Fusarium Wilt,1,20.0,47.2,47.5,174.5,LOW,25.0
Early Blight,0,15.2,88.2,21.4,626.2,LOW,25.0
Late Blight,1,15.2,88.2,21.4,626.2,MEDIUM,55.0
Fusarium Wilt,1,15.2,88.2,21.4,626.2,LOW,15.0
Early Blight,1,21.4,55.2,14.5,1135.7,LOW,35.0
Late Blight,1,21.4,55.2,14.5,1135.7,LOW,10.0
Fusarium Wilt,0,21.4,55.2,14.5,1135.7,LOW,15.0
Early Blight,0,18.9,32.0,31.7,1109.7,LOW,12.0
Late Blight,1,18.9,32.0,31.7,1109.7,LOW,10.0
Fusarium Wilt,1,18.9,32.0,31.7,1109.7,LOW,25.0
Early Blight,1,33.4,85.0,73.8,1109.0,LOW,35.0
Late Blight,2,33.4,85.0,73.8,1109.0,LOW,10.0
Fusarium Wilt,1,33.4,85.0,73.8,1109.0,LOW,25.0
Early Blight,0,21.7,89.9,14.7,995.8,LOW,25.0
Late Blight,1,21.7,89.9,14.7,995.8,MEDIUM,55.0
Fusarium Wilt,1,21.7,89.9,14.7,995.8,LOW,15.0
Early Blight,0,32.9,36.9,83.4,806.4,LOW,12.0
Late Blight,2,32.9,36.9,83.4,806.4,LOW,10.0
Fusarium Wilt,1,32.9,36.9,83.4,806.4,LOW,25.0
Early Blight,1,28.8,88.6,84.1,155.1,MEDIUM,52.0
Late Blight,0,28.8,88.6,84.1,155.1,LOW,10.0
Fusarium Wilt,1,28.8,88.6,84.1,155.1,LOW,25.0
Early Blight,1,30.6,72.8,37.2,1059.4,MEDIUM,52.0
Late Blight,1,30.6,72.8,37.2,1059.4,LOW,10.0
Fusarium Wilt,0,30.6,72.8,37.2,1059.4,LOW,25.0
Early Blight,1,30.8,56.2,70.7,409.9,LOW,35.0
Late Blight,0,30.8,56.2,70.7,409.9,LOW,10.0
Fusarium Wilt,1,30.8,56.2,70.7,409.9,LOW,25.0
Early Blight,1,29.4,60.7,71.6,183.9,LOW,35.0
Late Blight,2,29.4,60.7,71.6,183.9,LOW,10.0
Fusarium Wilt,1,29.4,60.7,71.6,183.9,LOW,25.0
Early Blight,0,37.2,32.9,65.8,1180.8,LOW,12.0
Late Blight,0,37.2,32.9,65.8,1180.8,LOW,10.0
Fusarium Wilt,1,37.2,32.9,65.8,1180.8,MEDIUM,40.0
Early Blight,1,37.4,35.0,78.4,1049.2,LOW,22.0
Late Blight,0,37.4,35.0,78.4,1049.2,LOW,10.0
Fusarium Wilt,0,37.4,35.0,78.4,1049.2,LOW,25.0
Early Blight,1,23.1,70.0,59.6,377.0,LOW,35.0
Late Blight,0,23.1,70.0,59.6,377.0,LOW,25.0
Fusarium Wilt,1,23.1,70.0,59.6,377.0,LOW,25.0
Early Blight,0,17.3,41.9,82.4,1139.9,LOW,12.0
Late Blight,1,17.3,41.9,82.4,1139.9,LOW,10.0
Fusarium Wilt,2,17.3,41.9,82.4,1139.9,LOW,25.0
Early Blight,0,34.7,40.2,19.0,293.8,LOW,12.0
Late Blight,1,34.7,40.2,19.0,293.8,LOW,20.0
Fusarium Wilt,1,34.7,40.2,19.0,293.8,LOW,15.0
Early Blight,0,37.0,91.8,69.2,101.7,LOW,25.0
Late Blight,1,37.0,91.8,69.2,101.7,LOW,10.0
Fusarium Wilt,2,37.0,91.8,69.2,101.7,MEDIUM,40.0
Early Blight,0,35.8,31.3,50.2,670.4,LOW,12.0
Late Blight,1,35.8,31.3,50.2,670.4,LOW,20.0
Fusarium Wilt,2,35.8,31.3,50.2,670.4,MEDIUM,40.0
Early Blight,0,18.8,88.5,59.1,515.3,LOW,25.0
Late Blight,1,18.8,88.5,59.1,515.3,MEDIUM,45.0
Fusarium Wilt,1,18.8,88.5,59.1,515.3,LOW,25.0
Early Blight,1,30.7,63.8,59.9,1094.2,LOW,35.0
Late Blight,1,30.7,63.8,59.9,1094.2,LOW,20.0
Fusarium Wilt,0,30.7,63.8,59.9,1094.2,MEDIUM,40.0
Early Blight,1,22.3,45.9,24.8,1113.4,LOW,22.0
Late Blight,1,22.3,45.9,24.8,1113.4,LOW,20.0
Fusarium Wilt,2,22.3,45.9,24.8,1113.4,LOW,15.0
Early Blight,0,24.6,90.2,37.9,192.1,MEDIUM,42.0
Late Blight,1,24.6,90.2,37.9,192.1,LOW,25.0
Fusarium Wilt,0,24.6,90.2,37.9,192.1,LOW,25.0
Early Blight,0,18.5,49.4,15.7,1116.5,LOW,12.0
Late Blight,1,18.5,49.4,15.7,1116.5,LOW,20.0
Fusarium Wilt,2,18.5,49.4,15.7,1116.5,LOW,15.0
Early Blight,1,32.4,77.7,42.2,579.5,LOW,35.0
Late Blight,1,32.4,77.7,42.2,579.5,LOW,20.0
Fusarium Wilt,1,32.4,77.7,42.2,579.5,MEDIUM,40.0
Early Blight,1,31.6,75.2,86.3,147.0,MEDIUM,52.0
Late Blight,2,31.6,75.2,86.3,147.0,LOW,10.0
Fusarium Wilt,0,31.6,75.2,86.3,147.0,LOW,25.0
Early Blight,0,27.7,36.6,26.4,217.7,LOW,12.0
Late Blight,1,27.7,36.6,26.4,217.7,LOW,20.0
Fusarium Wilt,1,27.7,36.6,26.4,217.7,LOW,25.0
Early Blight,1,34.6,77.9,22.6,1000.8,LOW,35.0
Late Blight,1,34.6,77.9,22.6,1000.8,LOW,20.0
Fusarium Wilt,0,34.6,77.9,22.6,1000.8,LOW,15.0
Early Blight,0,23.6,50.1,63.0,1071.8,LOW,25.0
Late Blight,0,23.6,50.1,63.0,1071.8,LOW,10.0
Fusarium Wilt,0,23.6,50.1,63.0,1071.8,LOW,25.0
Early Blight,1,37.8,50.3,10.7,939.9,LOW,35.0
Late Blight,1,37.8,50.3,10.7,939.9,LOW,10.0
Fusarium Wilt,2,37.8,50.3,10.7,939.9,LOW,15.0
Early Blight,0,22.0,39.1,76.9,101.1,LOW,12.0
Late Blight,1,22.0,39.1,76.9,101.1,LOW,10.0
Fusarium Wilt,1,22.0,39.1,76.9,101.1,LOW,25.0
Early Blight,0,29.7,62.7,76.6,672.9,LOW,25.0
Late Blight,0,29.7,62.7,76.6,672.9,LOW,10.0
Fusarium Wilt,1,29.7,62.7,76.6,672.9,LOW,25.0
Early Blight,1,32.2,82.7,19.5,578.9,LOW,35.0
Late Blight,2,32.2,82.7,19.5,578.9,LOW,10.0
Fusarium Wilt,0,32.2,82.7,19.5,578.9,LOW,15.0
Early Blight,1,25.0,39.8,16.0,301.3,LOW,22.0
Late Blight,2,25.0,39.8,16.0,301.3,LOW,10.0
Fusarium Wilt,0,25.0,39.8,16.0,301.3,LOW,15.0
Early Blight,0,33.3,37.7,68.6,1131.4,LOW,12.0
Late Blight,0,33.3,37.7,68.6,1131.4,LOW,10.0
Fusarium Wilt,1,33.3,37.7,68.6,1131.4,MEDIUM,40.0
Early Blight,0,34.8,60.4,76.0,546.9,LOW,25.0
Late Blight,1,34.8,60.4,76.0,546.9,LOW,20.0
Fusarium Wilt,1,34.8,60.4,76.0,546.9,LOW,25.0
Early Blight,1,18.7,77.5,18.9,704.5,LOW,35.0
Late Blight,1,18.7,77.5,18.9,704.5,LOW,35.0
Fusarium Wilt,1,18.7,77.5,18.9,704.5,LOW,15.0
Early Blight,0,18.9,30.1,10.4,1129.9,LOW,12.0
Late Blight,1,18.9,30.1,10.4,1129.9,LOW,20.0
Fusarium Wilt,1,18.9,30.1,10.4,1129.9,LOW,15.0
Early Blight,1,15.1,73.0,36.1,297.4,LOW,35.0
Late Blight,1,15.1,73.0,36.1,297.4,LOW,35.0
Fusarium Wilt,0,15.1,73.0,36.1,297.4,LOW,25.0
Early Blight,1,27.7,41.0,43.4,991.3,LOW,22.0
Late Blight,0,27.7,41.0,43.4,991.3,LOW,10.0
Fusarium Wilt,2,27.7,41.0,43.4,991.3,MEDIUM,40.0
Early Blight,0,27.3,59.4,75.8,931.9,LOW,25.0
Late Blight,1,27.3,59.4,75.8,931.9,LOW,20.0
Fusarium Wilt,0,27.3,59.4,75.8,931.9,LOW,25.0
Early Blight,0,35.3,64.1,81.4,840.5,LOW,25.0
Late Blight,1,35.3,64.1,81.4,840.5,LOW,10.0
Fusarium Wilt,1,35.3,64.1,81.4,840.5,LOW,25.0
Early Blight,0,26.6,73.2,80.7,1159.8,MEDIUM,42.0
Late Blight,0,26.6,73.2,80.7,1159.8,LOW,25.0
Fusarium Wilt,2,26.6,73.2,80.7,1159.8,LOW,25.0
Early Blight,0,20.7,67.5,87.2,219.5,LOW,25.0
Late Blight,1,20.7,67.5,87.2,219.5,LOW,25.0
Fusarium Wilt,1,20.7,67.5,87.2,219.5,LOW,25.0
Early Blight,0,20.2,71.4,17.9,694.6,LOW,25.0
Late Blight,1,20.2,71.4,17.9,694.6,LOW,35.0
Fusarium Wilt,1,20.2,71.4,17.9,694.6,LOW,15.0
Early Blight,0,31.8,34.3,48.1,879.1,LOW,12.0
Late Blight,1,31.8,34.3,48.1,879.1,LOW,20.0
Fusarium Wilt,1,31.8,34.3,48.1,879.1,MEDIUM,40.0
Early Blight,1,23.9,74.2,43.8,792.1,LOW,35.0
Late Blight,1,23.9,74.2,43.8,792.1,LOW,35.0
Fusarium Wilt,0,23.9,74.2,43.8,792.1,LOW,25.0
Early Blight,0,17.3,74.5,31.3,947.4,LOW,25.0
Late Blight,2,17.3,74.5,31.3,947.4,LOW,25.0
Fusarium Wilt,2,17.3,74.5,31.3,947.4,LOW,25.0
Early Blight,0,26.6,37.5,87.6,560.9,LOW,12.0
Late Blight,0,26.6,37.5,87.6,560.9,LOW,10.0
Fusarium Wilt,1,26.6,37.5,87.6,560.9,LOW,25.0
Early Blight,1,19.1,75.9,89.3,1004.1,LOW,35.0
Late Blight,2,19.1,75.9,89.3,1004.1,LOW,25.0
Fusarium Wilt,1,19.1,75.9,89.3,1004.1,LOW,25.0
Early Blight,1,23.8,41.6,79.6,732.2,LOW,22.0
Late Blight,2,23.8,41.6,79.6,732.2,LOW,10.0
Fusarium Wilt,0,23.8,41.6,79.6,732.2,LOW,25.0
Early Blight,0,35.5,41.1,36.1,762.6,LOW,12.0
Late Blight,1,35.5,41.1,36.1,762.6,LOW,20.0
Fusarium Wilt,2,35.5,41.1,36.1,762.6,LOW,25.0
Early Blight,1,18.1,88.6,11.8,394.9,LOW,35.0
Late Blight,1,18.1,88.6,11.8,394.9,MEDIUM,55.0
Fusarium Wilt,0,18.1,88.6,11.8,394.9,LOW,15.0
Early Blight,0,16.4,59.8,59.5,632.9,LOW,25.0
Late Blight,0,16.4,59.8,59.5,632.9,LOW,10.0
Fusarium Wilt,1,16.4,59.8,59.5,632.9,LOW,25.0
Early Blight,1,20.9,53.9,59.4,728.1,LOW,35.0
Late Blight,1,20.9,53.9,59.4,728.1,LOW,10.0
Fusarium Wilt,0,20.9,53.9,59.4,728.1,LOW,25.0
Early Blight,1,34.5,37.7,47.0,417.9,LOW,22.0
Late Blight,1,34.5,37.7,47.0,417.9,LOW,20.0
Fusarium Wilt,1,34.5,37.7,47.0,417.9,MEDIUM,40.0
Early Blight,0,33.6,37.3,40.5,954.0,LOW,12.0
Late Blight,2,33.6,37.3,40.5,954.0,LOW,10.0
Fusarium Wilt,1,33.6,37.3,40.5,954.0,MEDIUM,40.0
Early Blight,1,29.7,84.8,80.1,459.3,MEDIUM,52.0
Late Blight,0,29.7,84.8,80.1,459.3,LOW,10.0
Fusarium Wilt,2,29.7,84.8,80.1,459.3,LOW,25.0
Early Blight,1,25.5,57.0,33.2,762.0,LOW,35.0
Late Blight,1,25.5,57.0,33.2,762.0,LOW,20.0
Fusarium Wilt,1,25.5,57.0,33.2,762.0,LOW,25.0
Early Blight,0,27.0,82.4,10.0,1065.0,MEDIUM,42.0
Late Blight,1,27.0,82.4,10.0,1065.0,LOW,25.0
Fusarium Wilt,2,27.0,82.4,10.0,1065.0,LOW,15.0
Early Blight,1,30.3,66.8,29.0,754.5,LOW,35.0
Late Blight,0,30.3,66.8,29.0,754.5,LOW,10.0
Fusarium Wilt,2,30.3,66.8,29.0,754.5,LOW,25.0
Early Blight,0,37.6,46.1,22.0,1156.1,LOW,12.0
Late Blight,1,37.6,46.1,22.0,1156.1,LOW,20.0
Fusarium Wilt,1,37.6,46.1,22.0,1156.1,LOW,15.0
Early Blight,0,31.6,81.7,42.3,751.4,MEDIUM,42.0
Late Blight,0,31.6,81.7,42.3,751.4,LOW,10.0
Fusarium Wilt,1,31.6,81.7,42.3,751.4,MEDIUM,40.0
Early Blight,1,23.2,49.9,54.6,944.0,LOW,22.0
Late Blight,1,23.2,49.9,54.6,944.0,LOW,10.0
Fusarium Wilt,0,23.2,49.9,54.6,944.0,LOW,25.0
Early Blight,0,24.9,68.7,50.2,627.8,LOW,25.0
Late Blight,2,24.9,68.7,50.2,627.8,LOW,25.0
Fusarium Wilt,2,24.9,68.7,50.2,627.8,LOW,25.0
Early Blight,1,29.8,32.4,19.0,925.1,LOW,22.0
Late Blight,1,29.8,32.4,19.0,925.1,LOW,20.0
Fusarium Wilt,1,29.8,32.4,19.0,925.1,LOW,15.0
Early Blight,1,22.0,95.9,20.5,754.8,LOW,35.0
Late Blight,1,22.0,95.9,20.5,754.8,MEDIUM,45.0
Fusarium Wilt,0,22.0,95.9,20.5,754.8,LOW,15.0
Early Blight,1,36.4,85.7,39.9,431.0,LOW,35.0
Late Blight,1,36.4,85.7,39.9,431.0,LOW,10.0
Fusarium Wilt,1,36.4,85.7,39.9,431.0,LOW,25.0
Early Blight,1,29.1,59.7,48.2,447.0,LOW,35.0
Late Blight,1,29.1,59.7,48.2,447.0,LOW,10.0
Fusarium Wilt,1,29.1,59.7,48.2,447.0,MEDIUM,40.0
Early Blight,1,22.6,44.7,60.8,825.9,LOW,22.0
Late Blight,2,22.6,44.7,60.8,825.9,LOW,10.0
Fusarium Wilt,2,22.6,44.7,60.8,825.9,LOW,25.0
Early Blight,0,27.4,76.6,36.1,757.0,MEDIUM,42.0
Late Blight,2,27.4,76.6,36.1,757.0,LOW,25.0
Fusarium Wilt,1,27.4,76.6,36.1,757.0,LOW,25.0
Early Blight,1,20.2,30.4,76.4,1166.4,LOW,22.0
Late Blight,1,20.2,30.4,76.4,1166.4,LOW,20.0
Fusarium Wilt,1,20.2,30.4,76.4,1166.4,LOW,25.0
Early Blight,0,35.7,33.8,69.3,533.8,LOW,12.0
Late Blight,0,35.7,33.8,69.3,533.8,LOW,10.0
Fusarium Wilt,1,35.7,33.8,69.3,533.8,MEDIUM,40.0
Early Blight,1,25.9,92.8,61.2,796.6,MEDIUM,52.0
Late Blight,1,25.9,92.8,61.2,796.6,LOW,25.0
Fusarium Wilt,0,25.9,92.8,61.2,796.6,MEDIUM,40.0
Early Blight,0,20.7,53.6,35.7,842.6,LOW,25.0
Late Blight,1,20.7,53.6,35.7,842.6,LOW,10.0
Fusarium Wilt,1,20.7,53.6,35.7,842.6,LOW,25.0
Early Blight,0,23.0,78.5,35.0,546.7,LOW,25.0
Late Blight,2,23.0,78.5,35.0,546.7,LOW,25.0
Fusarium Wilt,2,23.0,78.5,35.0,546.7,LOW,25.0
Early Blight,1,22.7,33.6,78.1,151.9,LOW,22.0
Late Blight,2,22.7,33.6,78.1,151.9,LOW,10.0
Fusarium Wilt,2,22.7,33.6,78.1,151.9,LOW,25.0
Early Blight,1,32.6,73.4,38.5,255.3,LOW,35.0
Late Blight,0,32.6,73.4,38.5,255.3,LOW,10.0
Fusarium Wilt,1,32.6,73.4,38.5,255.3,LOW,25.0
Early Blight,0,33.2,61.4,38.5,430.3,LOW,25.0
Late Blight,1,33.2,61.4,38.5,430.3,LOW,20.0
Fusarium Wilt,1,33.2,61.4,38.5,430.3,LOW,25.0
Early Blight,1,19.7,52.7,49.1,687.7,LOW,35.0
Late Blight,2,19.7,52.7,49.1,687.7,LOW,10.0
Fusarium Wilt,1,19.7,52.7,49.1,687.7,LOW,25.0
Early Blight,0,30.8,46.3,61.5,1110.3,LOW,12.0
Late Blight,2,30.8,46.3,61.5,1110.3,LOW,10.0
Fusarium Wilt,1,30.8,46.3,61.5,1110.3,MEDIUM,40.0
Early Blight,1,19.0,92.1,15.5,973.8,LOW,35.0
Late Blight,2,19.0,92.1,15.5,973.8,MEDIUM,45.0
Fusarium Wilt,1,19.0,92.1,15.5,973.8,LOW,15.0
Early Blight,1,22.3,34.3,24.5,589.7,LOW,22.0
Late Blight,1,22.3,34.3,24.5,589.7,LOW,10.0
Fusarium Wilt,0,22.3,34.3,24.5,589.7,LOW,15.0
Early Blight,0,26.1,84.8,50.9,211.7,MEDIUM,42.0
Late Blight,2,26.1,84.8,50.9,211.7,LOW,25.0
Fusarium Wilt,2,26.1,84.8,50.9,211.7,MEDIUM,40.0
Early Blight,1,35.0,63.8,68.8,587.0,LOW,35.0
Late Blight,1,35.0,63.8,68.8,587.0,LOW,10.0
Fusarium Wilt,1,35.0,63.8,68.8,587.0,MEDIUM,40.0
Early Blight,0,22.1,44.3,41.7,746.4,LOW,12.0
Late Blight,0,22.1,44.3,41.7,746.4,LOW,10.0
Fusarium Wilt,1,22.1,44.3,41.7,746.4,LOW,25.0
Early Blight,0,22.9,71.5,56.0,969.3,LOW,25.0
Late Blight,1,22.9,71.5,56.0,969.3,LOW,25.0
Fusarium Wilt,1,22.9,71.5,56.0,969.3,LOW,25.0
Early Blight,0,28.3,66.1,28.7,1124.2,LOW,25.0
Late Blight,1,28.3,66.1,28.7,1124.2,LOW,10.0
Fusarium Wilt,1,28.3,66.1,28.7,1124.2,LOW,25.0
Early Blight,1,27.0,91.5,23.6,424.3,MEDIUM,52.0
Late Blight,0,27.0,91.5,23.6,424.3,LOW,25.0
Fusarium Wilt,1,27.0,91.5,23.6,424.3,LOW,15.0
Early Blight,1,35.7,75.6,67.9,741.1,LOW,35.0
Late Blight,0,35.7,75.6,67.9,741.1,LOW,10.0
Fusarium Wilt,0,35.7,75.6,67.9,741.1,MEDIUM,40.0
Early Blight,0,22.6,78.3,37.9,671.9,LOW,25.0
Late Blight,0,22.6,78.3,37.9,671.9,LOW,25.0
Fusarium Wilt,2,22.6,78.3,37.9,671.9,LOW,25.0
Early Blight,0,25.1,69.7,68.5,770.1,LOW,25.0
Late Blight,0,25.1,69.7,68.5,770.1,LOW,25.0
Fusarium Wilt,1,25.1,69.7,68.5,770.1,MEDIUM,40.0
Early Blight,1,27.4,73.5,82.6,597.0,MEDIUM,52.0
Late Blight,2,27.4,73.5,82.6,597.0,LOW,25.0
Fusarium Wilt,1,27.4,73.5,82.6,597.0,LOW,25.0
Early Blight,0,37.2,92.9,74.9,968.9,LOW,25.0
Late Blight,2,37.2,92.9,74.9,968.9,LOW,10.0
Fusarium Wilt,0,37.2,92.9,74.9,968.9,LOW,25.0
Early Blight,0,24.0,65.6,16.6,898.7,LOW,25.0
Late Blight,1,24.0,65.6,16.6,898.7,LOW,25.0
Fusarium Wilt,0,24.0,65.6,16.6,898.7,LOW,15.0
Early Blight,1,17.6,35.6,29.7,1184.7,LOW,22.0
Late Blight,1,17.6,35.6,29.7,1184.7,LOW,20.0
Fusarium Wilt,0,17.6,35.6,29.7,1184.7,LOW,25.0
Early Blight,0,35.4,31.5,73.6,822.4,LOW,12.0
Late Blight,0,35.4,31.5,73.6,822.4,LOW,10.0
Fusarium Wilt,0,35.4,31.5,73.6,822.4,LOW,25.0
Early Blight,0,25.2,69.2,39.6,262.6,LOW,25.0
Late Blight,0,25.2,69.2,39.6,262.6,LOW,25.0
Fusarium Wilt,1,25.2,69.2,39.6,262.6,LOW,25.0
Early Blight,0,17.1,86.4,35.0,655.1,LOW,25.0
Late Blight,1,17.1,86.4,35.0,655.1,MEDIUM,55.0
Fusarium Wilt,0,17.1,86.4,35.0,655.1,LOW,25.0
Early Blight,0,30.4,43.3,63.9,122.0,LOW,12.0
Late Blight,2,30.4,43.3,63.9,122.0,LOW,10.0
Fusarium Wilt,1,30.4,43.3,63.9,122.0,MEDIUM,40.0
Early Blight,1,37.0,66.2,78.2,1183.2,LOW,35.0
Late Blight,1,37.0,66.2,78.2,1183.2,LOW,20.0
Fusarium Wilt,1,37.0,66.2,78.2,1183.2,LOW,25.0
Early Blight,0,16.0,34.0,52.5,1009.0,LOW,12.0
Late Blight,0,16.0,34.0,52.5,1009.0,LOW,10.0
Fusarium Wilt,2,16.0,34.0,52.5,1009.0,LOW,25.0
Early Blight,1,35.2,50.4,67.2,327.2,LOW,35.0
Late Blight,1,35.2,50.4,67.2,327.2,LOW,10.0
Fusarium Wilt,1,35.2,50.4,67.2,327.2,MEDIUM,40.0
Early Blight,0,23.7,57.3,83.2,186.8,LOW,25.0
Late Blight,0,23.7,57.3,83.2,186.8,LOW,10.0
Fusarium Wilt,1,23.7,57.3,83.2,186.8,LOW,25.0
Early Blight,0,20.6,72.1,66.3,789.3,LOW,25.0
Late Blight,0,20.6,72.1,66.3,789.3,LOW,25.0
Fusarium Wilt,1,20.6,72.1,66.3,789.3,LOW,25.0
Early Blight,0,23.4,95.0,46.0,370.9,LOW,25.0
Late Blight,0,23.4,95.0,46.0,370.9,MEDIUM,45.0
Fusarium Wilt,2,23.4,95.0,46.0,370.9,LOW,25.0
Early Blight,1,19.3,53.6,80.2,211.4,LOW,35.0
Late Blight,1,19.3,53.6,80.2,211.4,LOW,10.0
Fusarium Wilt,2,19.3,53.6,80.2,211.4,LOW,25.0
Early Blight,0,26.7,46.3,48.9,602.6,LOW,12.0
Late Blight,1,26.7,46.3,48.9,602.6,LOW,20.0
Fusarium Wilt,1,26.7,46.3,48.9,602.6,MEDIUM,40.0
Early Blight,1,15.1,92.2,33.6,673.4,LOW,35.0
Late Blight,2,15.1,92.2,33.6,673.4,MEDIUM,45.0
Fusarium Wilt,1,15.1,92.2,33.6,673.4,LOW,25.0
Early Blight,0,15.8,37.1,89.9,608.0,LOW,12.0
Late Blight,1,15.8,37.1,89.9,608.0,LOW,20.0
Fusarium Wilt,0,15.8,37.1,89.9,608.0,LOW,25.0
Early Blight,0,36.1,57.9,31.2,1172.8,LOW,25.0
Late Blight,1,36.1,57.9,31.2,1172.8,LOW,10.0
Fusarium Wilt,1,36.1,57.9,31.2,1172.8,LOW,25.0
Early Blight,1,37.5,30.6,21.4,561.7,LOW,22.0
Late Blight,0,37.5,30.6,21.4,561.7,LOW,10.0
Fusarium Wilt,1,37.5,30.6,21.4,561.7,LOW,15.0
Early Blight,0,30.6,60.8,52.3,736.9,LOW,25.0
Late Blight,0,30.6,60.8,52.3,736.9,LOW,10.0
Fusarium Wilt,0,30.6,60.8,52.3,736.9,MEDIUM,40.0
Early Blight,0,16.0,63.7,30.8,931.8,LOW,25.0
Late Blight,0,16.0,63.7,30.8,931.8,LOW,25.0
Fusarium Wilt,1,16.0,63.7,30.8,931.8,LOW,25.0
Early Blight,0,19.0,64.4,71.1,406.0,LOW,25.0
Late Blight,2,19.0,64.4,71.1,406.0,LOW,25.0
Fusarium Wilt,1,19.0,64.4,71.1,406.0,LOW,25.0
Early Blight,0,17.6,78.1,76.5,943.6,LOW,25.0
Late Blight,1,17.6,78.1,76.5,943.6,LOW,35.0
Fusarium Wilt,2,17.6,78.1,76.5,943.6,LOW,25.0
Early Blight,0,35.4,31.4,87.4,986.6,LOW,12.0
Late Blight,0,35.4,31.4,87.4,986.6,LOW,10.0
Fusarium Wilt,0,35.4,31.4,87.4,986.6,LOW,25.0
Early Blight,1,33.9,82.7,71.3,138.6,LOW,35.0
Late Blight,1,33.9,82.7,71.3,138.6,LOW,10.0
Fusarium Wilt,1,33.9,82.7,71.3,138.6,LOW,25.0
Early Blight,0,26.3,67.3,45.5,922.2,LOW,25.0
Late Blight,2,26.3,67.3,45.5,922.2,LOW,25.0
Fusarium Wilt,1,26.3,67.3,45.5,922.2,MEDIUM,40.0
Early Blight,0,25.3,86.4,17.5,889.2,MEDIUM,42.0
Late Blight,1,25.3,86.4,17.5,889.2,LOW,35.0
Fusarium Wilt,1,25.3,86.4,17.5,889.2,LOW,15.0
Early Blight,1,34.0,89.4,87.5,304.9,LOW,35.0
Late Blight,2,34.0,89.4,87.5,304.9,LOW,10.0
Fusarium Wilt,2,34.0,89.4,87.5,304.9,LOW,25.0
Early Blight,0,21.0,74.6,23.6,1056.9,LOW,25.0
Late Blight,0,21.0,74.6,23.6,1056.9,LOW,25.0
Fusarium Wilt,2,21.0,74.6,23.6,1056.9,LOW,15.0
Early Blight,0,15.2,81.5,15.3,162.3,LOW,25.0
Late Blight,0,15.2,81.5,15.3,162.3,MEDIUM,45.0
Fusarium Wilt,1,15.2,81.5,15.3,162.3,LOW,15.0
Early Blight,0,18.7,55.2,72.5,1024.2,LOW,25.0
Late Blight,2,18.7,55.2,72.5,1024.2,LOW,10.0
Fusarium Wilt,1,18.7,55.2,72.5,1024.2,LOW,25.0
Early Blight,1,29.6,39.8,70.1,698.4,LOW,22.0
Late Blight,0,29.6,39.8,70.1,698.4,LOW,10.0
Fusarium Wilt,1,29.6,39.8,70.1,698.4,LOW,25.0
Early Blight,1,37.6,88.9,55.9,325.2,LOW,35.0
Late Blight,2,37.6,88.9,55.9,325.2,LOW,10.0
Fusarium Wilt,2,37.6,88.9,55.9,325.2,MEDIUM,40.0
Early Blight,1,21.7,48.0,81.2,810.3,LOW,22.0
Late Blight,2,21.7,48.0,81.2,810.3,LOW,10.0
Fusarium Wilt,1,21.7,48.0,81.2,810.3,LOW,25.0
Early Blight,1,19.4,56.0,44.5,856.3,LOW,35.0
Late Blight,2,19.4,56.0,44.5,856.3,LOW,10.0
Fusarium Wilt,1,19.4,56.0,44.5,856.3,LOW,25.0
Early Blight,0,18.9,93.5,22.1,138.7,LOW,25.0
Late Blight,1,18.9,93.5,22.1,138.7,MEDIUM,55.0
Fusarium Wilt,1,18.9,93.5,22.1,138.7,LOW,15.0
Early Blight,0,18.1,68.8,25.7,1154.3,LOW,25.0
Late Blight,2,18.1,68.8,25.7,1154.3,LOW,25.0
Fusarium Wilt,1,18.1,68.8,25.7,1154.3,LOW,25.0
Early Blight,0,17.2,46.6,36.7,977.7,LOW,12.0
Late Blight,2,17.2,46.6,36.7,977.7,LOW,10.0
Fusarium Wilt,1,17.2,46.6,36.7,977.7,LOW,25.0
Early Blight,1,32.3,32.4,46.1,276.3,LOW,22.0
Late Blight,1,32.3,32.4,46.1,276.3,LOW,20.0
Fusarium Wilt,1,32.3,32.4,46.1,276.3,MEDIUM,40.0
Early Blight,1,35.3,74.5,49.6,304.2,LOW,35.0
Late Blight,1,35.3,74.5,49.6,304.2,LOW,20.0
Fusarium Wilt,0,35.3,74.5,49.6,304.2,MEDIUM,40.0
Early Blight,1,32.1,83.9,89.9,222.1,LOW,35.0
Late Blight,0,32.1,83.9,89.9,222.1,LOW,10.0
Fusarium Wilt,2,32.1,83.9,89.9,222.1,LOW,25.0
Early Blight,0,20.9,46.7,14.3,1176.2,LOW,12.0
Late Blight,1,20.9,46.7,14.3,1176.2,LOW,20.0
Fusarium Wilt,0,20.9,46.7,14.3,1176.2,LOW,15.0
Early Blight,1,19.2,39.8,61.8,116.9,LOW,22.0
Late Blight,1,19.2,39.8,61.8,116.9,LOW,10.0
Fusarium Wilt,1,19.2,39.8,61.8,116.9,LOW,25.0
Early Blight,1,31.8,93.7,68.4,741.7,MEDIUM,52.0
Late Blight,0,31.8,93.7,68.4,741.7,LOW,10.0
Fusarium Wilt,2,31.8,93.7,68.4,741.7,MEDIUM,40.0
Early Blight,1,29.2,44.2,24.6,805.7,LOW,22.0
Late Blight,1,29.2,44.2,24.6,805.7,LOW,10.0
Fusarium Wilt,2,29.2,44.2,24.6,805.7,LOW,15.0
Early Blight,0,25.7,85.6,67.6,126.5,MEDIUM,42.0
Late Blight,1,25.7,85.6,67.6,126.5,LOW,25.0
Fusarium Wilt,1,25.7,85.6,67.6,126.5,MEDIUM,40.0
Early Blight,0,27.4,37.6,13.0,216.3,LOW,12.0
Late Blight,1,27.4,37.6,13.0,216.3,LOW,10.0
Fusarium Wilt,0,27.4,37.6,13.0,216.3,LOW,15.0
Early Blight,0,17.1,84.8,53.2,545.1,LOW,25.0
Late Blight,1,17.1,84.8,53.2,545.1,MEDIUM,45.0
Fusarium Wilt,1,17.1,84.8,53.2,545.1,LOW,25.0
Early Blight,0,26.0,59.1,80.3,1178.7,LOW,25.0
Late Blight,2,26.0,59.1,80.3,1178.7,LOW,10.0
Fusarium Wilt,0,26.0,59.1,80.3,1178.7,LOW,25.0
Early Blight,0,26.5,48.3,46.5,126.0,LOW,12.0
Late Blight,1,26.5,48.3,46.5,126.0,LOW,10.0
Fusarium Wilt,0,26.5,48.3,46.5,126.0,MEDIUM,40.0
Early Blight,1,17.5,32.2,33.3,1031.0,LOW,22.0
Late Blight,2,17.5,32.2,33.3,1031.0,LOW,10.0
Fusarium Wilt,1,17.5,32.2,33.3,1031.0,LOW,25.0
Early Blight,1,32.6,93.5,71.5,1136.6,LOW,35.0
Late Blight,0,32.6,93.5,71.5,1136.6,LOW,10.0
Fusarium Wilt,2,32.6,93.5,71.5,1136.6,LOW,25.0
Early Blight,1,22.5,45.7,53.2,660.8,LOW,22.0
Late Blight,1,22.5,45.7,53.2,660.8,LOW,20.0
Fusarium Wilt,2,22.5,45.7,53.2,660.8,LOW,25.0
Early Blight,0,37.2,57.9,31.9,306.2,LOW,25.0
Late Blight,2,37.2,57.9,31.9,306.2,LOW,10.0
Fusarium Wilt,1,37.2,57.9,31.9,306.2,LOW,25.0
Early Blight,0,26.3,93.8,21.9,116.0,MEDIUM,42.0
Late Blight,2,26.3,93.8,21.9,116.0,LOW,25.0
Fusarium Wilt,2,26.3,93.8,21.9,116.0,LOW,15.0
Early Blight,0,15.4,65.3,29.9,420.9,LOW,25.0
Late Blight,2,15.4,65.3,29.9,420.9,LOW,25.0
Fusarium Wilt,2,15.4,65.3,29.9,420.9,LOW,25.0
Early Blight,1,26.9,68.9,72.3,1199.2,LOW,35.0
Late Blight,1,26.9,68.9,72.3,1199.2,LOW,25.0
Fusarium Wilt,1,26.9,68.9,72.3,1199.2,LOW,25.0
Early Blight,0,34.6,56.1,70.2,790.6,LOW,25.0
Late Blight,2,34.6,56.1,70.2,790.6,LOW,10.0
Fusarium Wilt,0,34.6,56.1,70.2,790.6,LOW,25.0
Early Blight,0,28.4,66.2,71.9,899.4,LOW,25.0
Late Blight,1,28.4,66.2,71.9,899.4,LOW,20.0
Fusarium Wilt,0,28.4,66.2,71.9,899.4,LOW,25.0
Early Blight,0,21.9,97.3,86.1,1137.1,LOW,25.0
Late Blight,1,21.9,97.3,86.1,1137.1,MEDIUM,55.0
Fusarium Wilt,2,21.9,97.3,86.1,1137.1,LOW,25.0
Early Blight,0,16.2,92.7,75.3,1169.7,LOW,25.0
Late Blight,1,16.2,92.7,75.3,1169.7,MEDIUM,55.0
Fusarium Wilt,2,16.2,92.7,75.3,1169.7,LOW,25.0
Early Blight,0,34.2,94.8,16.6,205.7,LOW,25.0
Late Blight,1,34.2,94.8,16.6,205.7,LOW,10.0
Fusarium Wilt,1,34.2,94.8,16.6,205.7,LOW,15.0
Early Blight,1,21.0,64.1,70.7,1159.1,LOW,35.0
Late Blight,1,21.0,64.1,70.7,1159.1,LOW,35.0
Fusarium Wilt,1,21.0,64.1,70.7,1159.1,LOW,25.0
Early Blight,1,15.3,54.7,35.9,363.1,LOW,35.0
Late Blight,2,15.3,54.7,35.9,363.1,LOW,10.0
Fusarium Wilt,0,15.3,54.7,35.9,363.1,LOW,25.0
Early Blight,1,20.8,69.6,66.3,1049.6,LOW,35.0
Late Blight,2,20.8,69.6,66.3,1049.6,LOW,25.0
Fusarium Wilt,2,20.8,69.6,66.3,1049.6,LOW,25.0
Early Blight,0,35.3,79.0,74.8,877.0,LOW,25.0
Late Blight,1,35.3,79.0,74.8,877.0,LOW,10.0
Fusarium Wilt,0,35.3,79.0,74.8,877.0,LOW,25.0
Early Blight,1,26.8,70.6,71.4,1165.0,MEDIUM,52.0
Late Blight,1,26.8,70.6,71.4,1165.0,LOW,35.0
Fusarium Wilt,0,26.8,70.6,71.4,1165.0,LOW,25.0
Early Blight,1,16.6,47.8,36.0,249.5,LOW,22.0
Late Blight,0,16.6,47.8,36.0,249.5,LOW,10.0
Fusarium Wilt,2,16.6,47.8,36.0,249.5,LOW,25.0
Early Blight,1,36.9,45.1,89.7,119.1,LOW,22.0
Late Blight,2,36.9,45.1,89.7,119.1,LOW,10.0
Fusarium Wilt,0,36.9,45.1,89.7,119.1,LOW,25.0
Early Blight,0,27.7,52.6,53.9,855.3,LOW,25.0
Late Blight,0,27.7,52.6,53.9,855.3,LOW,10.0
Fusarium Wilt,1,27.7,52.6,53.9,855.3,MEDIUM,40.0
Early Blight,1,15.4,75.3,81.4,225.9,LOW,35.0
Late Blight,2,15.4,75.3,81.4,225.9,LOW,25.0
Fusarium Wilt,2,15.4,75.3,81.4,225.9,LOW,25.0
Early Blight,1,15.5,35.8,54.9,674.6,LOW,22.0
Late Blight,1,15.5,35.8,54.9,674.6,LOW,10.0
Fusarium Wilt,1,15.5,35.8,54.9,674.6,LOW,25.0
Early Blight,1,37.6,38.6,68.8,1117.8,LOW,22.0
Late Blight,2,37.6,38.6,68.8,1117.8,LOW,10.0
Fusarium Wilt,1,37.6,38.6,68.8,1117.8,MEDIUM,40.0
Early Blight,0,27.2,55.4,49.8,572.3,LOW,25.0
Late Blight,1,27.2,55.4,49.8,572.3,LOW,10.0
Fusarium Wilt,0,27.2,55.4,49.8,572.3,MEDIUM,40.0
Early Blight,1,32.3,51.2,68.0,1167.7,LOW,35.0
Late Blight,2,32.3,51.2,68.0,1167.7,LOW,10.0
Fusarium Wilt,1,32.3,51.2,68.0,1167.7,MEDIUM,40.0
Early Blight,0,34.6,50.4,76.0,127.7,LOW,25.0
Late Blight,2,34.6,50.4,76.0,127.7,LOW,10.0
Fusarium Wilt,1,34.6,50.4,76.0,127.7,LOW,25.0
Early Blight,1,29.4,43.9,68.6,641.0,LOW,22.0
Late Blight,1,29.4,43.9,68.6,641.0,LOW,10.0
Fusarium Wilt,2,29.4,43.9,68.6,641.0,MEDIUM,40.0
Early Blight,0,24.4,41.5,85.2,932.5,LOW,12.0
Late Blight,2,24.4,41.5,85.2,932.5,LOW,10.0
Fusarium Wilt,1,24.4,41.5,85.2,932.5,LOW,25.0
Early Blight,1,37.7,64.6,77.8,874.0,LOW,35.0
Late Blight,1,37.7,64.6,77.8,874.0,LOW,10.0
Fusarium Wilt,2,37.7,64.6,77.8,874.0,LOW,25.0
Early Blight,1,18.0,96.9,86.5,783.5,LOW,35.0
Late Blight,0,18.0,96.9,86.5,783.5,MEDIUM,45.0
Fusarium Wilt,1,18.0,96.9,86.5,783.5,LOW,25.0
Early Blight,0,21.2,72.4,47.9,1012.9,LOW,25.0
Late Blight,0,21.2,72.4,47.9,1012.9,LOW,25.0
Fusarium Wilt,2,21.2,72.4,47.9,1012.9,LOW,25.0
Early Blight,1,37.4,37.4,50.8,650.7,LOW,22.0
Late Blight,2,37.4,37.4,50.8,650.7,LOW,10.0
Fusarium Wilt,1,37.4,37.4,50.8,650.7,MEDIUM,40.0
Early Blight,0,33.7,50.9,34.6,561.2,LOW,25.0
Late Blight,2,33.7,50.9,34.6,561.2,LOW,10.0
Fusarium Wilt,2,33.7,50.9,34.6,561.2,LOW,25.0
Early Blight,1,33.2,59.4,30.2,912.1,LOW,35.0
Late Blight,1,33.2,59.4,30.2,912.1,LOW,10.0
Fusarium Wilt,1,33.2,59.4,30.2,912.1,LOW,25.0
Early Blight,0,30.2,48.8,32.6,1000.2,LOW,12.0
Late Blight,1,30.2,48.8,32.6,1000.2,LOW,10.0
Fusarium Wilt,2,30.2,48.8,32.6,1000.2,LOW,25.0
Early Blight,0,27.7,66.1,47.1,102.8,LOW,25.0
Late Blight,2,27.7,66.1,47.1,102.8,LOW,25.0
Fusarium Wilt,0,27.7,66.1,47.1,102.8,MEDIUM,40.0
Early Blight,0,26.5,88.8,74.5,896.4,MEDIUM,42.0
Late Blight,1,26.5,88.8,74.5,896.4,LOW,25.0
Fusarium Wilt,0,26.5,88.8,74.5,896.4,LOW,25.0
Early Blight,0,24.3,88.9,11.5,1031.4,MEDIUM,42.0
Late Blight,1,24.3,88.9,11.5,1031.4,LOW,35.0
Fusarium Wilt,1,24.3,88.9,11.5,1031.4,LOW,15.0
Early Blight,1,22.2,74.6,32.3,982.4,LOW,35.0
Late Blight,1,22.2,74.6,32.3,982.4,LOW,35.0
Fusarium Wilt,2,22.2,74.6,32.3,982.4,LOW,25.0
Early Blight,1,32.1,65.9,10.3,1140.6,LOW,35.0
Late Blight,1,32.1,65.9,10.3,1140.6,LOW,10.0
Fusarium Wilt,1,32.1,65.9,10.3,1140.6,LOW,15.0
Early Blight,1,37.7,43.8,15.0,868.8,LOW,22.0
Late Blight,1,37.7,43.8,15.0,868.8,LOW,10.0
Fusarium Wilt,0,37.7,43.8,15.0,868.8,LOW,15.0
Early Blight,1,16.1,36.1,32.1,1132.2,LOW,22.0
Late Blight,1,16.1,36.1,32.1,1132.2,LOW,20.0
Fusarium Wilt,2,16.1,36.1,32.1,1132.2,LOW,25.0
Early Blight,0,30.9,80.8,57.2,613.3,MEDIUM,42.0
Late Blight,1,30.9,80.8,57.2,613.3,LOW,10.0
Fusarium Wilt,1,30.9,80.8,57.2,613.3,MEDIUM,40.0
Early Blight,0,23.9,93.1,70.8,1133.9,LOW,25.0
Late Blight,0,23.9,93.1,70.8,1133.9,MEDIUM,45.0
Fusarium Wilt,1,23.9,93.1,70.8,1133.9,LOW,25.0
Early Blight,0,17.3,74.1,77.6,799.7,LOW,25.0
Late Blight,2,17.3,74.1,77.6,799.7,LOW,25.0
Fusarium Wilt,2,17.3,74.1,77.6,799.7,LOW,25.0
Early Blight,0,19.7,59.8,27.9,683.1,LOW,25.0
Late Blight,1,19.7,59.8,27.9,683.1,LOW,10.0
Fusarium Wilt,0,19.7,59.8,27.9,683.1,LOW,25.0
Early Blight,1,34.3,65.5,10.3,251.4,LOW,35.0
Late Blight,0,34.3,65.5,10.3,251.4,LOW,10.0
Fusarium Wilt,1,34.3,65.5,10.3,251.4,LOW,15.0
Early Blight,0,17.4,31.9,65.2,222.2,LOW,12.0
Late Blight,1,17.4,31.9,65.2,222.2,LOW,20.0
Fusarium Wilt,0,17.4,31.9,65.2,222.2,LOW,25.0
Early Blight,1,35.2,70.0,89.0,376.4,LOW,35.0
Late Blight,2,35.2,70.0,89.0,376.4,LOW,10.0
Fusarium Wilt,2,35.2,70.0,89.0,376.4,LOW,25.0
Early Blight,1,25.3,58.5,79.1,1089.6,LOW,35.0
Late Blight,0,25.3,58.5,79.1,1089.6,LOW,10.0
Fusarium Wilt,0,25.3,58.5,79.1,1089.6,LOW,25.0
Early Blight,1,23.4,53.9,79.4,650.6,LOW,35.0
Late Blight,0,23.4,53.9,79.4,650.6,LOW,10.0
Fusarium Wilt,1,23.4,53.9,79.4,650.6,LOW,25.0
Early Blight,0,18.1,89.6,87.1,278.5,LOW,25.0
Late Blight,2,18.1,89.6,87.1,278.5,MEDIUM,45.0
Fusarium Wilt,0,18.1,89.6,87.1,278.5,LOW,25.0
Early Blight,0,32.6,67.5,77.8,385.5,LOW,25.0
Late Blight,1,32.6,67.5,77.8,385.5,LOW,10.0
Fusarium Wilt,1,32.6,67.5,77.8,385.5,LOW,25.0
Early Blight,0,25.0,76.9,29.7,1034.7,MEDIUM,42.0
Late Blight,1,25.0,76.9,29.7,1034.7,LOW,25.0
Fusarium Wilt,1,25.0,76.9,29.7,1034.7,LOW,25.0
Early Blight,0,22.4,80.0,77.1,1084.1,LOW,25.0
Late Blight,2,22.4,80.0,77.1,1084.1,MEDIUM,45.0
Fusarium Wilt,1,22.4,80.0,77.1,1084.1,LOW,25.0
Early Blight,0,23.4,96.6,86.4,813.7,LOW,25.0
Late Blight,1,23.4,96.6,86.4,813.7,MEDIUM,55.0
Fusarium Wilt,0,23.4,96.6,86.4,813.7,LOW,25.0
Early Blight,1,31.0,72.2,79.3,735.7,MEDIUM,52.0
Late Blight,0,31.0,72.2,79.3,735.7,LOW,10.0
Fusarium Wilt,2,31.0,72.2,79.3,735.7,LOW,25.0
Early Blight,0,36.0,80.2,58.1,990.4,LOW,25.0
Late Blight,2,36.0,80.2,58.1,990.4,LOW,10.0
Fusarium Wilt,2,36.0,80.2,58.1,990.4,MEDIUM,40.0
Early Blight,0,16.6,62.4,39.2,988.3,LOW,25.0
Late Blight,2,16.6,62.4,39.2,988.3,LOW,25.0
Fusarium Wilt,1,16.6,62.4,39.2,988.3,LOW,25.0
Early Blight,0,30.4,93.6,79.0,355.9,MEDIUM,42.0
Late Blight,2,30.4,93.6,79.0,355.9,LOW,10.0
Fusarium Wilt,0,30.4,93.6,79.0,355.9,LOW,25.0
Early Blight,1,21.4,63.9,30.8,1193.0,LOW,35.0
Late Blight,0,21.4,63.9,30.8,1193.0,LOW,25.0
Fusarium Wilt,1,21.4,63.9,30.8,1193.0,LOW,25.0
Early Blight,0,22.4,46.8,37.0,918.9,LOW,12.0
Late Blight,1,22.4,46.8,37.0,918.9,LOW,10.0
Fusarium Wilt,2,22.4,46.8,37.0,918.9,LOW,25.0
Early Blight,0,26.3,84.9,20.7,751.5,MEDIUM,42.0
Late Blight,2,26.3,84.9,20.7,751.5,LOW,25.0
Fusarium Wilt,2,26.3,84.9,20.7,751.5,LOW,15.0
Early Blight,1,34.6,73.5,71.0,993.3,LOW,35.0
Late Blight,2,34.6,73.5,71.0,993.3,LOW,10.0
Fusarium Wilt,1,34.6,73.5,71.0,993.3,LOW,25.0
Early Blight,1,25.0,80.2,89.3,948.9,MEDIUM,52.0
Late Blight,2,25.0,80.2,89.3,948.9,LOW,25.0
Fusarium Wilt,2,25.0,80.2,89.3,948.9,LOW,25.0
Early Blight,1,15.6,43.8,76.2,610.2,LOW,22.0
Late Blight,0,15.6,43.8,76.2,610.2,LOW,10.0
Fusarium Wilt,1,15.6,43.8,76.2,610.2,LOW,25.0
Early Blight,1,32.3,62.7,67.8,338.2,LOW,35.0
Late Blight,2,32.3,62.7,67.8,338.2,LOW,10.0
Fusarium Wilt,2,32.3,62.7,67.8,338.2,MEDIUM,40.0
Early Blight,1,25.2,85.9,77.2,653.6,MEDIUM,52.0
Late Blight,2,25.2,85.9,77.2,653.6,LOW,25.0
Fusarium Wilt,1,25.2,85.9,77.2,653.6,LOW,25.0
Early Blight,0,22.6,82.4,41.6,680.9,LOW,25.0
Late Blight,1,22.6,82.4,41.6,680.9,MEDIUM,55.0
Fusarium Wilt,1,22.6,82.4,41.6,680.9,LOW,25.0
Early Blight,0,16.1,58.3,30.1,111.3,LOW,25.0
Late Blight,2,16.1,58.3,30.1,111.3,LOW,10.0
Fusarium Wilt,2,16.1,58.3,30.1,111.3,LOW,25.0
Early Blight,0,34.2,44.0,37.1,899.3,LOW,12.0
Late Blight,2,34.2,44.0,37.1,899.3,LOW,10.0
Fusarium Wilt,1,34.2,44.0,37.1,899.3,LOW,25.0
Early Blight,0,20.0,66.0,67.8,1019.5,LOW,25.0
Late Blight,1,20.0,66.0,67.8,1019.5,LOW,25.0
Fusarium Wilt,2,20.0,66.0,67.8,1019.5,LOW,25.0
Early Blight,1,36.1,65.6,41.5,847.4,LOW,35.0
Late Blight,0,36.1,65.6,41.5,847.4,LOW,10.0
Fusarium Wilt,1,36.1,65.6,41.5,847.4,MEDIUM,40.0
Early Blight,0,23.0,31.7,52.0,1017.7,LOW,12.0
Late Blight,1,23.0,31.7,52.0,1017.7,LOW,10.0
Fusarium Wilt,0,23.0,31.7,52.0,1017.7,LOW,25.0
Early Blight,1,22.5,88.1,44.3,383.1,LOW,35.0
Late Blight,1,22.5,88.1,44.3,383.1,MEDIUM,45.0
Fusarium Wilt,2,22.5,88.1,44.3,383.1,LOW,25.0
Early Blight,1,31.9,64.0,80.5,649.8,LOW,35.0
Late Blight,2,31.9,64.0,80.5,649.8,LOW,10.0
Fusarium Wilt,1,31.9,64.0,80.5,649.8,LOW,25.0
Early Blight,1,15.6,86.5,52.2,261.9,LOW,35.0
Late Blight,2,15.6,86.5,52.2,261.9,MEDIUM,45.0
Fusarium Wilt,1,15.6,86.5,52.2,261.9,LOW,25.0
Early Blight,1,19.7,34.1,24.1,1138.1,LOW,22.0
Late Blight,1,19.7,34.1,24.1,1138.1,LOW,10.0
Fusarium Wilt,0,19.7,34.1,24.1,1138.1,LOW,15.0
Early Blight,1,30.0,63.3,58.5,1165.6,LOW,35.0
Late Blight,1,30.0,63.3,58.5,1165.6,LOW,10.0
Fusarium Wilt,1,30.0,63.3,58.5,1165.6,MEDIUM,40.0
Early Blight,0,23.6,49.6,77.0,544.6,LOW,12.0
Late Blight,2,23.6,49.6,77.0,544.6,LOW,10.0
Fusarium Wilt,2,23.6,49.6,77.0,544.6,LOW,25.0
Early Blight,1,28.3,44.1,78.5,297.1,LOW,22.0
Late Blight,2,28.3,44.1,78.5,297.1,LOW,10.0
Fusarium Wilt,0,28.3,44.1,78.5,297.1,LOW,25.0
Early Blight,0,27.6,36.5,88.3,392.8,LOW,12.0
Late Blight,1,27.6,36.5,88.3,392.8,LOW,10.0
Fusarium Wilt,1,27.6,36.5,88.3,392.8,LOW,25.0
Early Blight,0,35.0,60.6,80.7,935.4,LOW,25.0
Late Blight,1,35.0,60.6,80.7,935.4,LOW,20.0
Fusarium Wilt,1,35.0,60.6,80.7,935.4,LOW,25.0
Early Blight,1,32.9,90.4,64.8,1135.5,LOW,35.0
Late Blight,2,32.9,90.4,64.8,1135.5,LOW,10.0
Fusarium Wilt,1,32.9,90.4,64.8,1135.5,MEDIUM,40.0
Early Blight,0,36.1,55.6,27.9,224.4,LOW,25.0
Late Blight,2,36.1,55.6,27.9,224.4,LOW,10.0
Fusarium Wilt,1,36.1,55.6,27.9,224.4,LOW,25.0
Early Blight,0,36.1,30.4,27.8,719.1,LOW,12.0
Late Blight,1,36.1,30.4,27.8,719.1,LOW,20.0
Fusarium Wilt,1,36.1,30.4,27.8,719.1,LOW,25.0
Early Blight,0,29.2,71.7,88.9,457.6,MEDIUM,42.0
Late Blight,1,29.2,71.7,88.9,457.6,LOW,10.0
Fusarium Wilt,1,29.2,71.7,88.9,457.6,LOW,25.0
Early Blight,0,37.8,63.5,53.3,195.7,LOW,25.0
Late Blight,2,37.8,63.5,53.3,195.7,LOW,10.0
Fusarium Wilt,2,37.8,63.5,53.3,195.7,MEDIUM,40.0
Early Blight,1,37.4,68.3,44.3,238.0,LOW,35.0
Late Blight,2,37.4,68.3,44.3,238.0,LOW,10.0
Fusarium Wilt,2,37.4,68.3,44.3,238.0,MEDIUM,40.0
Early Blight,0,34.8,67.6,34.3,1175.0,LOW,25.0
Late Blight,1,34.8,67.6,34.3,1175.0,LOW,10.0
Fusarium Wilt,1,34.8,67.6,34.3,1175.0,LOW,25.0
Early Blight,1,31.6,64.4,53.7,431.5,LOW,35.0
Late Blight,0,31.6,64.4,53.7,431.5,LOW,10.0
Fusarium Wilt,0,31.6,64.4,53.7,431.5,MEDIUM,40.0
Early Blight,1,15.5,33.0,10.8,886.4,LOW,22.0
Late Blight,0,15.5,33.0,10.8,886.4,LOW,10.0
Fusarium Wilt,1,15.5,33.0,10.8,886.4,LOW,15.0
Early Blight,0,32.7,91.5,72.1,1138.9,LOW,25.0
Late Blight,2,32.7,91.5,72.1,1138.9,LOW,10.0
Fusarium Wilt,1,32.7,91.5,72.1,1138.9,LOW,25.0
Early Blight,1,15.8,45.3,81.9,483.3,LOW,22.0
Late Blight,2,15.8,45.3,81.9,483.3,LOW,10.0
Fusarium Wilt,2,15.8,45.3,81.9,483.3,LOW,25.0
Early Blight,1,15.9,85.1,82.5,985.9,LOW,35.0
Late Blight,1,15.9,85.1,82.5,985.9,MEDIUM,55.0
Fusarium Wilt,1,15.9,85.1,82.5,985.9,LOW,25.0
Early Blight,1,22.8,52.3,67.4,1087.2,LOW,35.0
Late Blight,1,22.8,52.3,67.4,1087.2,LOW,10.0
Fusarium Wilt,0,22.8,52.3,67.4,1087.2,LOW,25.0
Early Blight,1,31.0,44.2,25.5,953.3,LOW,22.0
Late Blight,1,31.0,44.2,25.5,953.3,LOW,10.0
Fusarium Wilt,2,31.0,44.2,25.5,953.3,LOW,25.0
Early Blight,0,24.8,30.5,53.0,481.5,LOW,12.0
Late Blight,0,24.8,30.5,53.0,481.5,LOW,10.0
Fusarium Wilt,1,24.8,30.5,53.0,481.5,LOW,25.0
Early Blight,1,33.1,81.2,17.2,1067.7,LOW,35.0
Late Blight,0,33.1,81.2,17.2,1067.7,LOW,10.0
Fusarium Wilt,1,33.1,81.2,17.2,1067.7,LOW,15.0
Early Blight,1,29.1,71.8,86.1,229.7,MEDIUM,52.0
Late Blight,2,29.1,71.8,86.1,229.7,LOW,10.0
Fusarium Wilt,2,29.1,71.8,86.1,229.7,LOW,25.0
Early Blight,0,23.5,40.9,82.5,522.3,LOW,12.0
Late Blight,0,23.5,40.9,82.5,522.3,LOW,10.0
Fusarium Wilt,0,23.5,40.9,82.5,522.3,LOW,25.0
Early Blight,1,22.9,97.0,17.8,245.7,LOW,35.0
Late Blight,2,22.9,97.0,17.8,245.7,MEDIUM,45.0
Fusarium Wilt,2,22.9,97.0,17.8,245.7,LOW,15.0
Early Blight,1,24.2,94.2,78.4,401.5,MEDIUM,52.0
Late Blight,0,24.2,94.2,78.4,401.5,LOW,25.0
Fusarium Wilt,1,24.2,94.2,78.4,401.5,LOW,25.0
Early Blight,1,17.4,91.6,66.1,1079.4,LOW,35.0
Late Blight,1,17.4,91.6,66.1,1079.4,MEDIUM,45.0
Fusarium Wilt,1,17.4,91.6,66.1,1079.4,LOW,25.0
Early Blight,0,18.6,80.4,52.6,395.4,LOW,25.0
Late Blight,2,18.6,80.4,52.6,395.4,MEDIUM,45.0
Fusarium Wilt,1,18.6,80.4,52.6,395.4,LOW,25.0
Early Blight,1,30.9,88.5,38.4,449.6,MEDIUM,52.0
Late Blight,1,30.9,88.5,38.4,449.6,LOW,20.0
Fusarium Wilt,1,30.9,88.5,38.4,449.6,LOW,25.0
Early Blight,0,20.5,87.2,51.4,585.8,LOW,25.0
Late Blight,2,20.5,87.2,51.4,585.8,MEDIUM,45.0
Fusarium Wilt,1,20.5,87.2,51.4,585.8,LOW,25.0
Early Blight,1,23.6,80.4,78.8,268.7,LOW,35.0
Late Blight,0,23.6,80.4,78.8,268.7,MEDIUM,45.0
Fusarium Wilt,1,23.6,80.4,78.8,268.7,LOW,25.0
Early Blight,0,22.4,93.4,73.3,749.8,LOW,25.0
Late Blight,1,22.4,93.4,73.3,749.8,MEDIUM,55.0
Fusarium Wilt,1,22.4,93.4,73.3,749.8,LOW,25.0
Early Blight,1,24.9,73.1,76.4,318.1,MEDIUM,52.0
Late Blight,2,24.9,73.1,76.4,318.1,LOW,25.0
Fusarium Wilt,0,24.9,73.1,76.4,318.1,LOW,25.0
Early Blight,1,23.1,54.3,59.4,162.9,LOW,35.0
Late Blight,0,23.1,54.3,59.4,162.9,LOW,10.0
Fusarium Wilt,1,23.1,54.3,59.4,162.9,LOW,25.0
Early Blight,0,35.3,52.7,50.3,962.8,LOW,25.0
Late Blight,0,35.3,52.7,50.3,962.8,LOW,10.0
Fusarium Wilt,0,35.3,52.7,50.3,962.8,MEDIUM,40.0
Early Blight,0,22.4,59.7,73.5,248.5,LOW,25.0
Late Blight,1,22.4,59.7,73.5,248.5,LOW,10.0
Fusarium Wilt,2,22.4,59.7,73.5,248.5,LOW,25.0
Early Blight,0,28.4,41.4,34.4,338.4,LOW,12.0
Late Blight,0,28.4,41.4,34.4,338.4,LOW,10.0
Fusarium Wilt,1,28.4,41.4,34.4,338.4,LOW,25.0
Early Blight,0,18.9,40.8,24.7,485.4,LOW,12.0
Late Blight,1,18.9,40.8,24.7,485.4,LOW,20.0
Fusarium Wilt,0,18.9,40.8,24.7,485.4,LOW,15.0
Early Blight,0,24.3,81.5,89.1,591.9,MEDIUM,42.0
Late Blight,1,24.3,81.5,89.1,591.9,LOW,25.0
Fusarium Wilt,0,24.3,81.5,89.1,591.9,LOW,25.0
Early Blight,1,17.1,94.3,73.4,370.3,LOW,35.0
Late Blight,1,17.1,94.3,73.4,370.3,MEDIUM,45.0
Fusarium Wilt,0,17.1,94.3,73.4,370.3,LOW,25.0
Early Blight,1,28.9,74.5,41.6,1014.6,MEDIUM,52.0
Late Blight,2,28.9,74.5,41.6,1014.6,LOW,10.0
Fusarium Wilt,1,28.9,74.5,41.6,1014.6,MEDIUM,40.0
Early Blight,1,22.9,87.1,87.0,497.4,LOW,35.0
Late Blight,1,22.9,87.1,87.0,497.4,MEDIUM,45.0
Fusarium Wilt,1,22.9,87.1,87.0,497.4,LOW,25.0
Early Blight,1,20.3,35.1,69.0,192.8,LOW,22.0
Late Blight,2,20.3,35.1,69.0,192.8,LOW,10.0
Fusarium Wilt,1,20.3,35.1,69.0,192.8,LOW,25.0
Early Blight,1,21.9,61.5,16.9,751.1,LOW,35.0
Late Blight,2,21.9,61.5,16.9,751.1,LOW,25.0
Fusarium Wilt,0,21.9,61.5,16.9,751.1,LOW,15.0
Early Blight,1,18.3,63.0,13.0,540.0,LOW,35.0
Late Blight,0,18.3,63.0,13.0,540.0,LOW,25.0
Fusarium Wilt,1,18.3,63.0,13.0,540.0,LOW,15.0
Early Blight,0,37.4,89.2,41.3,340.2,LOW,25.0
Late Blight,1,37.4,89.2,41.3,340.2,LOW,20.0
Fusarium Wilt,1,37.4,89.2,41.3,340.2,MEDIUM,40.0
Early Blight,0,19.0,48.5,17.2,1008.8,LOW,12.0
Late Blight,0,19.0,48.5,17.2,1008.8,LOW,10.0
Fusarium Wilt,1,19.0,48.5,17.2,1008.8,LOW,15.0
Early Blight,0,19.6,57.9,11.0,1130.5,LOW,25.0
Late Blight,2,19.6,57.9,11.0,1130.5,LOW,10.0
Fusarium Wilt,2,19.6,57.9,11.0,1130.5,LOW,15.0
Early Blight,1,19.6,36.7,37.9,1089.9,LOW,22.0
Late Blight,1,19.6,36.7,37.9,1089.9,LOW,20.0
Fusarium Wilt,2,19.6,36.7,37.9,1089.9,LOW,25.0
Early Blight,0,35.6,65.6,48.1,562.2,LOW,25.0
Late Blight,1,35.6,65.6,48.1,562.2,LOW,10.0
Fusarium Wilt,2,35.6,65.6,48.1,562.2,MEDIUM,40.0
Early Blight,1,21.7,72.4,13.6,405.2,LOW,35.0
Late Blight,2,21.7,72.4,13.6,405.2,LOW,25.0
Fusarium Wilt,1,21.7,72.4,13.6,405.2,LOW,15.0
Early Blight,0,25.2,97.9,76.9,643.9,MEDIUM,42.0
Late Blight,2,25.2,97.9,76.9,643.9,LOW,25.0
Fusarium Wilt,1,25.2,97.9,76.9,643.9,LOW,25.0
Early Blight,1,21.6,44.9,34.6,948.6,LOW,22.0
Late Blight,2,21.6,44.9,34.6,948.6,LOW,10.0
Fusarium Wilt,1,21.6,44.9,34.6,948.6,LOW,25.0
Early Blight,0,33.3,64.1,41.1,381.1,LOW,25.0
Late Blight,1,33.3,64.1,41.1,381.1,LOW,20.0
Fusarium Wilt,0,33.3,64.1,41.1,381.1,MEDIUM,40.0
Early Blight,0,23.5,45.3,77.4,250.5,LOW,12.0
Late Blight,1,23.5,45.3,77.4,250.5,LOW,10.0
Fusarium Wilt,1,23.5,45.3,77.4,250.5,LOW,25.0
Early Blight,1,31.9,48.1,62.2,1177.2,LOW,22.0
Late Blight,1,31.9,48.1,62.2,1177.2,LOW,10.0
Fusarium Wilt,1,31.9,48.1,62.2,1177.2,MEDIUM,40.0
Early Blight,1,26.1,94.2,24.0,529.9,MEDIUM,52.0
Late Blight,1,26.1,94.2,24.0,529.9,LOW,25.0
Fusarium Wilt,1,26.1,94.2,24.0,529.9,LOW,15.0
Early Blight,1,28.4,45.0,52.7,388.0,LOW,22.0
Late Blight,1,28.4,45.0,52.7,388.0,LOW,10.0
Fusarium Wilt,0,28.4,45.0,52.7,388.0,MEDIUM,40.0
Early Blight,1,21.8,61.0,86.5,674.8,LOW,35.0
Late Blight,2,21.8,61.0,86.5,674.8,LOW,25.0
Fusarium Wilt,1,21.8,61.0,86.5,674.8,LOW,25.0
Early Blight,1,25.4,74.3,78.5,1066.3,MEDIUM,52.0
Late Blight,2,25.4,74.3,78.5,1066.3,LOW,25.0
Fusarium Wilt,1,25.4,74.3,78.5,1066.3,LOW,25.0
Early Blight,1,20.4,67.6,74.7,1161.1,LOW,35.0
Late Blight,0,20.4,67.6,74.7,1161.1,LOW,25.0
Fusarium Wilt,2,20.4,67.6,74.7,1161.1,LOW,25.0
Early Blight,1,26.9,71.4,12.7,165.8,MEDIUM,52.0
Late Blight,1,26.9,71.4,12.7,165.8,LOW,35.0
Fusarium Wilt,1,26.9,71.4,12.7,165.8,LOW,15.0
Early Blight,0,26.9,52.7,65.8,814.8,LOW,25.0
Late Blight,2,26.9,52.7,65.8,814.8,LOW,10.0
Fusarium Wilt,2,26.9,52.7,65.8,814.8,MEDIUM,40.0
Early Blight,1,35.3,32.3,82.0,350.7,LOW,22.0
Late Blight,2,35.3,32.3,82.0,350.7,LOW,10.0
Fusarium Wilt,1,35.3,32.3,82.0,350.7,LOW,25.0
Early Blight,1,24.1,73.8,63.3,124.5,MEDIUM,52.0
Late Blight,0,24.1,73.8,63.3,124.5,LOW,25.0
Fusarium Wilt,1,24.1,73.8,63.3,124.5,LOW,25.0
Early Blight,0,19.2,42.5,42.8,1043.4,LOW,12.0
Late Blight,0,19.2,42.5,42.8,1043.4,LOW,10.0
Fusarium Wilt,0,19.2,42.5,42.8,1043.4,LOW,25.0
Early Blight,0,25.4,74.0,44.5,339.8,MEDIUM,42.0
Late Blight,0,25.4,74.0,44.5,339.8,LOW,25.0
Fusarium Wilt,2,25.4,74.0,44.5,339.8,MEDIUM,40.0
Early Blight,0,19.7,58.2,34.4,994.5,LOW,25.0
Late Blight,0,19.7,58.2,34.4,994.5,LOW,10.0
Fusarium Wilt,1,19.7,58.2,34.4,994.5,LOW,25.0
Early Blight,1,24.2,80.4,35.2,1193.7,MEDIUM,52.0
Late Blight,1,24.2,80.4,35.2,1193.7,LOW,25.0
Fusarium Wilt,2,24.2,80.4,35.2,1193.7,LOW,25.0
Early Blight,0,34.1,77.2,14.7,812.7,LOW,25.0
Late Blight,0,34.1,77.2,14.7,812.7,LOW,10.0
Fusarium Wilt,1,34.1,77.2,14.7,812.7,LOW,15.0
Early Blight,1,31.6,32.0,41.3,305.5,LOW,22.0
Late Blight,1,31.6,32.0,41.3,305.5,LOW,10.0
Fusarium Wilt,0,31.6,32.0,41.3,305.5,MEDIUM,40.0
Early Blight,0,35.6,31.0,25.3,990.5,LOW,12.0
Late Blight,0,35.6,31.0,25.3,990.5,LOW,10.0
Fusarium Wilt,0,35.6,31.0,25.3,990.5,LOW,25.0
Early Blight,1,28.0,66.5,22.8,232.0,LOW,35.0
Late Blight,0,28.0,66.5,22.8,232.0,LOW,25.0
Fusarium Wilt,0,28.0,66.5,22.8,232.0,LOW,15.0
Early Blight,0,20.4,36.1,69.0,1114.3,LOW,12.0
Late Blight,1,20.4,36.1,69.0,1114.3,LOW,20.0
Fusarium Wilt,2,20.4,36.1,69.0,1114.3,LOW,25.0
Early Blight,0,21.7,32.1,67.4,750.5,LOW,12.0
Late Blight,0,21.7,32.1,67.4,750.5,LOW,10.0
Fusarium Wilt,1,21.7,32.1,67.4,750.5,LOW,25.0
Early Blight,1,37.0,50.6,89.2,761.7,LOW,35.0
Late Blight,1,37.0,50.6,89.2,761.7,LOW,10.0
Fusarium Wilt,1,37.0,50.6,89.2,761.7,LOW,25.0
Early Blight,0,15.6,55.9,24.4,778.6,LOW,25.0
Late Blight,2,15.6,55.9,24.4,778.6,LOW,10.0
Fusarium Wilt,1,15.6,55.9,24.4,778.6,LOW,15.0
Early Blight,0,18.7,98.0,28.6,1103.7,LOW,25.0
Late Blight,1,18.7,98.0,28.6,1103.7,MEDIUM,45.0
Fusarium Wilt,0,18.7,98.0,28.6,1103.7,LOW,25.0
Early Blight,0,33.0,77.2,75.8,182.9,LOW,25.0
Late Blight,2,33.0,77.2,75.8,182.9,LOW,10.0
Fusarium Wilt,1,33.0,77.2,75.8,182.9,LOW,25.0
Early Blight,1,29.6,94.9,31.7,344.0,MEDIUM,52.0
Late Blight,0,29.6,94.9,31.7,344.0,LOW,10.0
Fusarium Wilt,0,29.6,94.9,31.7,344.0,LOW,25.0
Early Blight,0,36.2,37.0,62.0,377.9,LOW,12.0
Late Blight,0,36.2,37.0,62.0,377.9,LOW,10.0
Fusarium Wilt,0,36.2,37.0,62.0,377.9,MEDIUM,40.0
Early Blight,1,17.1,30.1,85.2,952.2,LOW,22.0
Late Blight,1,17.1,30.1,85.2,952.2,LOW,10.0
Fusarium Wilt,1,17.1,30.1,85.2,952.2,LOW,25.0
Early Blight,0,16.0,89.8,26.3,664.5,LOW,25.0
Late Blight,0,16.0,89.8,26.3,664.5,MEDIUM,45.0
Fusarium Wilt,1,16.0,89.8,26.3,664.5,LOW,25.0
Early Blight,0,18.7,40.2,23.2,1140.5,LOW,12.0
Late Blight,0,18.7,40.2,23.2,1140.5,LOW,10.0
Fusarium Wilt,0,18.7,40.2,23.2,1140.5,LOW,15.0
Early Blight,1,22.5,94.4,62.8,121.2,LOW,35.0
Late Blight,0,22.5,94.4,62.8,121.2,MEDIUM,45.0
Fusarium Wilt,1,22.5,94.4,62.8,121.2,LOW,25.0
Early Blight,0,29.8,61.8,32.0,182.8,LOW,25.0
Late Blight,1,29.8,61.8,32.0,182.8,LOW,10.0
Fusarium Wilt,1,29.8,61.8,32.0,182.8,LOW,25.0
Early Blight,1,35.6,88.4,23.7,619.5,LOW,35.0
Late Blight,2,35.6,88.4,23.7,619.5,LOW,10.0
Fusarium Wilt,2,35.6,88.4,23.7,619.5,LOW,15.0
Early Blight,0,29.4,61.0,60.8,984.9,LOW,25.0
Late Blight,1,29.4,61.0,60.8,984.9,LOW,10.0
Fusarium Wilt,1,29.4,61.0,60.8,984.9,MEDIUM,40.0
Early Blight,0,20.0,84.6,40.5,816.1,LOW,25.0
Late Blight,1,20.0,84.6,40.5,816.1,MEDIUM,45.0
Fusarium Wilt,1,20.0,84.6,40.5,816.1,LOW,25.0
Early Blight,0,15.1,42.1,68.9,424.8,LOW,12.0
Late Blight,1,15.1,42.1,68.9,424.8,LOW,20.0
Fusarium Wilt,1,15.1,42.1,68.9,424.8,LOW,25.0
Early Blight,0,24.4,31.3,17.2,1118.6,LOW,12.0
Late Blight,2,24.4,31.3,17.2,1118.6,LOW,10.0
Fusarium Wilt,1,24.4,31.3,17.2,1118.6,LOW,15.0
Early Blight,1,28.1,57.5,75.3,874.6,LOW,35.0
Late Blight,1,28.1,57.5,75.3,874.6,LOW,10.0
Fusarium Wilt,1,28.1,57.5,75.3,874.6,LOW,25.0
Early Blight,0,21.8,55.5,20.6,941.3,LOW,25.0
Late Blight,2,21.8,55.5,20.6,941.3,LOW,10.0
Fusarium Wilt,1,21.8,55.5,20.6,941.3,LOW,15.0
Early Blight,1,26.5,35.4,52.6,583.6,LOW,22.0
Late Blight,0,26.5,35.4,52.6,583.6,LOW,10.0
Fusarium Wilt,0,26.5,35.4,52.6,583.6,MEDIUM,40.0
Early Blight,1,34.0,48.5,80.2,661.0,LOW,22.0
Late Blight,1,34.0,48.5,80.2,661.0,LOW,10.0
Fusarium Wilt,2,34.0,48.5,80.2,661.0,LOW,25.0
Early Blight,0,26.9,48.8,67.0,552.2,LOW,12.0
Late Blight,1,26.9,48.8,67.0,552.2,LOW,20.0
Fusarium Wilt,2,26.9,48.8,67.0,552.2,MEDIUM,40.0
Early Blight,0,25.7,82.7,87.6,548.5,MEDIUM,42.0
Late Blight,1,25.7,82.7,87.6,548.5,LOW,25.0
Fusarium Wilt,1,25.7,82.7,87.6,548.5,LOW,25.0
Early Blight,1,36.0,90.3,82.4,248.4,LOW,35.0
Late Blight,1,36.0,90.3,82.4,248.4,LOW,10.0
Fusarium Wilt,2,36.0,90.3,82.4,248.4,LOW,25.0
Early Blight,1,24.4,72.2,10.9,558.6,MEDIUM,52.0
Late Blight,1,24.4,72.2,10.9,558.6,LOW,25.0
Fusarium Wilt,1,24.4,72.2,10.9,558.6,LOW,15.0
Early Blight,0,35.5,55.6,88.8,1099.5,LOW,25.0
Late Blight,1,35.5,55.6,88.8,1099.5,LOW,20.0
Fusarium Wilt,0,35.5,55.6,88.8,1099.5,LOW,25.0
Early Blight,0,36.9,67.3,27.2,926.6,LOW,25.0
Late Blight,1,36.9,67.3,27.2,926.6,LOW,20.0
Fusarium Wilt,0,36.9,67.3,27.2,926.6,LOW,25.0
Early Blight,1,25.4,42.7,83.3,577.2,LOW,22.0
Late Blight,1,25.4,42.7,83.3,577.2,LOW,10.0
Fusarium Wilt,1,25.4,42.7,83.3,577.2,LOW,25.0
Early Blight,1,33.6,90.9,75.0,205.2,LOW,35.0
Late Blight,1,33.6,90.9,75.0,205.2,LOW,20.0
Fusarium Wilt,1,33.6,90.9,75.0,205.2,LOW,25.0
Early Blight,1,37.8,57.4,12.3,1086.5,LOW,35.0
Late Blight,1,37.8,57.4,12.3,1086.5,LOW,10.0
Fusarium Wilt,0,37.8,57.4,12.3,1086.5,LOW,15.0
Early Blight,0,18.4,72.0,69.8,174.1,LOW,25.0
Late Blight,0,18.4,72.0,69.8,174.1,LOW,25.0
Fusarium Wilt,0,18.4,72.0,69.8,174.1,LOW,25.0
Early Blight,1,31.8,68.4,27.4,230.0,LOW,35.0
Late Blight,1,31.8,68.4,27.4,230.0,LOW,20.0
Fusarium Wilt,1,31.8,68.4,27.4,230.0,LOW,25.0
Early Blight,0,27.5,39.0,57.3,694.2,LOW,12.0
Late Blight,1,27.5,39.0,57.3,694.2,LOW,20.0
Fusarium Wilt,1,27.5,39.0,57.3,694.2,MEDIUM,40.0
Early Blight,0,36.6,39.2,82.7,462.5,LOW,12.0
Late Blight,1,36.6,39.2,82.7,462.5,LOW,20.0
Fusarium Wilt,2,36.6,39.2,82.7,462.5,LOW,25.0
Early Blight,0,20.3,68.8,48.8,569.3,LOW,25.0
Late Blight,0,20.3,68.8,48.8,569.3,LOW,25.0
Fusarium Wilt,1,20.3,68.8,48.8,569.3,LOW,25.0
Early Blight,0,24.2,92.2,55.5,1174.4,MEDIUM,42.0
Late Blight,0,24.2,92.2,55.5,1174.4,LOW,25.0
Fusarium Wilt,1,24.2,92.2,55.5,1174.4,LOW,25.0
Early Blight,0,23.5,66.3,80.3,193.7,LOW,25.0
Late Blight,1,23.5,66.3,80.3,193.7,LOW,25.0
Fusarium Wilt,2,23.5,66.3,80.3,193.7,LOW,25.0
Early Blight,1,17.3,65.8,55.7,1176.0,LOW,35.0
Late Blight,0,17.3,65.8,55.7,1176.0,LOW,25.0
Fusarium Wilt,0,17.3,65.8,55.7,1176.0,LOW,25.0
Early Blight,1,34.5,30.5,29.8,1133.3,LOW,22.0
Late Blight,2,34.5,30.5,29.8,1133.3,LOW,10.0
Fusarium Wilt,2,34.5,30.5,29.8,1133.3,LOW,25.0
Early Blight,1,19.5,74.9,35.3,545.2,LOW,35.0
Late Blight,2,19.5,74.9,35.3,545.2,LOW,25.0
Fusarium Wilt,1,19.5,74.9,35.3,545.2,LOW,25.0
Early Blight,0,37.8,53.8,28.1,194.8,LOW,25.0
Late Blight,0,37.8,53.8,28.1,194.8,LOW,10.0
Fusarium Wilt,2,37.8,53.8,28.1,194.8,LOW,25.0
Early Blight,1,29.3,86.8,57.8,178.1,MEDIUM,52.0
Late Blight,2,29.3,86.8,57.8,178.1,LOW,10.0
Fusarium Wilt,2,29.3,86.8,57.8,178.1,MEDIUM,40.0
Early Blight,1,19.2,50.0,89.7,402.6,LOW,35.0
Late Blight,1,19.2,50.0,89.7,402.6,LOW,20.0
Fusarium Wilt,2,19.2,50.0,89.7,402.6,LOW,25.0
Early Blight,1,25.2,95.2,43.3,241.5,MEDIUM,52.0
Late Blight,0,25.2,95.2,43.3,241.5,LOW,25.0
Fusarium Wilt,0,25.2,95.2,43.3,241.5,MEDIUM,40.0
Early Blight,0,25.8,51.9,72.2,769.1,LOW,25.0
Late Blight,0,25.8,51.9,72.2,769.1,LOW,10.0
Fusarium Wilt,0,25.8,51.9,72.2,769.1,LOW,25.0
Early Blight,1,37.4,36.1,65.6,1157.1,LOW,22.0
Late Blight,1,37.4,36.1,65.6,1157.1,LOW,20.0
Fusarium Wilt,2,37.4,36.1,65.6,1157.1,MEDIUM,40.0
Early Blight,1,37.3,32.5,75.1,714.2,LOW,22.0
Late Blight,2,37.3,32.5,75.1,714.2,LOW,10.0
Fusarium Wilt,0,37.3,32.5,75.1,714.2,LOW,25.0
Early Blight,0,33.6,51.8,76.8,386.6,LOW,25.0
Late Blight,0,33.6,51.8,76.8,386.6,LOW,10.0
Fusarium Wilt,1,33.6,51.8,76.8,386.6,LOW,25.0
Early Blight,1,36.2,33.2,49.4,620.1,LOW,22.0
Late Blight,2,36.2,33.2,49.4,620.1,LOW,10.0
Fusarium Wilt,1,36.2,33.2,49.4,620.1,MEDIUM,40.0
Early Blight,1,22.2,90.7,19.4,403.9,LOW,35.0
Late Blight,0,22.2,90.7,19.4,403.9,MEDIUM,45.0
Fusarium Wilt,0,22.2,90.7,19.4,403.9,LOW,15.0
Early Blight,1,19.1,84.7,11.9,329.9,LOW,35.0
Late Blight,0,19.1,84.7,11.9,329.9,MEDIUM,45.0
Fusarium Wilt,1,19.1,84.7,11.9,329.9,LOW,15.0
Early Blight,0,26.8,92.2,53.5,539.3,MEDIUM,42.0
Late Blight,0,26.8,92.2,53.5,539.3,LOW,25.0
Fusarium Wilt,2,26.8,92.2,53.5,539.3,MEDIUM,40.0
Early Blight,1,27.4,40.3,35.7,768.9,LOW,22.0
Late Blight,1,27.4,40.3,35.7,768.9,LOW,20.0
Fusarium Wilt,0,27.4,40.3,35.7,768.9,LOW,25.0
Early Blight,1,19.8,43.9,28.9,892.9,LOW,22.0
Late Blight,2,19.8,43.9,28.9,892.9,LOW,10.0
Fusarium Wilt,1,19.8,43.9,28.9,892.9,LOW,25.0
Early Blight,0,34.6,64.2,50.6,158.8,LOW,25.0
Late Blight,2,34.6,64.2,50.6,158.8,LOW,10.0
Fusarium Wilt,0,34.6,64.2,50.6,158.8,MEDIUM,40.0
Early Blight,0,26.1,95.9,57.7,145.1,MEDIUM,42.0
Late Blight,1,26.1,95.9,57.7,145.1,LOW,25.0
Fusarium Wilt,1,26.1,95.9,57.7,145.1,MEDIUM,40.0
Early Blight,1,33.9,72.8,88.3,1052.2,LOW,35.0
Late Blight,1,33.9,72.8,88.3,1052.2,LOW,10.0
Fusarium Wilt,2,33.9,72.8,88.3,1052.2,LOW,25.0
Early Blight,1,17.3,52.8,32.1,472.4,LOW,35.0
Late Blight,2,17.3,52.8,32.1,472.4,LOW,10.0
Fusarium Wilt,2,17.3,52.8,32.1,472.4,LOW,25.0
Early Blight,0,28.7,57.4,33.6,600.3,LOW,25.0
Late Blight,1,28.7,57.4,33.6,600.3,LOW,20.0
Fusarium Wilt,1,28.7,57.4,33.6,600.3,LOW,25.0
Early Blight,0,25.8,30.5,48.2,399.9,LOW,12.0
Late Blight,1,25.8,30.5,48.2,399.9,LOW,10.0
Fusarium Wilt,1,25.8,30.5,48.2,399.9,MEDIUM,40.0
Early Blight,0,27.2,90.6,71.8,1110.4,MEDIUM,42.0
Late Blight,1,27.2,90.6,71.8,1110.4,LOW,25.0
Fusarium Wilt,1,27.2,90.6,71.8,1110.4,LOW,25.0
Early Blight,1,33.9,68.9,68.3,734.2,LOW,35.0
Late Blight,0,33.9,68.9,68.3,734.2,LOW,10.0
Fusarium Wilt,1,33.9,68.9,68.3,734.2,MEDIUM,40.0
Early Blight,0,24.4,46.9,66.2,733.8,LOW,12.0
Late Blight,1,24.4,46.9,66.2,733.8,LOW,10.0
Fusarium Wilt,2,24.4,46.9,66.2,733.8,LOW,25.0
Early Blight,0,32.0,50.5,20.4,634.8,LOW,25.0
Late Blight,2,32.0,50.5,20.4,634.8,LOW,10.0
Fusarium Wilt,2,32.0,50.5,20.4,634.8,LOW,15.0
Early Blight,1,22.6,85.3,41.5,145.7,LOW,35.0
Late Blight,2,22.6,85.3,41.5,145.7,MEDIUM,45.0
Fusarium Wilt,1,22.6,85.3,41.5,145.7,LOW,25.0
Early Blight,1,35.4,36.0,60.7,392.6,LOW,22.0
Late Blight,1,35.4,36.0,60.7,392.6,LOW,20.0
Fusarium Wilt,0,35.4,36.0,60.7,392.6,MEDIUM,40.0
Early Blight,0,28.6,97.2,14.7,914.9,MEDIUM,42.0
Late Blight,2,28.6,97.2,14.7,914.9,LOW,10.0
Fusarium Wilt,1,28.6,97.2,14.7,914.9,LOW,15.0
Early Blight,1,30.8,82.2,46.8,508.1,MEDIUM,52.0
Late Blight,1,30.8,82.2,46.8,508.1,LOW,20.0
Fusarium Wilt,1,30.8,82.2,46.8,508.1,MEDIUM,40.0
Early Blight,1,19.3,56.7,14.0,888.3,LOW,35.0
Late Blight,1,19.3,56.7,14.0,888.3,LOW,10.0
Fusarium Wilt,1,19.3,56.7,14.0,888.3,LOW,15.0
Early Blight,0,26.3,50.1,35.7,992.5,LOW,25.0
Late Blight,1,26.3,50.1,35.7,992.5,LOW,20.0
Fusarium Wilt,1,26.3,50.1,35.7,992.5,LOW,25.0
Early Blight,0,37.1,49.1,32.8,462.3,LOW,12.0
Late Blight,2,37.1,49.1,32.8,462.3,LOW,10.0
Fusarium Wilt,0,37.1,49.1,32.8,462.3,LOW,25.0
Early Blight,0,28.7,53.7,38.0,332.5,LOW,25.0
Late Blight,0,28.7,53.7,38.0,332.5,LOW,10.0
Fusarium Wilt,2,28.7,53.7,38.0,332.5,LOW,25.0
Early Blight,1,34.9,70.6,64.9,264.3,LOW,35.0
Late Blight,2,34.9,70.6,64.9,264.3,LOW,10.0
Fusarium Wilt,2,34.9,70.6,64.9,264.3,MEDIUM,40.0
Early Blight,1,37.3,57.8,74.9,1024.4,LOW,35.0
Late Blight,2,37.3,57.8,74.9,1024.4,LOW,10.0
Fusarium Wilt,1,37.3,57.8,74.9,1024.4,LOW,25.0
Early Blight,1,18.5,58.7,83.7,117.6,LOW,35.0
Late Blight,1,18.5,58.7,83.7,117.6,LOW,20.0
Fusarium Wilt,1,18.5,58.7,83.7,117.6,LOW,25.0
Early Blight,0,23.6,43.5,10.3,585.3,LOW,12.0
Late Blight,1,23.6,43.5,10.3,585.3,LOW,20.0
Fusarium Wilt,2,23.6,43.5,10.3,585.3,LOW,15.0
Early Blight,1,24.7,53.6,45.2,168.0,LOW,35.0
Late Blight,2,24.7,53.6,45.2,168.0,LOW,10.0
Fusarium Wilt,2,24.7,53.6,45.2,168.0,LOW,25.0
Early Blight,0,25.2,48.0,66.8,1165.5,LOW,12.0
Late Blight,2,25.2,48.0,66.8,1165.5,LOW,10.0
Fusarium Wilt,0,25.2,48.0,66.8,1165.5,MEDIUM,40.0
Early Blight,1,37.7,61.8,14.4,895.0,LOW,35.0
Late Blight,1,37.7,61.8,14.4,895.0,LOW,20.0
Fusarium Wilt,0,37.7,61.8,14.4,895.0,LOW,15.0
Early Blight,0,28.2,57.1,87.2,1130.4,LOW,25.0
Late Blight,2,28.2,57.1,87.2,1130.4,LOW,10.0
Fusarium Wilt,1,28.2,57.1,87.2,1130.4,LOW,25.0
Early Blight,1,27.7,43.2,35.8,768.0,LOW,22.0
Late Blight,1,27.7,43.2,35.8,768.0,LOW,20.0
Fusarium Wilt,1,27.7,43.2,35.8,768.0,LOW,25.0
Early Blight,0,30.8,33.3,24.9,367.2,LOW,12.0
Late Blight,2,30.8,33.3,24.9,367.2,LOW,10.0
Fusarium Wilt,0,30.8,33.3,24.9,367.2,LOW,15.0
Early Blight,1,20.6,30.4,61.4,720.0,LOW,22.0
Late Blight,1,20.6,30.4,61.4,720.0,LOW,20.0
Fusarium Wilt,2,20.6,30.4,61.4,720.0,LOW,25.0
Early Blight,0,33.8,76.9,58.3,627.0,LOW,25.0
Late Blight,1,33.8,76.9,58.3,627.0,LOW,10.0
Fusarium Wilt,1,33.8,76.9,58.3,627.0,MEDIUM,40.0
Early Blight,0,15.9,89.1,83.7,454.4,LOW,25.0
Late Blight,0,15.9,89.1,83.7,454.4,MEDIUM,45.0
Fusarium Wilt,1,15.9,89.1,83.7,454.4,LOW,25.0
Early Blight,1,29.2,70.4,24.9,281.9,MEDIUM,52.0
Late Blight,1,29.2,70.4,24.9,281.9,LOW,10.0
Fusarium Wilt,1,29.2,70.4,24.9,281.9,LOW,15.0
Early Blight,1,35.0,74.3,13.7,362.1,LOW,35.0
Late Blight,1,35.0,74.3,13.7,362.1,LOW,20.0
Fusarium Wilt,1,35.0,74.3,13.7,362.1,LOW,15.0
Early Blight,1,29.2,45.5,73.9,667.9,LOW,22.0
Late Blight,2,29.2,45.5,73.9,667.9,LOW,10.0
Fusarium Wilt,0,29.2,45.5,73.9,667.9,LOW,25.0
Early Blight,1,27.1,90.5,10.7,839.9,MEDIUM,52.0
Late Blight,2,27.1,90.5,10.7,839.9,LOW,25.0
Fusarium Wilt,0,27.1,90.5,10.7,839.9,LOW,15.0
Early Blight,1,17.9,56.5,83.2,586.8,LOW,35.0
Late Blight,0,17.9,56.5,83.2,586.8,LOW,10.0
Fusarium Wilt,1,17.9,56.5,83.2,586.8,LOW,25.0
Early Blight,0,17.9,30.3,76.6,967.5,LOW,12.0
Late Blight,2,17.9,30.3,76.6,967.5,LOW,10.0
Fusarium Wilt,1,17.9,30.3,76.6,967.5,LOW,25.0
Early Blight,1,29.4,83.0,83.1,642.0,MEDIUM,52.0
Late Blight,1,29.4,83.0,83.1,642.0,LOW,10.0
Fusarium Wilt,1,29.4,83.0,83.1,642.0,LOW,25.0
Early Blight,0,31.1,32.3,41.9,1121.4,LOW,12.0
Late Blight,1,31.1,32.3,41.9,1121.4,LOW,10.0
Fusarium Wilt,1,31.1,32.3,41.9,1121.4,MEDIUM,40.0
Early Blight,1,16.2,55.7,12.8,775.8,LOW,35.0
Late Blight,1,16.2,55.7,12.8,775.8,LOW,20.0
Fusarium Wilt,1,16.2,55.7,12.8,775.8,LOW,15.0
Early Blight,1,34.0,73.5,73.3,427.3,LOW,35.0
Late Blight,1,34.0,73.5,73.3,427.3,LOW,20.0
Fusarium Wilt,0,34.0,73.5,73.3,427.3,LOW,25.0
Early Blight,1,25.9,81.6,50.5,570.8,MEDIUM,52.0
Late Blight,1,25.9,81.6,50.5,570.8,LOW,25.0
Fusarium Wilt,1,25.9,81.6,50.5,570.8,MEDIUM,40.0
Early Blight,0,18.7,87.3,29.6,545.3,LOW,25.0
Late Blight,1,18.7,87.3,29.6,545.3,MEDIUM,55.0
Fusarium Wilt,0,18.7,87.3,29.6,545.3,LOW,25.0
Early Blight,1,24.3,95.0,31.0,552.8,MEDIUM,52.0
Late Blight,1,24.3,95.0,31.0,552.8,LOW,35.0
Fusarium Wilt,0,24.3,95.0,31.0,552.8,LOW,25.0
Early Blight,0,19.8,65.5,27.4,745.8,LOW,25.0
Late Blight,0,19.8,65.5,27.4,745.8,LOW,25.0
Fusarium Wilt,0,19.8,65.5,27.4,745.8,LOW,25.0
Early Blight,0,34.4,70.7,16.2,758.6,LOW,25.0
Late Blight,1,34.4,70.7,16.2,758.6,LOW,10.0
Fusarium Wilt,1,34.4,70.7,16.2,758.6,LOW,15.0
Early Blight,1,22.2,88.9,57.8,980.5,LOW,35.0
Late Blight,0,22.2,88.9,57.8,980.5,MEDIUM,45.0
Fusarium Wilt,2,22.2,88.9,57.8,980.5,LOW,25.0
Early Blight,1,18.0,45.1,57.2,1082.5,LOW,22.0
Late Blight,1,18.0,45.1,57.2,1082.5,LOW,10.0
Fusarium Wilt,0,18.0,45.1,57.2,1082.5,LOW,25.0
Early Blight,1,27.3,74.3,62.8,1101.3,MEDIUM,52.0
Late Blight,1,27.3,74.3,62.8,1101.3,LOW,25.0
Fusarium Wilt,2,27.3,74.3,62.8,1101.3,MEDIUM,40.0
Early Blight,0,31.1,42.4,46.0,915.4,LOW,12.0
Late Blight,1,31.1,42.4,46.0,915.4,LOW,20.0
Fusarium Wilt,1,31.1,42.4,46.0,915.4,MEDIUM,40.0
Early Blight,0,27.2,92.2,85.1,430.2,MEDIUM,42.0
Late Blight,1,27.2,92.2,85.1,430.2,LOW,35.0
Fusarium Wilt,2,27.2,92.2,85.1,430.2,LOW,25.0
Early Blight,0,26.6,63.4,77.8,951.8,LOW,25.0
Late Blight,1,26.6,63.4,77.8,951.8,LOW,35.0
Fusarium Wilt,1,26.6,63.4,77.8,951.8,LOW,25.0
Early Blight,1,29.9,33.9,62.6,1169.8,LOW,22.0
Late Blight,2,29.9,33.9,62.6,1169.8,LOW,10.0
Fusarium Wilt,0,29.9,33.9,62.6,1169.8,MEDIUM,40.0
Early Blight,1,19.6,79.2,56.0,507.1,LOW,35.0
Late Blight,0,19.6,79.2,56.0,507.1,LOW,25.0
Fusarium Wilt,0,19.6,79.2,56.0,507.1,LOW,25.0
Early Blight,0,21.2,31.7,64.4,666.8,LOW,12.0
Late Blight,0,21.2,31.7,64.4,666.8,LOW,10.0
Fusarium Wilt,1,21.2,31.7,64.4,666.8,LOW,25.0
Early Blight,0,30.6,46.4,10.3,783.0,LOW,12.0
Late Blight,2,30.6,46.4,10.3,783.0,LOW,10.0
Fusarium Wilt,1,30.6,46.4,10.3,783.0,LOW,15.0
Early Blight,1,16.4,89.8,43.4,522.6,LOW,35.0
Late Blight,2,16.4,89.8,43.4,522.6,MEDIUM,45.0
Fusarium Wilt,0,16.4,89.8,43.4,522.6,LOW,25.0
Early Blight,0,30.7,57.6,32.2,649.2,LOW,25.0
Late Blight,1,30.7,57.6,32.2,649.2,LOW,20.0
Fusarium Wilt,1,30.7,57.6,32.2,649.2,LOW,25.0
Early Blight,1,26.4,36.8,87.3,380.2,LOW,22.0
Late Blight,2,26.4,36.8,87.3,380.2,LOW,10.0
Fusarium Wilt,1,26.4,36.8,87.3,380.2,LOW,25.0
Early Blight,0,33.1,58.2,52.5,246.1,LOW,25.0
Late Blight,2,33.1,58.2,52.5,246.1,LOW,10.0
Fusarium Wilt,2,33.1,58.2,52.5,246.1,MEDIUM,40.0
Early Blight,0,18.5,90.6,78.9,386.0,LOW,25.0
Late Blight,1,18.5,90.6,78.9,386.0,MEDIUM,55.0
Fusarium Wilt,2,18.5,90.6,78.9,386.0,LOW,25.0
Early Blight,0,34.5,43.7,52.3,1103.4,LOW,12.0
Late Blight,1,34.5,43.7,52.3,1103.4,LOW,10.0
Fusarium Wilt,0,34.5,43.7,52.3,1103.4,MEDIUM,40.0
Early Blight,1,34.9,79.7,46.2,1154.2,LOW,35.0
Late Blight,1,34.9,79.7,46.2,1154.2,LOW,10.0
Fusarium Wilt,1,34.9,79.7,46.2,1154.2,MEDIUM,40.0
Early Blight,0,36.1,64.9,42.9,290.7,LOW,25.0
Late Blight,2,36.1,64.9,42.9,290.7,LOW,10.0
Fusarium Wilt,0,36.1,64.9,42.9,290.7,MEDIUM,40.0
Early Blight,1,15.7,71.4,79.8,921.4,LOW,35.0
Late Blight,1,15.7,71.4,79.8,921.4,LOW,35.0
Fusarium Wilt,0,15.7,71.4,79.8,921.4,LOW,25.0
Early Blight,0,33.9,62.3,48.8,1029.1,LOW,25.0
Late Blight,1,33.9,62.3,48.8,1029.1,LOW,20.0
Fusarium Wilt,1,33.9,62.3,48.8,1029.1,MEDIUM,40.0
Early Blight,1,18.5,48.3,26.8,528.2,LOW,22.0
Late Blight,2,18.5,48.3,26.8,528.2,LOW,10.0
Fusarium Wilt,2,18.5,48.3,26.8,528.2,LOW,25.0
Early Blight,0,32.3,55.7,65.3,429.1,LOW,25.0
Late Blight,0,32.3,55.7,65.3,429.1,LOW,10.0
Fusarium Wilt,1,32.3,55.7,65.3,429.1,MEDIUM,40.0
Early Blight,0,20.1,47.1,11.5,470.5,LOW,12.0
Late Blight,1,20.1,47.1,11.5,470.5,LOW,20.0
Fusarium Wilt,1,20.1,47.1,11.5,470.5,LOW,15.0
Early Blight,0,18.9,72.0,31.6,815.7,LOW,25.0
Late Blight,2,18.9,72.0,31.6,815.7,LOW,25.0
Fusarium Wilt,1,18.9,72.0,31.6,815.7,LOW,25.0
Early Blight,0,28.8,81.9,36.6,408.4,MEDIUM,42.0
Late Blight,2,28.8,81.9,36.6,408.4,LOW,10.0
Fusarium Wilt,2,28.8,81.9,36.6,408.4,LOW,25.0
Early Blight,0,17.2,80.6,63.2,618.3,LOW,25.0
Late Blight,1,17.2,80.6,63.2,618.3,MEDIUM,45.0
Fusarium Wilt,1,17.2,80.6,63.2,618.3,LOW,25.0
Early Blight,0,22.1,64.9,44.0,394.0,LOW,25.0
Late Blight,1,22.1,64.9,44.0,394.0,LOW,35.0
Fusarium Wilt,1,22.1,64.9,44.0,394.0,LOW,25.0
Early Blight,0,31.6,87.1,35.6,805.5,MEDIUM,42.0
Late Blight,0,31.6,87.1,35.6,805.5,LOW,10.0
Fusarium Wilt,1,31.6,87.1,35.6,805.5,LOW,25.0
Early Blight,1,18.7,74.0,27.6,1168.2,LOW,35.0
Late Blight,1,18.7,74.0,27.6,1168.2,LOW,35.0
Fusarium Wilt,0,18.7,74.0,27.6,1168.2,LOW,25.0
Early Blight,0,32.4,41.3,43.6,628.6,LOW,12.0
Late Blight,1,32.4,41.3,43.6,628.6,LOW,10.0
Fusarium Wilt,1,32.4,41.3,43.6,628.6,MEDIUM,40.0
Early Blight,0,23.8,42.4,57.2,822.9,LOW,12.0
Late Blight,1,23.8,42.4,57.2,822.9,LOW,20.0
Fusarium Wilt,0,23.8,42.4,57.2,822.9,LOW,25.0
Early Blight,1,35.6,82.0,47.5,650.7,LOW,35.0
Late Blight,2,35.6,82.0,47.5,650.7,LOW,10.0
Fusarium Wilt,2,35.6,82.0,47.5,650.7,MEDIUM,40.0
Early Blight,1,22.2,72.4,57.5,125.7,LOW,35.0
Late Blight,2,22.2,72.4,57.5,125.7,LOW,25.0
Fusarium Wilt,1,22.2,72.4,57.5,125.7,LOW,25.0
Early Blight,0,25.9,60.6,50.2,737.2,LOW,25.0
Late Blight,1,25.9,60.6,50.2,737.2,LOW,35.0
Fusarium Wilt,0,25.9,60.6,50.2,737.2,MEDIUM,40.0
Early Blight,0,15.8,85.3,71.0,571.3,LOW,25.0
Late Blight,0,15.8,85.3,71.0,571.3,MEDIUM,45.0
Fusarium Wilt,1,15.8,85.3,71.0,571.3,LOW,25.0
Early Blight,0,30.4,67.5,74.8,1182.9,LOW,25.0
Late Blight,1,30.4,67.5,74.8,1182.9,LOW,20.0
Fusarium Wilt,1,30.4,67.5,74.8,1182.9,LOW,25.0
Early Blight,0,22.2,43.8,52.0,1187.7,LOW,12.0
Late Blight,0,22.2,43.8,52.0,1187.7,LOW,10.0
Fusarium Wilt,2,22.2,43.8,52.0,1187.7,LOW,25.0
Early Blight,1,19.8,65.0,38.2,171.3,LOW,35.0
Late Blight,1,19.8,65.0,38.2,171.3,LOW,25.0
Fusarium Wilt,1,19.8,65.0,38.2,171.3,LOW,25.0
Early Blight,1,32.5,72.6,23.4,1009.5,LOW,35.0
Late Blight,1,32.5,72.6,23.4,1009.5,LOW,10.0
Fusarium Wilt,1,32.5,72.6,23.4,1009.5,LOW,15.0
Early Blight,1,34.8,95.2,64.8,538.5,LOW,35.0
Late Blight,0,34.8,95.2,64.8,538.5,LOW,10.0
Fusarium Wilt,1,34.8,95.2,64.8,538.5,MEDIUM,40.0
Early Blight,1,33.1,71.0,60.6,467.1,LOW,35.0
Late Blight,0,33.1,71.0,60.6,467.1,LOW,10.0
Fusarium Wilt,1,33.1,71.0,60.6,467.1,MEDIUM,40.0
Early Blight,0,33.1,65.6,41.0,821.2,LOW,25.0
Late Blight,1,33.1,65.6,41.0,821.2,LOW,20.0
Fusarium Wilt,0,33.1,65.6,41.0,821.2,MEDIUM,40.0
Early Blight,0,26.2,92.2,41.0,936.5,MEDIUM,42.0
Late Blight,2,26.2,92.2,41.0,936.5,LOW,25.0
Fusarium Wilt,2,26.2,92.2,41.0,936.5,MEDIUM,40.0
Early Blight,0,26.1,40.0,54.4,526.4,LOW,12.0
Late Blight,2,26.1,40.0,54.4,526.4,LOW,10.0
Fusarium Wilt,0,26.1,40.0,54.4,526.4,MEDIUM,40.0
Early Blight,1,34.5,75.0,58.6,599.5,LOW,35.0
Late Blight,1,34.5,75.0,58.6,599.5,LOW,20.0
Fusarium Wilt,2,34.5,75.0,58.6,599.5,MEDIUM,40.0
Early Blight,0,29.1,88.6,72.6,1051.5,MEDIUM,42.0
Late Blight,2,29.1,88.6,72.6,1051.5,LOW,10.0
Fusarium Wilt,1,29.1,88.6,72.6,1051.5,LOW,25.0
Early Blight,0,25.2,80.3,71.3,1023.9,MEDIUM,42.0
Late Blight,1,25.2,80.3,71.3,1023.9,LOW,35.0
Fusarium Wilt,1,25.2,80.3,71.3,1023.9,LOW,25.0
Early Blight,1,30.7,82.2,45.2,1095.6,MEDIUM,52.0
Late Blight,0,30.7,82.2,45.2,1095.6,LOW,10.0
Fusarium Wilt,0,30.7,82.2,45.2,1095.6,MEDIUM,40.0
Early Blight,1,32.0,65.1,66.9,408.2,LOW,35.0
Late Blight,1,32.0,65.1,66.9,408.2,LOW,10.0
Fusarium Wilt,1,32.0,65.1,66.9,408.2,MEDIUM,40.0
Early Blight,0,22.2,51.0,48.7,156.5,LOW,25.0
Late Blight,2,22.2,51.0,48.7,156.5,LOW,10.0
Fusarium Wilt,1,22.2,51.0,48.7,156.5,LOW,25.0
Early Blight,1,22.4,33.3,42.0,1189.5,LOW,22.0
Late Blight,1,22.4,33.3,42.0,1189.5,LOW,20.0
Fusarium Wilt,0,22.4,33.3,42.0,1189.5,LOW,25.0
Early Blight,1,16.7,32.5,61.1,1066.2,LOW,22.0
Late Blight,2,16.7,32.5,61.1,1066.2,LOW,10.0
Fusarium Wilt,1,16.7,32.5,61.1,1066.2,LOW,25.0
Early Blight,0,37.4,84.7,60.2,492.9,LOW,25.0
Late Blight,1,37.4,84.7,60.2,492.9,LOW,10.0
Fusarium Wilt,1,37.4,84.7,60.2,492.9,MEDIUM,40.0
Early Blight,0,36.0,97.3,75.6,565.6,LOW,25.0
Late Blight,0,36.0,97.3,75.6,565.6,LOW,10.0
Fusarium Wilt,2,36.0,97.3,75.6,565.6,LOW,25.0
Early Blight,0,18.1,51.7,27.5,648.5,LOW,25.0
Late Blight,1,18.1,51.7,27.5,648.5,LOW,20.0
Fusarium Wilt,1,18.1,51.7,27.5,648.5,LOW,25.0
Early Blight,0,31.2,40.9,82.8,836.3,LOW,12.0
Late Blight,1,31.2,40.9,82.8,836.3,LOW,10.0
Fusarium Wilt,0,31.2,40.9,82.8,836.3,LOW,25.0
Early Blight,0,19.8,32.6,55.2,197.6,LOW,12.0
Late Blight,0,19.8,32.6,55.2,197.6,LOW,10.0
Fusarium Wilt,0,19.8,32.6,55.2,197.6,LOW,25.0
Early Blight,0,20.2,41.9,17.2,1040.0,LOW,12.0
Late Blight,2,20.2,41.9,17.2,1040.0,LOW,10.0
Fusarium Wilt,0,20.2,41.9,17.2,1040.0,LOW,15.0
Early Blight,1,28.4,84.2,11.9,613.2,MEDIUM,52.0
Late Blight,2,28.4,84.2,11.9,613.2,LOW,10.0
Fusarium Wilt,2,28.4,84.2,11.9,613.2,LOW,15.0
Early Blight,0,19.1,38.3,69.4,729.5,LOW,12.0
Late Blight,0,19.1,38.3,69.4,729.5,LOW,10.0
Fusarium Wilt,1,19.1,38.3,69.4,729.5,LOW,25.0
Early Blight,1,36.2,71.5,44.0,586.1,LOW,35.0
Late Blight,0,36.2,71.5,44.0,586.1,LOW,10.0
Fusarium Wilt,1,36.2,71.5,44.0,586.1,MEDIUM,40.0
Early Blight,0,24.3,67.5,61.6,1137.1,LOW,25.0
Late Blight,1,24.3,67.5,61.6,1137.1,LOW,25.0
Fusarium Wilt,2,24.3,67.5,61.6,1137.1,LOW,25.0
Early Blight,0,26.0,77.5,14.7,749.9,MEDIUM,42.0
Late Blight,2,26.0,77.5,14.7,749.9,LOW,25.0
Fusarium Wilt,2,26.0,77.5,14.7,749.9,LOW,15.0
Early Blight,1,37.9,70.2,67.5,237.9,LOW,35.0
Late Blight,0,37.9,70.2,67.5,237.9,LOW,10.0
Fusarium Wilt,0,37.9,70.2,67.5,237.9,MEDIUM,40.0
Early Blight,0,15.7,40.3,86.9,797.9,LOW,12.0
Late Blight,0,15.7,40.3,86.9,797.9,LOW,10.0
Fusarium Wilt,1,15.7,40.3,86.9,797.9,LOW,25.0
Early Blight,1,33.8,37.9,81.3,557.2,LOW,22.0
Late Blight,1,33.8,37.9,81.3,557.2,LOW,10.0
Fusarium Wilt,1,33.8,37.9,81.3,557.2,LOW,25.0
Early Blight,0,36.9,30.1,89.8,921.3,LOW,12.0
Late Blight,1,36.9,30.1,89.8,921.3,LOW,10.0
Fusarium Wilt,1,36.9,30.1,89.8,921.3,LOW,25.0
Early Blight,1,34.5,38.7,64.4,1176.7,LOW,22.0
Late Blight,1,34.5,38.7,64.4,1176.7,LOW,20.0
Fusarium Wilt,1,34.5,38.7,64.4,1176.7,MEDIUM,40.0
Early Blight,1,25.1,58.8,27.7,563.1,LOW,35.0
Late Blight,1,25.1,58.8,27.7,563.1,LOW,20.0
Fusarium Wilt,0,25.1,58.8,27.7,563.1,LOW,25.0
Early Blight,1,22.5,73.2,32.1,544.0,LOW,35.0
Late Blight,2,22.5,73.2,32.1,544.0,LOW,25.0
Fusarium Wilt,1,22.5,73.2,32.1,544.0,LOW,25.0
Early Blight,0,16.4,50.7,41.6,496.5,LOW,25.0
Late Blight,1,16.4,50.7,41.6,496.5,LOW,10.0
Fusarium Wilt,1,16.4,50.7,41.6,496.5,LOW,25.0
Early Blight,0,23.8,63.3,20.3,340.0,LOW,25.0
Late Blight,1,23.8,63.3,20.3,340.0,LOW,35.0
Fusarium Wilt,1,23.8,63.3,20.3,340.0,LOW,15.0
Early Blight,1,29.1,52.8,56.6,273.7,LOW,35.0
Late Blight,1,29.1,52.8,56.6,273.7,LOW,20.0
Fusarium Wilt,0,29.1,52.8,56.6,273.7,MEDIUM,40.0
Early Blight,0,21.9,33.1,27.3,1044.1,LOW,12.0
Late Blight,1,21.9,33.1,27.3,1044.1,LOW,20.0
Fusarium Wilt,0,21.9,33.1,27.3,1044.1,LOW,25.0
Early Blight,0,22.7,34.3,67.8,329.1,LOW,12.0
Late Blight,0,22.7,34.3,67.8,329.1,LOW,10.0
Fusarium Wilt,1,22.7,34.3,67.8,329.1,LOW,25.0
Early Blight,1,27.6,62.7,24.4,1101.7,LOW,35.0
Late Blight,2,27.6,62.7,24.4,1101.7,LOW,25.0
Fusarium Wilt,2,27.6,62.7,24.4,1101.7,LOW,15.0
Early Blight,1,20.8,54.6,40.2,912.8,LOW,35.0
Late Blight,1,20.8,54.6,40.2,912.8,LOW,20.0
Fusarium Wilt,1,20.8,54.6,40.2,912.8,LOW,25.0
Early Blight,0,17.1,47.7,72.5,603.8,LOW,12.0
Late Blight,1,17.1,47.7,72.5,603.8,LOW,20.0
Fusarium Wilt,1,17.1,47.7,72.5,603.8,LOW,25.0
Early Blight,1,15.2,30.9,35.8,368.2,LOW,22.0
Late Blight,2,15.2,30.9,35.8,368.2,LOW,10.0
Fusarium Wilt,1,15.2,30.9,35.8,368.2,LOW,25.0
Early Blight,0,33.5,64.1,14.8,895.4,LOW,25.0
Late Blight,1,33.5,64.1,14.8,895.4,LOW,20.0
Fusarium Wilt,2,33.5,64.1,14.8,895.4,LOW,15.0
Early Blight,1,17.1,34.4,28.3,629.5,LOW,22.0
Late Blight,0,17.1,34.4,28.3,629.5,LOW,10.0
Fusarium Wilt,1,17.1,34.4,28.3,629.5,LOW,25.0
Early Blight,0,16.8,61.0,13.6,838.5,LOW,25.0
Late Blight,2,16.8,61.0,13.6,838.5,LOW,25.0
Fusarium Wilt,2,16.8,61.0,13.6,838.5,LOW,15.0
Early Blight,0,16.2,73.7,62.1,102.5,LOW,25.0
Late Blight,0,16.2,73.7,62.1,102.5,LOW,25.0
Fusarium Wilt,1,16.2,73.7,62.1,102.5,LOW,25.0
Early Blight,1,16.7,94.1,24.3,917.4,LOW,35.0
Late Blight,2,16.7,94.1,24.3,917.4,MEDIUM,45.0
Fusarium Wilt,1,16.7,94.1,24.3,917.4,LOW,15.0
Early Blight,0,24.9,52.8,61.8,1136.6,LOW,25.0
Late Blight,2,24.9,52.8,61.8,1136.6,LOW,10.0
Fusarium Wilt,1,24.9,52.8,61.8,1136.6,LOW,25.0
Early Blight,1,32.0,36.5,73.1,130.0,LOW,22.0
Late Blight,2,32.0,36.5,73.1,130.0,LOW,10.0
Fusarium Wilt,1,32.0,36.5,73.1,130.0,LOW,25.0
Early Blight,0,28.0,31.3,88.6,542.0,LOW,12.0
Late Blight,1,28.0,31.3,88.6,542.0,LOW,10.0
Fusarium Wilt,2,28.0,31.3,88.6,542.0,LOW,25.0
Early Blight,0,18.1,32.5,89.3,355.3,LOW,12.0
Late Blight,1,18.1,32.5,89.3,355.3,LOW,10.0
Fusarium Wilt,2,18.1,32.5,89.3,355.3,LOW,25.0
Early Blight,1,30.1,36.5,63.1,775.3,LOW,22.0
Late Blight,1,30.1,36.5,63.1,775.3,LOW,10.0
Fusarium Wilt,2,30.1,36.5,63.1,775.3,MEDIUM,40.0
Early Blight,1,20.1,36.9,28.2,291.7,LOW,22.0
Late Blight,1,20.1,36.9,28.2,291.7,LOW,10.0
Fusarium Wilt,1,20.1,36.9,28.2,291.7,LOW,25.0
Early Blight,1,31.9,47.3,76.6,552.9,LOW,22.0
Late Blight,2,31.9,47.3,76.6,552.9,LOW,10.0
Fusarium Wilt,1,31.9,47.3,76.6,552.9,LOW,25.0
Early Blight,1,33.5,71.4,44.3,105.5,LOW,35.0
Late Blight,1,33.5,71.4,44.3,105.5,LOW,20.0
Fusarium Wilt,1,33.5,71.4,44.3,105.5,MEDIUM,40.0
Early Blight,1,31.8,69.7,38.5,581.0,LOW,35.0
Late Blight,0,31.8,69.7,38.5,581.0,LOW,10.0
Fusarium Wilt,1,31.8,69.7,38.5,581.0,LOW,25.0
Early Blight,1,30.2,67.4,60.0,295.1,LOW,35.0
Late Blight,2,30.2,67.4,60.0,295.1,LOW,10.0
Fusarium Wilt,1,30.2,67.4,60.0,295.1,MEDIUM,40.0
Early Blight,1,19.1,56.1,86.8,508.0,LOW,35.0
Late Blight,1,19.1,56.1,86.8,508.0,LOW,20.0
Fusarium Wilt,1,19.1,56.1,86.8,508.0,LOW,25.0
Early Blight,0,18.6,83.6,79.8,662.0,LOW,25.0
Late Blight,2,18.6,83.6,79.8,662.0,MEDIUM,45.0
Fusarium Wilt,1,18.6,83.6,79.8,662.0,LOW,25.0
Early Blight,1,23.5,46.9,77.9,867.8,LOW,22.0
Late Blight,0,23.5,46.9,77.9,867.8,LOW,10.0
Fusarium Wilt,0,23.5,46.9,77.9,867.8,LOW,25.0
Early Blight,0,24.1,78.9,63.4,471.9,MEDIUM,42.0
Late Blight,0,24.1,78.9,63.4,471.9,LOW,25.0
Fusarium Wilt,1,24.1,78.9,63.4,471.9,LOW,25.0
Early Blight,1,35.3,69.2,81.1,922.7,LOW,35.0
Late Blight,1,35.3,69.2,81.1,922.7,LOW,10.0
Fusarium Wilt,1,35.3,69.2,81.1,922.7,LOW,25.0
Early Blight,1,36.2,40.2,18.3,622.3,LOW,22.0
Late Blight,1,36.2,40.2,18.3,622.3,LOW,10.0
Fusarium Wilt,0,36.2,40.2,18.3,622.3,LOW,15.0
Early Blight,0,32.1,67.2,28.0,398.6,LOW,25.0
Late Blight,1,32.1,67.2,28.0,398.6,LOW,10.0
Fusarium Wilt,1,32.1,67.2,28.0,398.6,LOW,25.0
Early Blight,0,30.4,31.8,72.8,532.6,LOW,12.0
Late Blight,2,30.4,31.8,72.8,532.6,LOW,10.0
Fusarium Wilt,0,30.4,31.8,72.8,532.6,LOW,25.0
Early Blight,1,32.3,81.6,73.0,184.9,LOW,35.0
Late Blight,0,32.3,81.6,73.0,184.9,LOW,10.0
Fusarium Wilt,1,32.3,81.6,73.0,184.9,LOW,25.0
Early Blight,1,35.6,65.0,25.7,608.1,LOW,35.0
Late Blight,1,35.6,65.0,25.7,608.1,LOW,10.0
Fusarium Wilt,2,35.6,65.0,25.7,608.1,LOW,25.0
Early Blight,1,25.8,41.3,76.4,104.5,LOW,22.0
Late Blight,1,25.8,41.3,76.4,104.5,LOW,20.0
Fusarium Wilt,1,25.8,41.3,76.4,104.5,LOW,25.0
Early Blight,0,31.4,67.8,21.2,905.1,LOW,25.0
Late Blight,1,31.4,67.8,21.2,905.1,LOW,10.0
Fusarium Wilt,1,31.4,67.8,21.2,905.1,LOW,15.0
Early Blight,1,19.5,82.2,72.6,586.2,LOW,35.0
Late Blight,0,19.5,82.2,72.6,586.2,MEDIUM,45.0
Fusarium Wilt,0,19.5,82.2,72.6,586.2,LOW,25.0
Early Blight,1,29.6,56.4,66.2,478.9,LOW,35.0
Late Blight,1,29.6,56.4,66.2,478.9,LOW,20.0
Fusarium Wilt,2,29.6,56.4,66.2,478.9,MEDIUM,40.0
Early Blight,1,36.4,88.5,57.1,1089.2,LOW,35.0
Late Blight,1,36.4,88.5,57.1,1089.2,LOW,10.0
Fusarium Wilt,0,36.4,88.5,57.1,1089.2,MEDIUM,40.0
Early Blight,1,37.8,37.5,61.4,872.8,LOW,22.0
Late Blight,2,37.8,37.5,61.4,872.8,LOW,10.0
Fusarium Wilt,1,37.8,37.5,61.4,872.8,MEDIUM,40.0
Early Blight,1,30.5,58.0,81.1,346.6,LOW,35.0
Late Blight,1,30.5,58.0,81.1,346.6,LOW,20.0
Fusarium Wilt,1,30.5,58.0,81.1,346.6,LOW,25.0
Early Blight,0,23.0,82.6,12.2,541.5,LOW,25.0
Late Blight,1,23.0,82.6,12.2,541.5,MEDIUM,55.0
Fusarium Wilt,0,23.0,82.6,12.2,541.5,LOW,15.0
Early Blight,1,16.9,45.4,31.8,399.1,LOW,22.0
Late Blight,0,16.9,45.4,31.8,399.1,LOW,10.0
Fusarium Wilt,1,16.9,45.4,31.8,399.1,LOW,25.0
Early Blight,0,30.8,66.3,18.0,150.1,LOW,25.0
Late Blight,1,30.8,66.3,18.0,150.1,LOW,20.0
Fusarium Wilt,0,30.8,66.3,18.0,150.1,LOW,15.0
Early Blight,1,34.9,63.6,27.3,181.3,LOW,35.0
Late Blight,1,34.9,63.6,27.3,181.3,LOW,20.0
Fusarium Wilt,2,34.9,63.6,27.3,181.3,LOW,25.0
Early Blight,1,30.1,70.1,62.6,948.8,MEDIUM,52.0
Late Blight,1,30.1,70.1,62.6,948.8,LOW,10.0
Fusarium Wilt,1,30.1,70.1,62.6,948.8,MEDIUM,40.0
Early Blight,0,18.5,68.2,80.5,1038.5,LOW,25.0
Late Blight,1,18.5,68.2,80.5,1038.5,LOW,25.0
Fusarium Wilt,1,18.5,68.2,80.5,1038.5,LOW,25.0
Early Blight,0,35.2,71.0,29.7,258.8,LOW,25.0
Late Blight,1,35.2,71.0,29.7,258.8,LOW,20.0
Fusarium Wilt,0,35.2,71.0,29.7,258.8,LOW,25.0
Early Blight,1,22.0,47.8,22.5,165.9,LOW,22.0
Late Blight,2,22.0,47.8,22.5,165.9,LOW,10.0
Fusarium Wilt,1,22.0,47.8,22.5,165.9,LOW,15.0
Early Blight,0,17.2,86.9,84.3,209.7,LOW,25.0
Late Blight,2,17.2,86.9,84.3,209.7,MEDIUM,45.0
Fusarium Wilt,1,17.2,86.9,84.3,209.7,LOW,25.0
Early Blight,1,31.1,35.9,49.6,323.6,LOW,22.0
Late Blight,0,31.1,35.9,49.6,323.6,LOW,10.0
Fusarium Wilt,1,31.1,35.9,49.6,323.6,MEDIUM,40.0
Early Blight,1,15.4,39.2,82.5,835.9,LOW,22.0
Late Blight,0,15.4,39.2,82.5,835.9,LOW,10.0
Fusarium Wilt,1,15.4,39.2,82.5,835.9,LOW,25.0
Early Blight,1,17.1,39.0,52.7,1036.2,LOW,22.0
Late Blight,2,17.1,39.0,52.7,1036.2,LOW,10.0
Fusarium Wilt,0,17.1,39.0,52.7,1036.2,LOW,25.0
Early Blight,1,29.0,95.9,48.1,661.1,MEDIUM,52.0
Late Blight,2,29.0,95.9,48.1,661.1,LOW,10.0
Fusarium Wilt,1,29.0,95.9,48.1,661.1,MEDIUM,40.0
Early Blight,0,33.1,35.4,83.4,649.2,LOW,12.0
Late Blight,1,33.1,35.4,83.4,649.2,LOW,10.0
Fusarium Wilt,1,33.1,35.4,83.4,649.2,LOW,25.0
Early Blight,0,21.6,47.0,22.1,483.2,LOW,12.0
Late Blight,2,21.6,47.0,22.1,483.2,LOW,10.0
Fusarium Wilt,1,21.6,47.0,22.1,483.2,LOW,15.0
Early Blight,1,16.2,70.6,44.7,828.1,LOW,35.0
Late Blight,2,16.2,70.6,44.7,828.1,LOW,25.0
Fusarium Wilt,2,16.2,70.6,44.7,828.1,LOW,25.0
Early Blight,1,22.4,81.5,49.7,443.1,LOW,35.0
Late Blight,2,22.4,81.5,49.7,443.1,MEDIUM,45.0
Fusarium Wilt,1,22.4,81.5,49.7,443.1,LOW,25.0
Early Blight,1,36.5,61.7,53.4,875.3,LOW,35.0
Late Blight,0,36.5,61.7,53.4,875.3,LOW,10.0
Fusarium Wilt,1,36.5,61.7,53.4,875.3,MEDIUM,40.0
Early Blight,1,26.7,96.8,57.8,1179.3,MEDIUM,52.0
Late Blight,1,26.7,96.8,57.8,1179.3,LOW,25.0
Fusarium Wilt,1,26.7,96.8,57.8,1179.3,MEDIUM,40.0
Early Blight,1,25.4,93.9,83.4,329.0,MEDIUM,52.0
Late Blight,0,25.4,93.9,83.4,329.0,LOW,25.0
Fusarium Wilt,1,25.4,93.9,83.4,329.0,LOW,25.0
Early Blight,0,29.7,35.9,22.5,544.6,LOW,12.0
Late Blight,2,29.7,35.9,22.5,544.6,LOW,10.0
Fusarium Wilt,1,29.7,35.9,22.5,544.6,LOW,15.0
Early Blight,0,26.0,75.1,16.6,1044.9,MEDIUM,42.0
Late Blight,1,26.0,75.1,16.6,1044.9,LOW,25.0
Fusarium Wilt,1,26.0,75.1,16.6,1044.9,LOW,15.0
Early Blight,1,26.7,95.0,43.7,298.0,MEDIUM,52.0
Late Blight,1,26.7,95.0,43.7,298.0,LOW,35.0
Fusarium Wilt,0,26.7,95.0,43.7,298.0,MEDIUM,40.0
Early Blight,0,15.1,73.4,75.0,550.1,LOW,25.0
Late Blight,0,15.1,73.4,75.0,550.1,LOW,25.0
Fusarium Wilt,1,15.1,73.4,75.0,550.1,LOW,25.0
Early Blight,0,18.1,39.6,47.7,285.4,LOW,12.0
Late Blight,2,18.1,39.6,47.7,285.4,LOW,10.0
Fusarium Wilt,1,18.1,39.6,47.7,285.4,LOW,25.0
Early Blight,1,20.3,67.6,24.5,711.7,LOW,35.0
Late Blight,1,20.3,67.6,24.5,711.7,LOW,35.0
Fusarium Wilt,0,20.3,67.6,24.5,711.7,LOW,15.0
Early Blight,1,23.2,71.2,57.6,135.1,LOW,35.0
Late Blight,1,23.2,71.2,57.6,135.1,LOW,25.0
Fusarium Wilt,1,23.2,71.2,57.6,135.1,LOW,25.0
Early Blight,0,17.7,55.4,72.5,875.0,LOW,25.0
Late Blight,2,17.7,55.4,72.5,875.0,LOW,10.0
Fusarium Wilt,0,17.7,55.4,72.5,875.0,LOW,25.0
Early Blight,1,19.5,95.8,85.5,1120.4,LOW,35.0
Late Blight,0,19.5,95.8,85.5,1120.4,MEDIUM,45.0
Fusarium Wilt,1,19.5,95.8,85.5,1120.4,LOW,25.0
Early Blight,1,36.4,49.7,61.2,1129.6,LOW,22.0
Late Blight,1,36.4,49.7,61.2,1129.6,LOW,10.0
Fusarium Wilt,1,36.4,49.7,61.2,1129.6,MEDIUM,40.0
Early Blight,1,20.5,38.7,53.2,1036.6,LOW,22.0
Late Blight,1,20.5,38.7,53.2,1036.6,LOW,10.0
Fusarium Wilt,0,20.5,38.7,53.2,1036.6,LOW,25.0
Early Blight,1,22.6,50.5,59.1,1058.7,LOW,35.0
Late Blight,0,22.6,50.5,59.1,1058.7,LOW,10.0
Fusarium Wilt,1,22.6,50.5,59.1,1058.7,LOW,25.0
Early Blight,0,21.6,67.8,74.0,416.6,LOW,25.0
Late Blight,2,21.6,67.8,74.0,416.6,LOW,25.0
Fusarium Wilt,1,21.6,67.8,74.0,416.6,LOW,25.0
Early Blight,1,27.8,71.5,11.8,344.2,MEDIUM,52.0
Late Blight,0,27.8,71.5,11.8,344.2,LOW,25.0
Fusarium Wilt,1,27.8,71.5,11.8,344.2,LOW,15.0
Early Blight,1,37.9,61.6,56.8,226.9,LOW,35.0
Late Blight,1,37.9,61.6,56.8,226.9,LOW,10.0
Fusarium Wilt,0,37.9,61.6,56.8,226.9,MEDIUM,40.0
Early Blight,0,20.8,92.4,29.2,892.5,LOW,25.0
Late Blight,1,20.8,92.4,29.2,892.5,MEDIUM,45.0
Fusarium Wilt,0,20.8,92.4,29.2,892.5,LOW,25.0
Early Blight,0,36.0,83.3,57.4,436.7,LOW,25.0
Late Blight,1,36.0,83.3,57.4,436.7,LOW,20.0
Fusarium Wilt,0,36.0,83.3,57.4,436.7,MEDIUM,40.0
Early Blight,0,34.2,71.0,44.4,801.4,LOW,25.0
Late Blight,2,34.2,71.0,44.4,801.4,LOW,10.0
Fusarium Wilt,0,34.2,71.0,44.4,801.4,MEDIUM,40.0
Early Blight,1,15.3,34.5,13.9,464.7,LOW,22.0
Late Blight,1,15.3,34.5,13.9,464.7,LOW,10.0
Fusarium Wilt,1,15.3,34.5,13.9,464.7,LOW,15.0
Early Blight,1,16.9,51.6,45.5,202.6,LOW,35.0
Late Blight,1,16.9,51.6,45.5,202.6,LOW,20.0
Fusarium Wilt,0,16.9,51.6,45.5,202.6,LOW,25.0
Early Blight,1,18.2,45.0,11.6,408.4,LOW,22.0
Late Blight,1,18.2,45.0,11.6,408.4,LOW,10.0
Fusarium Wilt,0,18.2,45.0,11.6,408.4,LOW,15.0
Early Blight,0,21.8,50.5,71.9,648.8,LOW,25.0
Late Blight,1,21.8,50.5,71.9,648.8,LOW,10.0
Fusarium Wilt,2,21.8,50.5,71.9,648.8,LOW,25.0
Early Blight,1,19.2,80.6,82.1,291.5,LOW,35.0
Late Blight,2,19.2,80.6,82.1,291.5,MEDIUM,45.0
Fusarium Wilt,1,19.2,80.6,82.1,291.5,LOW,25.0
Early Blight,1,22.1,79.0,37.4,1136.5,LOW,35.0
Late Blight,1,22.1,79.0,37.4,1136.5,LOW,25.0
Fusarium Wilt,2,22.1,79.0,37.4,1136.5,LOW,25.0
Early Blight,0,37.0,93.1,40.7,1017.5,LOW,25.0
Late Blight,2,37.0,93.1,40.7,1017.5,LOW,10.0
Fusarium Wilt,2,37.0,93.1,40.7,1017.5,MEDIUM,40.0
Early Blight,0,20.5,81.9,27.7,258.8,LOW,25.0
Late Blight,1,20.5,81.9,27.7,258.8,MEDIUM,55.0
Fusarium Wilt,2,20.5,81.9,27.7,258.8,LOW,25.0
Early Blight,1,16.9,73.5,83.7,253.2,LOW,35.0
Late Blight,2,16.9,73.5,83.7,253.2,LOW,25.0
Fusarium Wilt,0,16.9,73.5,83.7,253.2,LOW,25.0
Early Blight,1,24.0,91.5,65.2,760.1,MEDIUM,52.0
Late Blight,2,24.0,91.5,65.2,760.1,MEDIUM,45.0
Fusarium Wilt,2,24.0,91.5,65.2,760.1,LOW,25.0
Early Blight,0,18.0,50.5,42.6,695.7,LOW,25.0
Late Blight,1,18.0,50.5,42.6,695.7,LOW,20.0
Fusarium Wilt,2,18.0,50.5,42.6,695.7,LOW,25.0
Early Blight,1,24.3,71.1,48.0,1189.6,MEDIUM,52.0
Late Blight,2,24.3,71.1,48.0,1189.6,LOW,25.0
Fusarium Wilt,2,24.3,71.1,48.0,1189.6,LOW,25.0
Early Blight,1,20.0,87.1,56.9,650.1,LOW,35.0
Late Blight,0,20.0,87.1,56.9,650.1,MEDIUM,45.0
Fusarium Wilt,2,20.0,87.1,56.9,650.1,LOW,25.0
Early Blight,0,24.6,75.7,13.9,734.1,MEDIUM,42.0
Late Blight,1,24.6,75.7,13.9,734.1,LOW,25.0
Fusarium Wilt,2,24.6,75.7,13.9,734.1,LOW,15.0
Early Blight,0,28.9,30.1,61.7,302.2,LOW,12.0
Late Blight,2,28.9,30.1,61.7,302.2,LOW,10.0
Fusarium Wilt,1,28.9,30.1,61.7,302.2,MEDIUM,40.0
Early Blight,0,23.7,78.8,32.5,641.5,LOW,25.0
Late Blight,1,23.7,78.8,32.5,641.5,LOW,25.0
Fusarium Wilt,1,23.7,78.8,32.5,641.5,LOW,25.0
Early Blight,1,28.3,72.3,81.9,349.6,MEDIUM,52.0
Late Blight,0,28.3,72.3,81.9,349.6,LOW,10.0
Fusarium Wilt,1,28.3,72.3,81.9,349.6,LOW,25.0
Early Blight,0,20.4,95.4,62.1,615.6,LOW,25.0
Late Blight,1,20.4,95.4,62.1,615.6,MEDIUM,55.0
Fusarium Wilt,2,20.4,95.4,62.1,615.6,LOW,25.0
Early Blight,1,31.9,87.0,45.5,960.6,MEDIUM,52.0
Late Blight,1,31.9,87.0,45.5,960.6,LOW,10.0
Fusarium Wilt,1,31.9,87.0,45.5,960.6,MEDIUM,40.0
Early Blight,1,36.0,92.6,63.6,1171.4,LOW,35.0
Late Blight,2,36.0,92.6,63.6,1171.4,LOW,10.0
Fusarium Wilt,2,36.0,92.6,63.6,1171.4,MEDIUM,40.0
Early Blight,0,25.8,91.0,43.4,237.5,MEDIUM,42.0
Late Blight,2,25.8,91.0,43.4,237.5,LOW,25.0
Fusarium Wilt,1,25.8,91.0,43.4,237.5,MEDIUM,40.0
Early Blight,1,27.6,57.7,15.9,893.5,LOW,35.0
Late Blight,2,27.6,57.7,15.9,893.5,LOW,10.0
Fusarium Wilt,2,27.6,57.7,15.9,893.5,LOW,15.0
Early Blight,1,27.6,93.1,11.9,792.1,MEDIUM,52.0
Late Blight,2,27.6,93.1,11.9,792.1,LOW,25.0
Fusarium Wilt,2,27.6,93.1,11.9,792.1,LOW,15.0
Early Blight,1,26.2,66.7,56.9,178.8,LOW,35.0
Late Blight,0,26.2,66.7,56.9,178.8,LOW,25.0
Fusarium Wilt,1,26.2,66.7,56.9,178.8,MEDIUM,40.0
Early Blight,1,24.5,92.0,16.7,414.7,MEDIUM,52.0
Late Blight,2,24.5,92.0,16.7,414.7,LOW,25.0
Fusarium Wilt,1,24.5,92.0,16.7,414.7,LOW,15.0
Early Blight,0,25.4,52.9,82.7,726.8,LOW,25.0
Late Blight,1,25.4,52.9,82.7,726.8,LOW,20.0
Fusarium Wilt,1,25.4,52.9,82.7,726.8,LOW,25.0
Early Blight,0,19.8,47.7,37.6,824.6,LOW,12.0
Late Blight,1,19.8,47.7,37.6,824.6,LOW,10.0
Fusarium Wilt,2,19.8,47.7,37.6,824.6,LOW,25.0
Early Blight,1,37.2,78.5,18.3,825.0,LOW,35.0
Late Blight,1,37.2,78.5,18.3,825.0,LOW,20.0
Fusarium Wilt,0,37.2,78.5,18.3,825.0,LOW,15.0
Early Blight,1,22.8,44.3,51.9,145.4,LOW,22.0
Late Blight,1,22.8,44.3,51.9,145.4,LOW,10.0
Fusarium Wilt,0,22.8,44.3,51.9,145.4,LOW,25.0
Early Blight,0,18.8,59.1,33.4,574.2,LOW,25.0
Late Blight,0,18.8,59.1,33.4,574.2,LOW,10.0
Fusarium Wilt,1,18.8,59.1,33.4,574.2,LOW,25.0
Early Blight,0,26.2,97.6,35.3,480.0,MEDIUM,42.0
Late Blight,1,26.2,97.6,35.3,480.0,LOW,35.0
Fusarium Wilt,0,26.2,97.6,35.3,480.0,LOW,25.0
Early Blight,1,22.2,81.1,59.1,1175.2,LOW,35.0
Late Blight,2,22.2,81.1,59.1,1175.2,MEDIUM,45.0
Fusarium Wilt,2,22.2,81.1,59.1,1175.2,LOW,25.0
Early Blight,1,33.7,69.3,66.7,1013.5,LOW,35.0
Late Blight,2,33.7,69.3,66.7,1013.5,LOW,10.0
Fusarium Wilt,2,33.7,69.3,66.7,1013.5,MEDIUM,40.0
Early Blight,1,18.0,68.6,36.2,687.2,LOW,35.0
Late Blight,1,18.0,68.6,36.2,687.2,LOW,25.0
Fusarium Wilt,2,18.0,68.6,36.2,687.2,LOW,25.0
Early Blight,0,17.9,60.4,43.4,641.4,LOW,25.0
Late Blight,2,17.9,60.4,43.4,641.4,LOW,25.0
Fusarium Wilt,2,17.9,60.4,43.4,641.4,LOW,25.0
Early Blight,1,32.9,47.5,80.2,1053.1,LOW,22.0
Late Blight,1,32.9,47.5,80.2,1053.1,LOW,20.0
Fusarium Wilt,0,32.9,47.5,80.2,1053.1,LOW,25.0
Early Blight,1,35.7,42.7,73.0,422.0,LOW,22.0
Late Blight,0,35.7,42.7,73.0,422.0,LOW,10.0
Fusarium Wilt,0,35.7,42.7,73.0,422.0,LOW,25.0
Early Blight,0,31.8,30.4,82.9,1169.7,LOW,12.0
Late Blight,1,31.8,30.4,82.9,1169.7,LOW,10.0
Fusarium Wilt,1,31.8,30.4,82.9,1169.7,LOW,25.0
Early Blight,0,21.7,74.6,46.7,324.0,LOW,25.0
Late Blight,1,21.7,74.6,46.7,324.0,LOW,35.0
Fusarium Wilt,1,21.7,74.6,46.7,324.0,LOW,25.0
Early Blight,1,36.8,97.0,21.5,367.3,LOW,35.0
Late Blight,1,36.8,97.0,21.5,367.3,LOW,20.0
Fusarium Wilt,1,36.8,97.0,21.5,367.3,LOW,15.0
Early Blight,1,31.2,51.5,67.4,534.2,LOW,35.0
Late Blight,1,31.2,51.5,67.4,534.2,LOW,20.0
Fusarium Wilt,1,31.2,51.5,67.4,534.2,MEDIUM,40.0
Early Blight,1,30.4,87.7,72.7,988.8,MEDIUM,52.0
Late Blight,2,30.4,87.7,72.7,988.8,LOW,10.0
Fusarium Wilt,1,30.4,87.7,72.7,988.8,LOW,25.0
Early Blight,0,18.5,85.9,77.3,1080.5,LOW,25.0
Late Blight,0,18.5,85.9,77.3,1080.5,MEDIUM,45.0
Fusarium Wilt,2,18.5,85.9,77.3,1080.5,LOW,25.0
Early Blight,0,20.8,95.6,53.5,325.1,LOW,25.0
Late Blight,2,20.8,95.6,53.5,325.1,MEDIUM,45.0
Fusarium Wilt,1,20.8,95.6,53.5,325.1,LOW,25.0
Early Blight,1,33.2,41.3,88.2,694.3,LOW,22.0
Late Blight,0,33.2,41.3,88.2,694.3,LOW,10.0
Fusarium Wilt,1,33.2,41.3,88.2,694.3,LOW,25.0
Early Blight,0,34.6,73.5,30.3,1109.1,LOW,25.0
Late Blight,0,34.6,73.5,30.3,1109.1,LOW,10.0
Fusarium Wilt,1,34.6,73.5,30.3,1109.1,LOW,25.0
Early Blight,0,36.1,49.0,67.2,157.2,LOW,12.0
Late Blight,1,36.1,49.0,67.2,157.2,LOW,10.0
Fusarium Wilt,1,36.1,49.0,67.2,157.2,MEDIUM,40.0
Early Blight,0,28.0,44.6,14.0,818.4,LOW,12.0
Late Blight,2,28.0,44.6,14.0,818.4,LOW,10.0
Fusarium Wilt,2,28.0,44.6,14.0,818.4,LOW,15.0
Early Blight,0,25.9,83.5,52.4,860.0,MEDIUM,42.0
Late Blight,1,25.9,83.5,52.4,860.0,LOW,25.0
Fusarium Wilt,1,25.9,83.5,52.4,860.0,MEDIUM,40.0
Early Blight,1,26.7,73.4,68.3,139.3,MEDIUM,52.0
Late Blight,2,26.7,73.4,68.3,139.3,LOW,25.0
Fusarium Wilt,2,26.7,73.4,68.3,139.3,MEDIUM,40.0
Early Blight,0,24.3,90.8,37.2,855.8,MEDIUM,42.0
Late Blight,1,24.3,90.8,37.2,855.8,LOW,25.0
Fusarium Wilt,1,24.3,90.8,37.2,855.8,LOW,25.0
Early Blight,1,20.0,51.1,35.6,656.3,LOW,35.0
Late Blight,1,20.0,51.1,35.6,656.3,LOW,20.0
Fusarium Wilt,0,20.0,51.1,35.6,656.3,LOW,25.0
Early Blight,1,22.3,49.2,18.8,1024.9,LOW,22.0
Late Blight,2,22.3,49.2,18.8,1024.9,LOW,10.0
Fusarium Wilt,1,22.3,49.2,18.8,1024.9,LOW,15.0
Early Blight,0,35.4,83.7,62.6,545.3,LOW,25.0
Late Blight,0,35.4,83.7,62.6,545.3,LOW,10.0
Fusarium Wilt,1,35.4,83.7,62.6,545.3,MEDIUM,40.0
Early Blight,0,25.0,37.3,51.3,528.2,LOW,12.0
Late Blight,1,25.0,37.3,51.3,528.2,LOW,20.0
Fusarium Wilt,1,25.0,37.3,51.3,528.2,MEDIUM,40.0
Early Blight,0,34.0,56.2,38.5,909.4,LOW,25.0
Late Blight,1,34.0,56.2,38.5,909.4,LOW,20.0
Fusarium Wilt,1,34.0,56.2,38.5,909.4,LOW,25.0
Early Blight,1,31.5,88.8,36.6,1176.9,MEDIUM,52.0
Late Blight,2,31.5,88.8,36.6,1176.9,LOW,10.0
Fusarium Wilt,0,31.5,88.8,36.6,1176.9,LOW,25.0
Early Blight,1,24.7,59.9,22.0,506.6,LOW,35.0
Late Blight,2,24.7,59.9,22.0,506.6,LOW,10.0
Fusarium Wilt,0,24.7,59.9,22.0,506.6,LOW,15.0
Early Blight,1,26.7,49.2,41.0,825.4,LOW,22.0
Late Blight,0,26.7,49.2,41.0,825.4,LOW,10.0
Fusarium Wilt,2,26.7,49.2,41.0,825.4,MEDIUM,40.0
Early Blight,0,30.7,66.7,31.4,567.9,LOW,25.0
Late Blight,1,30.7,66.7,31.4,567.9,LOW,20.0
Fusarium Wilt,0,30.7,66.7,31.4,567.9,LOW,25.0
Early Blight,0,15.1,83.6,37.3,273.3,LOW,25.0
Late Blight,1,15.1,83.6,37.3,273.3,MEDIUM,45.0
Fusarium Wilt,1,15.1,83.6,37.3,273.3,LOW,25.0
Early Blight,0,29.9,47.3,15.6,508.1,LOW,12.0
Late Blight,2,29.9,47.3,15.6,508.1,LOW,10.0
Fusarium Wilt,1,29.9,47.3,15.6,508.1,LOW,15.0
Early Blight,1,21.9,37.2,29.1,984.2,LOW,22.0
Late Blight,1,21.9,37.2,29.1,984.2,LOW,10.0
Fusarium Wilt,0,21.9,37.2,29.1,984.2,LOW,25.0
Early Blight,0,25.9,90.2,77.4,802.8,MEDIUM,42.0
Late Blight,1,25.9,90.2,77.4,802.8,LOW,25.0
Fusarium Wilt,0,25.9,90.2,77.4,802.8,LOW,25.0
Early Blight,1,33.2,61.9,83.6,1145.1,LOW,35.0
Late Blight,0,33.2,61.9,83.6,1145.1,LOW,10.0
Fusarium Wilt,2,33.2,61.9,83.6,1145.1,LOW,25.0
Early Blight,0,31.8,74.4,83.7,318.3,MEDIUM,42.0
Late Blight,2,31.8,74.4,83.7,318.3,LOW,10.0
Fusarium Wilt,2,31.8,74.4,83.7,318.3,LOW,25.0
Early Blight,0,34.0,78.7,32.3,312.8,LOW,25.0
Late Blight,1,34.0,78.7,32.3,312.8,LOW,10.0
Fusarium Wilt,1,34.0,78.7,32.3,312.8,LOW,25.0
Early Blight,1,30.1,87.7,65.3,591.7,MEDIUM,52.0
Late Blight,0,30.1,87.7,65.3,591.7,LOW,10.0
Fusarium Wilt,0,30.1,87.7,65.3,591.7,MEDIUM,40.0
Early Blight,1,36.5,76.1,56.6,622.2,LOW,35.0
Late Blight,1,36.5,76.1,56.6,622.2,LOW,20.0
Fusarium Wilt,1,36.5,76.1,56.6,622.2,MEDIUM,40.0
Early Blight,1,25.5,50.1,58.6,895.8,LOW,35.0
Late Blight,1,25.5,50.1,58.6,895.8,LOW,20.0
Fusarium Wilt,1,25.5,50.1,58.6,895.8,MEDIUM,40.0
Early Blight,1,29.1,54.9,22.9,1006.5,LOW,35.0
Late Blight,1,29.1,54.9,22.9,1006.5,LOW,10.0
Fusarium Wilt,1,29.1,54.9,22.9,1006.5,LOW,15.0
Early Blight,0,32.9,72.4,86.6,300.5,LOW,25.0
Late Blight,0,32.9,72.4,86.6,300.5,LOW,10.0
Fusarium Wilt,1,32.9,72.4,86.6,300.5,LOW,25.0
Early Blight,1,15.3,31.4,65.5,626.1,LOW,22.0
Late Blight,2,15.3,31.4,65.5,626.1,LOW,10.0
Fusarium Wilt,1,15.3,31.4,65.5,626.1,LOW,25.0
Early Blight,1,17.6,91.7,36.3,919.7,LOW,35.0
Late Blight,1,17.6,91.7,36.3,919.7,MEDIUM,45.0
Fusarium Wilt,1,17.6,91.7,36.3,919.7,LOW,25.0
Early Blight,0,15.7,32.2,42.1,716.6,LOW,12.0
Late Blight,0,15.7,32.2,42.1,716.6,LOW,10.0
Fusarium Wilt,0,15.7,32.2,42.1,716.6,LOW,25.0
Early Blight,0,34.9,92.5,26.3,450.5,LOW,25.0
Late Blight,1,34.9,92.5,26.3,450.5,LOW,20.0
Fusarium Wilt,0,34.9,92.5,26.3,450.5,LOW,25.0
Early Blight,1,17.5,68.8,47.8,200.4,LOW,35.0
Late Blight,1,17.5,68.8,47.8,200.4,LOW,25.0
Fusarium Wilt,1,17.5,68.8,47.8,200.4,LOW,25.0
Early Blight,1,29.6,88.0,64.3,364.1,MEDIUM,52.0
Late Blight,1,29.6,88.0,64.3,364.1,LOW,20.0
Fusarium Wilt,1,29.6,88.0,64.3,364.1,MEDIUM,40.0
Early Blight,0,18.2,74.7,43.9,260.9,LOW,25.0
Late Blight,1,18.2,74.7,43.9,260.9,LOW,25.0
Fusarium Wilt,1,18.2,74.7,43.9,260.9,LOW,25.0
Early Blight,1,35.7,97.2,49.8,241.4,LOW,35.0
Late Blight,0,35.7,97.2,49.8,241.4,LOW,10.0
Fusarium Wilt,0,35.7,97.2,49.8,241.4,MEDIUM,40.0
Early Blight,0,15.5,56.6,14.0,434.6,LOW,25.0
Late Blight,1,15.5,56.6,14.0,434.6,LOW,20.0
Fusarium Wilt,0,15.5,56.6,14.0,434.6,LOW,15.0
Early Blight,1,22.8,44.2,21.5,1065.2,LOW,22.0
Late Blight,0,22.8,44.2,21.5,1065.2,LOW,10.0
Fusarium Wilt,0,22.8,44.2,21.5,1065.2,LOW,15.0
Early Blight,0,19.6,45.9,81.9,1029.5,LOW,12.0
Late Blight,1,19.6,45.9,81.9,1029.5,LOW,10.0
Fusarium Wilt,1,19.6,45.9,81.9,1029.5,LOW,25.0
Early Blight,1,15.3,91.7,14.5,141.5,LOW,35.0
Late Blight,0,15.3,91.7,14.5,141.5,MEDIUM,45.0
Fusarium Wilt,2,15.3,91.7,14.5,141.5,LOW,15.0
Early Blight,0,17.6,30.2,85.2,1039.0,LOW,12.0
Late Blight,1,17.6,30.2,85.2,1039.0,LOW,10.0
Fusarium Wilt,1,17.6,30.2,85.2,1039.0,LOW,25.0
Early Blight,0,31.1,49.0,36.8,1068.9,LOW,12.0
Late Blight,1,31.1,49.0,36.8,1068.9,LOW,10.0
Fusarium Wilt,1,31.1,49.0,36.8,1068.9,LOW,25.0
Early Blight,1,36.2,78.0,60.7,558.9,LOW,35.0
Late Blight,1,36.2,78.0,60.7,558.9,LOW,20.0
Fusarium Wilt,0,36.2,78.0,60.7,558.9,MEDIUM,40.0
Early Blight,0,26.8,85.1,21.2,250.8,MEDIUM,42.0
Late Blight,1,26.8,85.1,21.2,250.8,LOW,35.0
Fusarium Wilt,0,26.8,85.1,21.2,250.8,LOW,15.0
Early Blight,1,22.0,61.2,65.8,382.1,LOW,35.0
Late Blight,2,22.0,61.2,65.8,382.1,LOW,25.0
Fusarium Wilt,1,22.0,61.2,65.8,382.1,LOW,25.0
Early Blight,0,34.0,97.9,12.9,483.7,LOW,25.0
Late Blight,1,34.0,97.9,12.9,483.7,LOW,10.0
Fusarium Wilt,1,34.0,97.9,12.9,483.7,LOW,15.0
Early Blight,1,25.0,93.2,58.4,780.6,MEDIUM,52.0
Late Blight,1,25.0,93.2,58.4,780.6,LOW,25.0
Fusarium Wilt,0,25.0,93.2,58.4,780.6,MEDIUM,40.0
Early Blight,0,18.2,58.7,28.6,1198.6,LOW,25.0
Late Blight,2,18.2,58.7,28.6,1198.6,LOW,10.0
Fusarium Wilt,1,18.2,58.7,28.6,1198.6,LOW,25.0
Early Blight,1,26.2,62.6,79.3,660.0,LOW,35.0
Late Blight,1,26.2,62.6,79.3,660.0,LOW,35.0
Fusarium Wilt,0,26.2,62.6,79.3,660.0,LOW,25.0
Early Blight,0,20.0,93.0,44.6,678.6,LOW,25.0
Late Blight,2,20.0,93.0,44.6,678.6,MEDIUM,45.0
Fusarium Wilt,0,20.0,93.0,44.6,678.6,LOW,25.0
Early Blight,1,33.0,41.0,83.9,289.1,LOW,22.0
Late Blight,2,33.0,41.0,83.9,289.1,LOW,10.0
Fusarium Wilt,0,33.0,41.0,83.9,289.1,LOW,25.0
Early Blight,1,15.3,77.5,25.6,807.9,LOW,35.0
Late Blight,1,15.3,77.5,25.6,807.9,LOW,25.0
Fusarium Wilt,1,15.3,77.5,25.6,807.9,LOW,25.0
Early Blight,1,29.7,76.0,67.1,1164.2,MEDIUM,52.0
Late Blight,1,29.7,76.0,67.1,1164.2,LOW,10.0
Fusarium Wilt,0,29.7,76.0,67.1,1164.2,MEDIUM,40.0
Early Blight,1,17.4,52.0,59.8,628.3,LOW,35.0
Late Blight,1,17.4,52.0,59.8,628.3,LOW,10.0
Fusarium Wilt,2,17.4,52.0,59.8,628.3,LOW,25.0
Early Blight,0,27.6,42.8,54.6,1155.6,LOW,12.0
Late Blight,1,27.6,42.8,54.6,1155.6,LOW,10.0
Fusarium Wilt,0,27.6,42.8,54.6,1155.6,MEDIUM,40.0
Early Blight,1,21.7,82.6,18.7,1141.9,LOW,35.0
Late Blight,1,21.7,82.6,18.7,1141.9,MEDIUM,45.0
Fusarium Wilt,0,21.7,82.6,18.7,1141.9,LOW,15.0
Early Blight,1,18.2,95.1,79.0,1054.1,LOW,35.0
Late Blight,1,18.2,95.1,79.0,1054.1,MEDIUM,45.0
Fusarium Wilt,2,18.2,95.1,79.0,1054.1,LOW,25.0
Early Blight,1,37.5,65.7,13.2,1060.3,LOW,35.0
Late Blight,1,37.5,65.7,13.2,1060.3,LOW,10.0
Fusarium Wilt,2,37.5,65.7,13.2,1060.3,LOW,15.0
Early Blight,0,31.2,42.3,85.8,717.3,LOW,12.0
Late Blight,2,31.2,42.3,85.8,717.3,LOW,10.0
Fusarium Wilt,2,31.2,42.3,85.8,717.3,LOW,25.0
Early Blight,0,15.4,39.6,25.7,235.8,LOW,12.0
Late Blight,1,15.4,39.6,25.7,235.8,LOW,10.0
Fusarium Wilt,1,15.4,39.6,25.7,235.8,LOW,25.0
Early Blight,0,34.2,32.5,32.0,728.8,LOW,12.0
Late Blight,1,34.2,32.5,32.0,728.8,LOW,10.0
Fusarium Wilt,1,34.2,32.5,32.0,728.8,LOW,25.0
Early Blight,1,18.7,87.9,42.6,331.9,LOW,35.0
Late Blight,1,18.7,87.9,42.6,331.9,MEDIUM,55.0
Fusarium Wilt,1,18.7,87.9,42.6,331.9,LOW,25.0
Early Blight,1,36.9,73.4,11.6,249.7,LOW,35.0
Late Blight,2,36.9,73.4,11.6,249.7,LOW,10.0
Fusarium Wilt,1,36.9,73.4,11.6,249.7,LOW,15.0
Early Blight,0,31.1,69.0,39.1,616.5,LOW,25.0
Late Blight,0,31.1,69.0,39.1,616.5,LOW,10.0
Fusarium Wilt,1,31.1,69.0,39.1,616.5,LOW,25.0
Early Blight,1,35.3,76.9,74.5,938.9,LOW,35.0
Late Blight,0,35.3,76.9,74.5,938.9,LOW,10.0
Fusarium Wilt,2,35.3,76.9,74.5,938.9,LOW,25.0
Early Blight,0,32.9,63.7,14.0,518.5,LOW,25.0
Late Blight,1,32.9,63.7,14.0,518.5,LOW,20.0
Fusarium Wilt,1,32.9,63.7,14.0,518.5,LOW,15.0
Early Blight,1,20.0,52.5,15.2,518.9,LOW,35.0
Late Blight,0,20.0,52.5,15.2,518.9,LOW,10.0
Fusarium Wilt,1,20.0,52.5,15.2,518.9,LOW,15.0
Early Blight,1,35.1,43.5,69.8,394.4,LOW,22.0
Late Blight,1,35.1,43.5,69.8,394.4,LOW,10.0
Fusarium Wilt,1,35.1,43.5,69.8,394.4,MEDIUM,40.0
Early Blight,1,23.1,67.2,44.3,276.0,LOW,35.0
Late Blight,2,23.1,67.2,44.3,276.0,LOW,25.0
Fusarium Wilt,2,23.1,67.2,44.3,276.0,LOW,25.0
Early Blight,1,22.2,40.5,78.9,992.5,LOW,22.0
Late Blight,1,22.2,40.5,78.9,992.5,LOW,20.0
Fusarium Wilt,0,22.2,40.5,78.9,992.5,LOW,25.0
Early Blight,0,20.6,82.6,62.0,948.6,LOW,25.0
Late Blight,1,20.6,82.6,62.0,948.6,MEDIUM,45.0
Fusarium Wilt,2,20.6,82.6,62.0,948.6,LOW,25.0
Early Blight,0,37.4,59.3,57.8,470.9,LOW,25.0
Late Blight,1,37.4,59.3,57.8,470.9,LOW,10.0
Fusarium Wilt,1,37.4,59.3,57.8,470.9,MEDIUM,40.0
Early Blight,1,16.4,97.6,12.6,292.4,LOW,35.0
Late Blight,1,16.4,97.6,12.6,292.4,MEDIUM,45.0
Fusarium Wilt,2,16.4,97.6,12.6,292.4,LOW,15.0
Early Blight,0,21.4,92.4,70.7,934.3,LOW,25.0
Late Blight,1,21.4,92.4,70.7,934.3,MEDIUM,55.0
Fusarium Wilt,1,21.4,92.4,70.7,934.3,LOW,25.0
Early Blight,0,18.3,96.1,35.2,798.4,LOW,25.0
Late Blight,0,18.3,96.1,35.2,798.4,MEDIUM,45.0
Fusarium Wilt,1,18.3,96.1,35.2,798.4,LOW,25.0
Early Blight,1,15.7,58.7,36.8,1192.1,LOW,35.0
Late Blight,2,15.7,58.7,36.8,1192.1,LOW,10.0
Fusarium Wilt,1,15.7,58.7,36.8,1192.1,LOW,25.0
Early Blight,1,37.8,31.6,24.8,718.6,LOW,22.0
Late Blight,1,37.8,31.6,24.8,718.6,LOW,10.0
Fusarium Wilt,2,37.8,31.6,24.8,718.6,LOW,15.0
Early Blight,1,21.1,76.5,63.8,355.8,LOW,35.0
Late Blight,1,21.1,76.5,63.8,355.8,LOW,25.0
Fusarium Wilt,1,21.1,76.5,63.8,355.8,LOW,25.0
Early Blight,0,33.3,79.3,18.0,256.5,LOW,25.0
Late Blight,1,33.3,79.3,18.0,256.5,LOW,20.0
Fusarium Wilt,1,33.3,79.3,18.0,256.5,LOW,15.0
Early Blight,0,19.2,61.3,31.1,706.5,LOW,25.0
Late Blight,2,19.2,61.3,31.1,706.5,LOW,25.0
Fusarium Wilt,1,19.2,61.3,31.1,706.5,LOW,25.0
Early Blight,0,16.2,54.7,27.9,311.7,LOW,25.0
Late Blight,2,16.2,54.7,27.9,311.7,LOW,10.0
Fusarium Wilt,1,16.2,54.7,27.9,311.7,LOW,25.0
Early Blight,0,32.4,96.4,73.9,1006.2,LOW,25.0
Late Blight,1,32.4,96.4,73.9,1006.2,LOW,20.0
Fusarium Wilt,1,32.4,96.4,73.9,1006.2,LOW,25.0
Early Blight,1,36.2,53.4,38.6,931.4,LOW,35.0
Late Blight,2,36.2,53.4,38.6,931.4,LOW,10.0
Fusarium Wilt,1,36.2,53.4,38.6,931.4,LOW,25.0
Early Blight,1,19.3,87.5,43.3,319.8,LOW,35.0
Late Blight,1,19.3,87.5,43.3,319.8,MEDIUM,45.0
Fusarium Wilt,2,19.3,87.5,43.3,319.8,LOW,25.0
Early Blight,0,22.3,62.3,87.1,891.1,LOW,25.0
Late Blight,0,22.3,62.3,87.1,891.1,LOW,25.0
Fusarium Wilt,2,22.3,62.3,87.1,891.1,LOW,25.0
Early Blight,0,32.3,32.0,30.6,230.4,LOW,12.0
Late Blight,1,32.3,32.0,30.6,230.4,LOW,20.0
Fusarium Wilt,1,32.3,32.0,30.6,230.4,LOW,25.0
Early Blight,1,16.4,68.8,16.7,1015.5,LOW,35.0
Late Blight,1,16.4,68.8,16.7,1015.5,LOW,35.0
Fusarium Wilt,1,16.4,68.8,16.7,1015.5,LOW,15.0
Early Blight,1,16.7,80.6,85.3,441.8,LOW,35.0
Late Blight,1,16.7,80.6,85.3,441.8,MEDIUM,45.0
Fusarium Wilt,1,16.7,80.6,85.3,441.8,LOW,25.0
Early Blight,1,33.9,92.2,66.3,560.7,LOW,35.0
Late Blight,0,33.9,92.2,66.3,560.7,LOW,10.0
Fusarium Wilt,1,33.9,92.2,66.3,560.7,MEDIUM,40.0
Early Blight,0,33.0,86.3,52.5,711.7,LOW,25.0
Late Blight,2,33.0,86.3,52.5,711.7,LOW,10.0
Fusarium Wilt,0,33.0,86.3,52.5,711.7,MEDIUM,40.0
Early Blight,1,30.0,33.9,39.5,997.5,LOW,22.0
Late Blight,1,30.0,33.9,39.5,997.5,LOW,10.0
Fusarium Wilt,2,30.0,33.9,39.5,997.5,LOW,25.0
Early Blight,0,31.6,37.3,30.4,618.5,LOW,12.0
Late Blight,2,31.6,37.3,30.4,618.5,LOW,10.0
Fusarium Wilt,1,31.6,37.3,30.4,618.5,LOW,25.0
Early Blight,1,31.5,49.9,11.9,413.8,LOW,22.0
Late Blight,0,31.5,49.9,11.9,413.8,LOW,10.0
Fusarium Wilt,0,31.5,49.9,11.9,413.8,LOW,15.0
Early Blight,1,20.7,90.0,39.8,1106.9,LOW,35.0
Late Blight,1,20.7,90.0,39.8,1106.9,MEDIUM,45.0
Fusarium Wilt,1,20.7,90.0,39.8,1106.9,LOW,25.0
Early Blight,1,26.1,38.1,61.4,452.8,LOW,22.0
Late Blight,1,26.1,38.1,61.4,452.8,LOW,20.0
Fusarium Wilt,1,26.1,38.1,61.4,452.8,MEDIUM,40.0
Early Blight,0,17.9,91.4,86.8,989.8,LOW,25.0
Late Blight,2,17.9,91.4,86.8,989.8,MEDIUM,45.0
Fusarium Wilt,2,17.9,91.4,86.8,989.8,LOW,25.0
Early Blight,1,30.8,35.7,14.3,653.8,LOW,22.0
Late Blight,1,30.8,35.7,14.3,653.8,LOW,20.0
Fusarium Wilt,1,30.8,35.7,14.3,653.8,LOW,15.0
Early Blight,1,28.0,35.1,35.8,339.6,LOW,22.0
Late Blight,1,28.0,35.1,35.8,339.6,LOW,20.0
Fusarium Wilt,2,28.0,35.1,35.8,339.6,LOW,25.0
Early Blight,1,26.8,60.7,10.1,807.8,LOW,35.0
Late Blight,0,26.8,60.7,10.1,807.8,LOW,25.0
Fusarium Wilt,1,26.8,60.7,10.1,807.8,LOW,15.0
Early Blight,0,19.5,47.3,35.4,111.4,LOW,12.0
Late Blight,1,19.5,47.3,35.4,111.4,LOW,10.0
Fusarium Wilt,1,19.5,47.3,35.4,111.4,LOW,25.0
Early Blight,0,20.6,63.6,59.0,1075.8,LOW,25.0
Late Blight,2,20.6,63.6,59.0,1075.8,LOW,25.0
Fusarium Wilt,1,20.6,63.6,59.0,1075.8,LOW,25.0
Early Blight,0,26.6,60.8,41.7,361.5,LOW,25.0
Late Blight,1,26.6,60.8,41.7,361.5,LOW,25.0
Fusarium Wilt,1,26.6,60.8,41.7,361.5,MEDIUM,40.0
Early Blight,1,24.4,76.9,64.4,427.4,MEDIUM,52.0
Late Blight,1,24.4,76.9,64.4,427.4,LOW,35.0
Fusarium Wilt,0,24.4,76.9,64.4,427.4,LOW,25.0
Early Blight,1,17.2,35.1,29.5,704.4,LOW,22.0
Late Blight,2,17.2,35.1,29.5,704.4,LOW,10.0
Fusarium Wilt,1,17.2,35.1,29.5,704.4,LOW,25.0
Early Blight,1,20.6,55.5,18.0,441.6,LOW,35.0
Late Blight,1,20.6,55.5,18.0,441.6,LOW,10.0
Fusarium Wilt,1,20.6,55.5,18.0,441.6,LOW,15.0
Early Blight,0,20.4,32.1,54.0,316.7,LOW,12.0
Late Blight,0,20.4,32.1,54.0,316.7,LOW,10.0
Fusarium Wilt,0,20.4,32.1,54.0,316.7,LOW,25.0
Early Blight,0,29.7,45.1,77.3,361.3,LOW,12.0
Late Blight,1,29.7,45.1,77.3,361.3,LOW,20.0
Fusarium Wilt,1,29.7,45.1,77.3,361.3,LOW,25.0
Early Blight,0,20.6,55.9,11.0,924.0,LOW,25.0
Late Blight,2,20.6,55.9,11.0,924.0,LOW,10.0
Fusarium Wilt,2,20.6,55.9,11.0,924.0,LOW,15.0
Early Blight,0,15.5,38.8,30.6,889.0,LOW,12.0
Late Blight,0,15.5,38.8,30.6,889.0,LOW,10.0
Fusarium Wilt,2,15.5,38.8,30.6,889.0,LOW,25.0
Early Blight,0,21.2,54.8,73.5,973.9,LOW,25.0
Late Blight,1,21.2,54.8,73.5,973.9,LOW,20.0
Fusarium Wilt,2,21.2,54.8,73.5,973.9,LOW,25.0
Early Blight,0,27.2,35.5,18.8,959.2,LOW,12.0
Late Blight,0,27.2,35.5,18.8,959.2,LOW,10.0
Fusarium Wilt,2,27.2,35.5,18.8,959.2,LOW,15.0
Early Blight,1,23.4,71.2,21.3,535.0,LOW,35.0
Late Blight,0,23.4,71.2,21.3,535.0,LOW,25.0
Fusarium Wilt,2,23.4,71.2,21.3,535.0,LOW,15.0
Early Blight,0,20.4,60.3,64.7,228.0,LOW,25.0
Late Blight,1,20.4,60.3,64.7,228.0,LOW,35.0
Fusarium Wilt,2,20.4,60.3,64.7,228.0,LOW,25.0
Early Blight,0,28.4,57.3,20.8,541.9,LOW,25.0
Late Blight,1,28.4,57.3,20.8,541.9,LOW,20.0
Fusarium Wilt,2,28.4,57.3,20.8,541.9,LOW,15.0
Early Blight,0,23.4,44.1,17.9,698.9,LOW,12.0
Late Blight,2,23.4,44.1,17.9,698.9,LOW,10.0
Fusarium Wilt,1,23.4,44.1,17.9,698.9,LOW,15.0
Early Blight,1,18.2,76.7,84.2,937.6,LOW,35.0
Late Blight,2,18.2,76.7,84.2,937.6,LOW,25.0
Fusarium Wilt,2,18.2,76.7,84.2,937.6,LOW,25.0
Early Blight,1,23.8,63.6,26.4,340.3,LOW,35.0
Late Blight,1,23.8,63.6,26.4,340.3,LOW,35.0
Fusarium Wilt,1,23.8,63.6,26.4,340.3,LOW,25.0
Early Blight,1,30.7,41.8,63.7,512.1,LOW,22.0
Late Blight,1,30.7,41.8,63.7,512.1,LOW,10.0
Fusarium Wilt,0,30.7,41.8,63.7,512.1,MEDIUM,40.0
Early Blight,1,19.8,92.8,31.0,129.9,LOW,35.0
Late Blight,1,19.8,92.8,31.0,129.9,MEDIUM,45.0
Fusarium Wilt,0,19.8,92.8,31.0,129.9,LOW,25.0
Early Blight,0,35.8,93.0,27.3,706.3,LOW,25.0
Late Blight,2,35.8,93.0,27.3,706.3,LOW,10.0
Fusarium Wilt,1,35.8,93.0,27.3,706.3,LOW,25.0
Early Blight,0,28.9,73.6,42.1,349.7,MEDIUM,42.0
Late Blight,0,28.9,73.6,42.1,349.7,LOW,10.0
Fusarium Wilt,1,28.9,73.6,42.1,349.7,MEDIUM,40.0
Early Blight,0,32.9,78.1,85.8,225.0,LOW,25.0
Late Blight,2,32.9,78.1,85.8,225.0,LOW,10.0
Fusarium Wilt,2,32.9,78.1,85.8,225.0,LOW,25.0
Early Blight,0,16.5,91.7,14.0,917.1,LOW,25.0
Late Blight,1,16.5,91.7,14.0,917.1,MEDIUM,55.0
Fusarium Wilt,2,16.5,91.7,14.0,917.1,LOW,15.0
Early Blight,0,18.6,62.6,51.5,122.5,LOW,25.0
Late Blight,1,18.6,62.6,51.5,122.5,LOW,25.0
Fusarium Wilt,1,18.6,62.6,51.5,122.5,LOW,25.0
Early Blight,0,16.2,86.3,36.8,593.0,LOW,25.0
Late Blight,0,16.2,86.3,36.8,593.0,MEDIUM,45.0
Fusarium Wilt,0,16.2,86.3,36.8,593.0,LOW,25.0
Early Blight,1,26.0,49.4,59.1,786.7,LOW,22.0
Late Blight,1,26.0,49.4,59.1,786.7,LOW,10.0
Fusarium Wilt,2,26.0,49.4,59.1,786.7,MEDIUM,40.0
Early Blight,1,21.4,88.0,73.2,1186.6,LOW,35.0
Late Blight,0,21.4,88.0,73.2,1186.6,MEDIUM,45.0
Fusarium Wilt,1,21.4,88.0,73.2,1186.6,LOW,25.0
Early Blight,0,36.6,95.8,44.6,641.8,LOW,25.0
Late Blight,0,36.6,95.8,44.6,641.8,LOW,10.0
Fusarium Wilt,1,36.6,95.8,44.6,641.8,MEDIUM,40.0
Early Blight,0,20.6,97.5,26.0,203.5,LOW,25.0
Late Blight,1,20.6,97.5,26.0,203.5,MEDIUM,55.0
Fusarium Wilt,1,20.6,97.5,26.0,203.5,LOW,25.0
Early Blight,0,32.1,81.2,18.3,756.4,LOW,25.0
Late Blight,1,32.1,81.2,18.3,756.4,LOW,10.0
Fusarium Wilt,1,32.1,81.2,18.3,756.4,LOW,15.0
Early Blight,0,34.3,44.4,78.2,881.6,LOW,12.0
Late Blight,1,34.3,44.4,78.2,881.6,LOW,20.0
Fusarium Wilt,0,34.3,44.4,78.2,881.6,LOW,25.0
Early Blight,1,31.0,37.7,26.6,1005.6,LOW,22.0
Late Blight,2,31.0,37.7,26.6,1005.6,LOW,10.0
Fusarium Wilt,1,31.0,37.7,26.6,1005.6,LOW,25.0
Early Blight,1,19.0,56.5,74.2,860.2,LOW,35.0
Late Blight,1,19.0,56.5,74.2,860.2,LOW,10.0
Fusarium Wilt,1,19.0,56.5,74.2,860.2,LOW,25.0
Early Blight,1,27.1,48.2,12.9,1032.7,LOW,22.0
Late Blight,1,27.1,48.2,12.9,1032.7,LOW,20.0
Fusarium Wilt,2,27.1,48.2,12.9,1032.7,LOW,15.0
Early Blight,1,23.2,50.1,51.3,466.2,LOW,35.0
Late Blight,0,23.2,50.1,51.3,466.2,LOW,10.0
Fusarium Wilt,1,23.2,50.1,51.3,466.2,LOW,25.0
Early Blight,1,28.7,69.8,70.7,236.0,LOW,35.0
Late Blight,1,28.7,69.8,70.7,236.0,LOW,10.0
Fusarium Wilt,1,28.7,69.8,70.7,236.0,LOW,25.0
Early Blight,0,35.9,82.8,81.4,216.4,LOW,25.0
Late Blight,1,35.9,82.8,81.4,216.4,LOW,10.0
Fusarium Wilt,1,35.9,82.8,81.4,216.4,LOW,25.0
Early Blight,0,35.3,34.5,69.1,1179.6,LOW,12.0
Late Blight,2,35.3,34.5,69.1,1179.6,LOW,10.0
Fusarium Wilt,2,35.3,34.5,69.1,1179.6,MEDIUM,40.0
Early Blight,1,36.5,85.7,89.3,877.3,LOW,35.0
Late Blight,1,36.5,85.7,89.3,877.3,LOW,10.0
Fusarium Wilt,1,36.5,85.7,89.3,877.3,LOW,25.0
Early Blight,0,21.0,47.6,76.0,895.7,LOW,12.0
Late Blight,2,21.0,47.6,76.0,895.7,LOW,10.0
Fusarium Wilt,1,21.0,47.6,76.0,895.7,LOW,25.0
Early Blight,1,28.9,30.6,71.7,617.3,LOW,22.0
Late Blight,1,28.9,30.6,71.7,617.3,LOW,20.0
Fusarium Wilt,1,28.9,30.6,71.7,617.3,LOW,25.0
Early Blight,0,28.5,77.3,34.5,1070.1,MEDIUM,42.0
Late Blight,1,28.5,77.3,34.5,1070.1,LOW,10.0
Fusarium Wilt,1,28.5,77.3,34.5,1070.1,LOW,25.0
Early Blight,1,37.7,71.6,79.3,872.9,LOW,35.0
Late Blight,0,37.7,71.6,79.3,872.9,LOW,10.0
Fusarium Wilt,1,37.7,71.6,79.3,872.9,LOW,25.0
Early Blight,1,36.3,58.5,50.7,173.2,LOW,35.0
Late Blight,1,36.3,58.5,50.7,173.2,LOW,20.0
Fusarium Wilt,1,36.3,58.5,50.7,173.2,MEDIUM,40.0
Early Blight,1,26.0,39.3,48.3,349.0,LOW,22.0
Late Blight,1,26.0,39.3,48.3,349.0,LOW,10.0
Fusarium Wilt,1,26.0,39.3,48.3,349.0,MEDIUM,40.0
Early Blight,0,29.9,80.0,85.6,203.5,MEDIUM,42.0
Late Blight,0,29.9,80.0,85.6,203.5,LOW,10.0
Fusarium Wilt,1,29.9,80.0,85.6,203.5,LOW,25.0
Early Blight,1,24.5,92.0,24.8,358.2,MEDIUM,52.0
Late Blight,1,24.5,92.0,24.8,358.2,LOW,35.0
Fusarium Wilt,0,24.5,92.0,24.8,358.2,LOW,15.0
Early Blight,0,22.1,48.3,33.7,1169.2,LOW,12.0
Late Blight,1,22.1,48.3,33.7,1169.2,LOW,10.0
Fusarium Wilt,1,22.1,48.3,33.7,1169.2,LOW,25.0
Early Blight,0,21.4,85.0,70.3,108.1,LOW,25.0
Late Blight,2,21.4,85.0,70.3,108.1,MEDIUM,45.0
Fusarium Wilt,1,21.4,85.0,70.3,108.1,LOW,25.0
Early Blight,1,30.4,65.0,62.6,1177.9,LOW,35.0
Late Blight,1,30.4,65.0,62.6,1177.9,LOW,10.0
Fusarium Wilt,1,30.4,65.0,62.6,1177.9,MEDIUM,40.0
Early Blight,0,26.4,43.1,53.1,877.3,LOW,12.0
Late Blight,2,26.4,43.1,53.1,877.3,LOW,10.0
Fusarium Wilt,1,26.4,43.1,53.1,877.3,MEDIUM,40.0
Early Blight,0,34.3,97.3,64.8,785.9,LOW,25.0
Late Blight,1,34.3,97.3,64.8,785.9,LOW,20.0
Fusarium Wilt,1,34.3,97.3,64.8,785.9,MEDIUM,40.0
Early Blight,0,32.9,31.8,26.0,521.7,LOW,12.0
Late Blight,1,32.9,31.8,26.0,521.7,LOW,10.0
Fusarium Wilt,1,32.9,31.8,26.0,521.7,LOW,25.0
Early Blight,0,37.0,46.4,40.6,519.8,LOW,12.0
Late Blight,1,37.0,46.4,40.6,519.8,LOW,20.0
Fusarium Wilt,2,37.0,46.4,40.6,519.8,MEDIUM,40.0
Early Blight,1,23.0,45.8,40.7,725.5,LOW,22.0
Late Blight,1,23.0,45.8,40.7,725.5,LOW,10.0
Fusarium Wilt,1,23.0,45.8,40.7,725.5,LOW,25.0
Early Blight,1,30.6,86.8,73.4,961.8,MEDIUM,52.0
Late Blight,1,30.6,86.8,73.4,961.8,LOW,10.0
Fusarium Wilt,2,30.6,86.8,73.4,961.8,LOW,25.0
Early Blight,1,24.8,42.1,69.6,397.2,LOW,22.0
Late Blight,0,24.8,42.1,69.6,397.2,LOW,10.0
Fusarium Wilt,1,24.8,42.1,69.6,397.2,LOW,25.0
Early Blight,0,20.5,44.2,39.7,1133.0,LOW,12.0
Late Blight,1,20.5,44.2,39.7,1133.0,LOW,10.0
Fusarium Wilt,2,20.5,44.2,39.7,1133.0,LOW,25.0
Early Blight,1,25.0,85.0,75.0,293.3,MEDIUM,52.0
Late Blight,1,25.0,85.0,75.0,293.3,LOW,35.0
Fusarium Wilt,1,25.0,85.0,75.0,293.3,LOW,25.0
Early Blight,0,22.6,31.4,31.5,474.0,LOW,12.0
Late Blight,1,22.6,31.4,31.5,474.0,LOW,20.0
Fusarium Wilt,0,22.6,31.4,31.5,474.0,LOW,25.0
Early Blight,0,29.6,93.6,74.6,1187.6,MEDIUM,42.0
Late Blight,0,29.6,93.6,74.6,1187.6,LOW,10.0
Fusarium Wilt,0,29.6,93.6,74.6,1187.6,LOW,25.0
Early Blight,1,20.7,59.0,82.3,1061.0,LOW,35.0
Late Blight,2,20.7,59.0,82.3,1061.0,LOW,10.0
Fusarium Wilt,1,20.7,59.0,82.3,1061.0,LOW,25.0
Early Blight,0,24.3,33.0,46.6,982.8,LOW,12.0
Late Blight,1,24.3,33.0,46.6,982.8,LOW,10.0
Fusarium Wilt,1,24.3,33.0,46.6,982.8,LOW,25.0
Early Blight,0,18.1,64.6,46.4,1128.0,LOW,25.0
Late Blight,0,18.1,64.6,46.4,1128.0,LOW,25.0
Fusarium Wilt,2,18.1,64.6,46.4,1128.0,LOW,25.0
Early Blight,1,37.1,59.2,57.1,772.4,LOW,35.0
Late Blight,1,37.1,59.2,57.1,772.4,LOW,10.0
Fusarium Wilt,1,37.1,59.2,57.1,772.4,MEDIUM,40.0
Early Blight,1,29.8,89.3,79.3,576.6,MEDIUM,52.0
Late Blight,0,29.8,89.3,79.3,576.6,LOW,10.0
Fusarium Wilt,1,29.8,89.3,79.3,576.6,LOW,25.0
Early Blight,0,37.2,44.6,51.9,975.7,LOW,12.0
Late Blight,1,37.2,44.6,51.9,975.7,LOW,20.0
Fusarium Wilt,2,37.2,44.6,51.9,975.7,MEDIUM,40.0
Early Blight,1,23.2,59.4,36.1,817.9,LOW,35.0
Late Blight,1,23.2,59.4,36.1,817.9,LOW,20.0
Fusarium Wilt,2,23.2,59.4,36.1,817.9,LOW,25.0
Early Blight,1,26.3,49.9,55.0,895.5,LOW,22.0
Late Blight,2,26.3,49.9,55.0,895.5,LOW,10.0
Fusarium Wilt,0,26.3,49.9,55.0,895.5,MEDIUM,40.0
Early Blight,0,29.7,59.6,51.4,120.5,LOW,25.0
Late Blight,1,29.7,59.6,51.4,120.5,LOW,20.0
Fusarium Wilt,0,29.7,59.6,51.4,120.5,MEDIUM,40.0
Early Blight,1,33.0,57.8,66.6,970.1,LOW,35.0
Late Blight,2,33.0,57.8,66.6,970.1,LOW,10.0
Fusarium Wilt,0,33.0,57.8,66.6,970.1,MEDIUM,40.0
Early Blight,0,21.1,42.1,54.9,179.3,LOW,12.0
Late Blight,1,21.1,42.1,54.9,179.3,LOW,20.0
Fusarium Wilt,2,21.1,42.1,54.9,179.3,LOW,25.0
Early Blight,0,21.9,32.3,20.4,161.3,LOW,12.0
Late Blight,0,21.9,32.3,20.4,161.3,LOW,10.0
Fusarium Wilt,0,21.9,32.3,20.4,161.3,LOW,15.0
Early Blight,0,24.8,41.7,40.1,1014.0,LOW,12.0
Late Blight,0,24.8,41.7,40.1,1014.0,LOW,10.0
Fusarium Wilt,1,24.8,41.7,40.1,1014.0,LOW,25.0
Early Blight,0,29.9,69.0,70.7,547.9,LOW,25.0
Late Blight,2,29.9,69.0,70.7,547.9,LOW,10.0
Fusarium Wilt,2,29.9,69.0,70.7,547.9,LOW,25.0
Early Blight,0,15.4,87.1,11.7,187.4,LOW,25.0
Late Blight,1,15.4,87.1,11.7,187.4,MEDIUM,45.0
Fusarium Wilt,1,15.4,87.1,11.7,187.4,LOW,15.0
Early Blight,0,33.5,74.1,10.1,423.3,LOW,25.0
Late Blight,1,33.5,74.1,10.1,423.3,LOW,20.0
Fusarium Wilt,0,33.5,74.1,10.1,423.3,LOW,15.0
Early Blight,1,25.6,65.6,70.7,153.6,LOW,35.0
Late Blight,2,25.6,65.6,70.7,153.6,LOW,25.0
Fusarium Wilt,0,25.6,65.6,70.7,153.6,LOW,25.0
Early Blight,1,20.0,50.7,32.5,791.8,LOW,35.0
Late Blight,0,20.0,50.7,32.5,791.8,LOW,10.0
Fusarium Wilt,0,20.0,50.7,32.5,791.8,LOW,25.0
Early Blight,1,20.4,66.5,63.9,265.6,LOW,35.0
Late Blight,2,20.4,66.5,63.9,265.6,LOW,25.0
Fusarium Wilt,1,20.4,66.5,63.9,265.6,LOW,25.0
Early Blight,1,35.8,60.5,27.6,236.4,LOW,35.0
Late Blight,2,35.8,60.5,27.6,236.4,LOW,10.0
Fusarium Wilt,2,35.8,60.5,27.6,236.4,LOW,25.0
Early Blight,1,30.5,90.5,41.0,1137.5,MEDIUM,52.0
Late Blight,2,30.5,90.5,41.0,1137.5,LOW,10.0
Fusarium Wilt,0,30.5,90.5,41.0,1137.5,MEDIUM,40.0
Early Blight,1,36.0,71.2,75.1,391.5,LOW,35.0
Late Blight,1,36.0,71.2,75.1,391.5,LOW,20.0
Fusarium Wilt,2,36.0,71.2,75.1,391.5,LOW,25.0
Early Blight,0,20.5,49.4,50.2,467.7,LOW,12.0
Late Blight,1,20.5,49.4,50.2,467.7,LOW,20.0
Fusarium Wilt,2,20.5,49.4,50.2,467.7,LOW,25.0
Early Blight,1,34.0,31.9,70.3,364.0,LOW,22.0
Late Blight,2,34.0,31.9,70.3,364.0,LOW,10.0
Fusarium Wilt,1,34.0,31.9,70.3,364.0,LOW,25.0
Early Blight,1,15.5,88.9,43.7,490.2,LOW,35.0
Late Blight,2,15.5,88.9,43.7,490.2,MEDIUM,45.0
Fusarium Wilt,2,15.5,88.9,43.7,490.2,LOW,25.0
Early Blight,0,25.8,44.1,72.2,165.3,LOW,12.0
Late Blight,0,25.8,44.1,72.2,165.3,LOW,10.0
Fusarium Wilt,1,25.8,44.1,72.2,165.3,LOW,25.0
Early Blight,0,32.0,84.1,39.8,492.8,MEDIUM,42.0
Late Blight,2,32.0,84.1,39.8,492.8,LOW,10.0
Fusarium Wilt,2,32.0,84.1,39.8,492.8,LOW,25.0
Early Blight,1,37.6,84.4,62.4,564.9,LOW,35.0
Late Blight,0,37.6,84.4,62.4,564.9,LOW,10.0
Fusarium Wilt,1,37.6,84.4,62.4,564.9,MEDIUM,40.0
Early Blight,0,24.5,96.9,60.5,1107.0,MEDIUM,42.0
Late Blight,1,24.5,96.9,60.5,1107.0,LOW,25.0
Fusarium Wilt,2,24.5,96.9,60.5,1107.0,LOW,25.0
Early Blight,0,38.0,80.1,15.6,909.2,LOW,25.0
Late Blight,0,38.0,80.1,15.6,909.2,LOW,10.0
Fusarium Wilt,2,38.0,80.1,15.6,909.2,LOW,15.0
Early Blight,0,16.8,76.9,57.8,724.5,LOW,25.0
Late Blight,0,16.8,76.9,57.8,724.5,LOW,25.0
Fusarium Wilt,2,16.8,76.9,57.8,724.5,LOW,25.0
Early Blight,0,35.4,64.2,69.9,592.6,LOW,25.0
Late Blight,2,35.4,64.2,69.9,592.6,LOW,10.0
Fusarium Wilt,1,35.4,64.2,69.9,592.6,MEDIUM,40.0
Early Blight,0,24.8,36.3,61.4,812.7,LOW,12.0
Late Blight,1,24.8,36.3,61.4,812.7,LOW,20.0
Fusarium Wilt,1,24.8,36.3,61.4,812.7,LOW,25.0
Early Blight,0,24.2,74.3,72.6,521.7,MEDIUM,42.0
Late Blight,1,24.2,74.3,72.6,521.7,LOW,35.0
Fusarium Wilt,2,24.2,74.3,72.6,521.7,LOW,25.0
Early Blight,0,24.3,96.5,56.9,118.5,MEDIUM,42.0
Late Blight,1,24.3,96.5,56.9,118.5,LOW,25.0
Fusarium Wilt,0,24.3,96.5,56.9,118.5,LOW,25.0
Early Blight,0,15.1,42.3,66.3,646.0,LOW,12.0
Late Blight,1,15.1,42.3,66.3,646.0,LOW,20.0
Fusarium Wilt,0,15.1,42.3,66.3,646.0,LOW,25.0
Early Blight,1,29.3,58.7,83.2,173.8,LOW,35.0
Late Blight,1,29.3,58.7,83.2,173.8,LOW,10.0
Fusarium Wilt,1,29.3,58.7,83.2,173.8,LOW,25.0
Early Blight,0,22.1,50.9,79.4,334.5,LOW,25.0
Late Blight,2,22.1,50.9,79.4,334.5,LOW,10.0
Fusarium Wilt,1,22.1,50.9,79.4,334.5,LOW,25.0
Early Blight,1,21.0,50.3,34.2,241.0,LOW,35.0
Late Blight,1,21.0,50.3,34.2,241.0,LOW,20.0
Fusarium Wilt,1,21.0,50.3,34.2,241.0,LOW,25.0
Early Blight,1,35.1,41.3,67.8,961.4,LOW,22.0
Late Blight,2,35.1,41.3,67.8,961.4,LOW,10.0
Fusarium Wilt,1,35.1,41.3,67.8,961.4,MEDIUM,40.0
Early Blight,0,30.7,81.3,42.5,441.1,MEDIUM,42.0
Late Blight,2,30.7,81.3,42.5,441.1,LOW,10.0
Fusarium Wilt,1,30.7,81.3,42.5,441.1,MEDIUM,40.0
Early Blight,1,36.1,35.2,63.9,109.5,LOW,22.0
Late Blight,2,36.1,35.2,63.9,109.5,LOW,10.0
Fusarium Wilt,1,36.1,35.2,63.9,109.5,MEDIUM,40.0
Early Blight,0,22.3,85.4,37.9,1146.0,LOW,25.0
Late Blight,1,22.3,85.4,37.9,1146.0,MEDIUM,55.0
Fusarium Wilt,2,22.3,85.4,37.9,1146.0,LOW,25.0
Early Blight,1,27.7,52.3,80.1,987.4,LOW,35.0
Late Blight,1,27.7,52.3,80.1,987.4,LOW,20.0
Fusarium Wilt,0,27.7,52.3,80.1,987.4,LOW,25.0
Early Blight,1,16.7,41.6,89.8,1177.1,LOW,22.0
Late Blight,0,16.7,41.6,89.8,1177.1,LOW,10.0
Fusarium Wilt,1,16.7,41.6,89.8,1177.1,LOW,25.0
Early Blight,0,25.6,81.5,24.2,691.8,MEDIUM,42.0
Late Blight,2,25.6,81.5,24.2,691.8,LOW,25.0
Fusarium Wilt,0,25.6,81.5,24.2,691.8,LOW,15.0
Early Blight,0,17.1,90.6,71.2,905.6,LOW,25.0
Late Blight,1,17.1,90.6,71.2,905.6,MEDIUM,55.0
Fusarium Wilt,2,17.1,90.6,71.2,905.6,LOW,25.0
Early Blight,0,21.0,77.8,88.6,290.4,LOW,25.0
Late Blight,1,21.0,77.8,88.6,290.4,LOW,25.0
Fusarium Wilt,2,21.0,77.8,88.6,290.4,LOW,25.0
Early Blight,0,34.3,96.5,77.8,1024.5,LOW,25.0
Late Blight,2,34.3,96.5,77.8,1024.5,LOW,10.0
Fusarium Wilt,2,34.3,96.5,77.8,1024.5,LOW,25.0
Early Blight,1,19.4,36.2,17.0,896.1,LOW,22.0
Late Blight,2,19.4,36.2,17.0,896.1,LOW,10.0
Fusarium Wilt,1,19.4,36.2,17.0,896.1,LOW,15.0
Early Blight,1,34.5,94.8,35.7,142.9,LOW,35.0
Late Blight,2,34.5,94.8,35.7,142.9,LOW,10.0
Fusarium Wilt,2,34.5,94.8,35.7,142.9,LOW,25.0
Early Blight,1,31.4,90.8,59.3,1076.8,MEDIUM,52.0
Late Blight,1,31.4,90.8,59.3,1076.8,LOW,20.0
Fusarium Wilt,1,31.4,90.8,59.3,1076.8,MEDIUM,40.0
Early Blight,1,24.4,87.1,44.6,924.2,MEDIUM,52.0
Late Blight,1,24.4,87.1,44.6,924.2,LOW,35.0
Fusarium Wilt,0,24.4,87.1,44.6,924.2,LOW,25.0
Early Blight,0,19.2,70.2,21.3,1132.6,LOW,25.0
Late Blight,1,19.2,70.2,21.3,1132.6,LOW,35.0
Fusarium Wilt,2,19.2,70.2,21.3,1132.6,LOW,15.0
Early Blight,1,16.9,72.0,68.7,213.3,LOW,35.0
Late Blight,1,16.9,72.0,68.7,213.3,LOW,25.0
Fusarium Wilt,1,16.9,72.0,68.7,213.3,LOW,25.0
Early Blight,0,30.9,36.3,14.7,929.1,LOW,12.0
Late Blight,0,30.9,36.3,14.7,929.1,LOW,10.0
Fusarium Wilt,1,30.9,36.3,14.7,929.1,LOW,15.0
Early Blight,0,18.1,80.3,42.4,255.5,LOW,25.0
Late Blight,1,18.1,80.3,42.4,255.5,MEDIUM,55.0
Fusarium Wilt,1,18.1,80.3,42.4,255.5,LOW,25.0
Early Blight,0,23.2,73.4,23.6,960.4,LOW,25.0
Late Blight,1,23.2,73.4,23.6,960.4,LOW,35.0
Fusarium Wilt,1,23.2,73.4,23.6,960.4,LOW,15.0
Early Blight,0,29.5,63.8,74.0,879.3,LOW,25.0
Late Blight,1,29.5,63.8,74.0,879.3,LOW,10.0
Fusarium Wilt,1,29.5,63.8,74.0,879.3,LOW,25.0
Early Blight,0,29.6,93.7,60.7,641.5,MEDIUM,42.0
Late Blight,1,29.6,93.7,60.7,641.5,LOW,20.0
Fusarium Wilt,1,29.6,93.7,60.7,641.5,MEDIUM,40.0
Early Blight,1,15.7,95.3,62.9,1104.2,LOW,35.0
Late Blight,2,15.7,95.3,62.9,1104.2,MEDIUM,45.0
Fusarium Wilt,1,15.7,95.3,62.9,1104.2,LOW,25.0
Early Blight,1,27.8,93.9,21.6,484.6,MEDIUM,52.0
Late Blight,1,27.8,93.9,21.6,484.6,LOW,25.0
Fusarium Wilt,1,27.8,93.9,21.6,484.6,LOW,15.0
Early Blight,1,26.8,92.9,61.4,877.1,MEDIUM,52.0
Late Blight,0,26.8,92.9,61.4,877.1,LOW,25.0
Fusarium Wilt,2,26.8,92.9,61.4,877.1,MEDIUM,40.0
Early Blight,1,21.6,32.0,73.3,1014.9,LOW,22.0
Late Blight,2,21.6,32.0,73.3,1014.9,LOW,10.0
Fusarium Wilt,2,21.6,32.0,73.3,1014.9,LOW,25.0
Early Blight,1,25.4,84.7,65.4,767.7,MEDIUM,52.0
Late Blight,1,25.4,84.7,65.4,767.7,LOW,35.0
Fusarium Wilt,0,25.4,84.7,65.4,767.7,MEDIUM,40.0
Early Blight,0,37.4,69.7,36.4,531.4,LOW,25.0
Late Blight,2,37.4,69.7,36.4,531.4,LOW,10.0
Fusarium Wilt,1,37.4,69.7,36.4,531.4,LOW,25.0
Early Blight,0,23.2,84.8,27.6,714.8,LOW,25.0
Late Blight,1,23.2,84.8,27.6,714.8,MEDIUM,55.0
Fusarium Wilt,1,23.2,84.8,27.6,714.8,LOW,25.0
Early Blight,1,31.0,92.0,59.1,1012.5,MEDIUM,52.0
Late Blight,1,31.0,92.0,59.1,1012.5,LOW,10.0
Fusarium Wilt,2,31.0,92.0,59.1,1012.5,MEDIUM,40.0
Early Blight,1,36.3,87.3,11.8,197.0,LOW,35.0
Late Blight,1,36.3,87.3,11.8,197.0,LOW,20.0
Fusarium Wilt,1,36.3,87.3,11.8,197.0,LOW,15.0
Early Blight,0,26.1,70.1,63.2,591.9,MEDIUM,42.0
Late Blight,0,26.1,70.1,63.2,591.9,LOW,25.0
Fusarium Wilt,2,26.1,70.1,63.2,591.9,MEDIUM,40.0
Early Blight,0,22.6,81.7,68.4,1042.5,LOW,25.0
Late Blight,0,22.6,81.7,68.4,1042.5,MEDIUM,45.0
Fusarium Wilt,0,22.6,81.7,68.4,1042.5,LOW,25.0
Early Blight,0,36.9,68.7,34.6,748.0,LOW,25.0
Late Blight,1,36.9,68.7,34.6,748.0,LOW,10.0
Fusarium Wilt,0,36.9,68.7,34.6,748.0,LOW,25.0
Early Blight,0,20.4,60.0,54.9,747.4,LOW,25.0
Late Blight,1,20.4,60.0,54.9,747.4,LOW,35.0
Fusarium Wilt,2,20.4,60.0,54.9,747.4,LOW,25.0
Early Blight,1,28.0,79.6,20.1,903.2,MEDIUM,52.0
Late Blight,1,28.0,79.6,20.1,903.2,LOW,35.0
Fusarium Wilt,0,28.0,79.6,20.1,903.2,LOW,15.0
Early Blight,1,33.7,66.0,71.6,1018.2,LOW,35.0
Late Blight,1,33.7,66.0,71.6,1018.2,LOW,20.0
Fusarium Wilt,1,33.7,66.0,71.6,1018.2,LOW,25.0
Early Blight,1,30.3,75.0,63.1,1059.9,MEDIUM,52.0
Late Blight,0,30.3,75.0,63.1,1059.9,LOW,10.0
Fusarium Wilt,0,30.3,75.0,63.1,1059.9,MEDIUM,40.0
Early Blight,1,17.5,44.8,29.6,330.6,LOW,22.0
Late Blight,1,17.5,44.8,29.6,330.6,LOW,20.0
Fusarium Wilt,1,17.5,44.8,29.6,330.6,LOW,25.0
Early Blight,0,36.7,58.7,82.5,803.1,LOW,25.0
Late Blight,1,36.7,58.7,82.5,803.1,LOW,20.0
Fusarium Wilt,1,36.7,58.7,82.5,803.1,LOW,25.0
Early Blight,0,26.0,48.3,32.5,458.0,LOW,12.0
Late Blight,2,26.0,48.3,32.5,458.0,LOW,10.0
Fusarium Wilt,2,26.0,48.3,32.5,458.0,LOW,25.0
Early Blight,1,36.6,51.9,37.6,966.0,LOW,35.0
Late Blight,0,36.6,51.9,37.6,966.0,LOW,10.0
Fusarium Wilt,1,36.6,51.9,37.6,966.0,LOW,25.0
Early Blight,1,27.4,61.1,32.1,1163.7,LOW,35.0
Late Blight,0,27.4,61.1,32.1,1163.7,LOW,25.0
Fusarium Wilt,1,27.4,61.1,32.1,1163.7,LOW,25.0
Early Blight,0,36.4,59.1,35.9,232.3,LOW,25.0
Late Blight,1,36.4,59.1,35.9,232.3,LOW,10.0
Fusarium Wilt,2,36.4,59.1,35.9,232.3,LOW,25.0
Early Blight,0,20.2,71.7,38.4,450.1,LOW,25.0
Late Blight,1,20.2,71.7,38.4,450.1,LOW,35.0
Fusarium Wilt,0,20.2,71.7,38.4,450.1,LOW,25.0
Early Blight,0,25.1,70.7,29.0,894.9,MEDIUM,42.0
Late Blight,1,25.1,70.7,29.0,894.9,LOW,25.0
Fusarium Wilt,1,25.1,70.7,29.0,894.9,LOW,25.0
Early Blight,1,19.2,86.8,41.7,310.8,LOW,35.0
Late Blight,1,19.2,86.8,41.7,310.8,MEDIUM,55.0
Fusarium Wilt,1,19.2,86.8,41.7,310.8,LOW,25.0
Early Blight,0,19.0,49.1,20.1,408.8,LOW,12.0
Late Blight,1,19.0,49.1,20.1,408.8,LOW,20.0
Fusarium Wilt,1,19.0,49.1,20.1,408.8,LOW,15.0
Early Blight,1,23.8,67.6,55.4,671.9,LOW,35.0
Late Blight,1,23.8,67.6,55.4,671.9,LOW,35.0
Fusarium Wilt,1,23.8,67.6,55.4,671.9,LOW,25.0
Early Blight,0,26.6,32.3,10.6,324.4,LOW,12.0
Late Blight,1,26.6,32.3,10.6,324.4,LOW,20.0
Fusarium Wilt,0,26.6,32.3,10.6,324.4,LOW,15.0
Early Blight,1,25.1,46.5,73.6,679.7,LOW,22.0
Late Blight,1,25.1,46.5,73.6,679.7,LOW,20.0
Fusarium Wilt,2,25.1,46.5,73.6,679.7,LOW,25.0
Early Blight,1,24.6,31.1,29.6,269.7,LOW,22.0
Late Blight,1,24.6,31.1,29.6,269.7,LOW,20.0
Fusarium Wilt,0,24.6,31.1,29.6,269.7,LOW,25.0
Early Blight,1,34.0,57.4,66.0,645.3,LOW,35.0
Late Blight,2,34.0,57.4,66.0,645.3,LOW,10.0
Fusarium Wilt,0,34.0,57.4,66.0,645.3,MEDIUM,40.0
Early Blight,0,21.9,69.0,18.6,860.0,LOW,25.0
Late Blight,1,21.9,69.0,18.6,860.0,LOW,35.0
Fusarium Wilt,1,21.9,69.0,18.6,860.0,LOW,15.0
Early Blight,0,30.7,84.6,39.2,146.8,MEDIUM,42.0
Late Blight,0,30.7,84.6,39.2,146.8,LOW,10.0
Fusarium Wilt,0,30.7,84.6,39.2,146.8,LOW,25.0
Early Blight,0,34.5,74.1,62.5,712.8,LOW,25.0
Late Blight,1,34.5,74.1,62.5,712.8,LOW,20.0
Fusarium Wilt,0,34.5,74.1,62.5,712.8,MEDIUM,40.0
Early Blight,0,17.1,40.8,24.6,385.8,LOW,12.0
Late Blight,2,17.1,40.8,24.6,385.8,LOW,10.0
Fusarium Wilt,1,17.1,40.8,24.6,385.8,LOW,15.0
Early Blight,0,24.1,60.3,58.8,1015.4,LOW,25.0
Late Blight,1,24.1,60.3,58.8,1015.4,LOW,35.0
Fusarium Wilt,0,24.1,60.3,58.8,1015.4,LOW,25.0
Early Blight,1,28.1,36.8,50.4,601.7,LOW,22.0
Late Blight,1,28.1,36.8,50.4,601.7,LOW,10.0
Fusarium Wilt,1,28.1,36.8,50.4,601.7,MEDIUM,40.0
Early Blight,1,33.2,71.1,23.2,326.6,LOW,35.0
Late Blight,0,33.2,71.1,23.2,326.6,LOW,10.0
Fusarium Wilt,1,33.2,71.1,23.2,326.6,LOW,15.0
Early Blight,1,32.5,65.2,61.5,829.3,LOW,35.0
Late Blight,2,32.5,65.2,61.5,829.3,LOW,10.0
Fusarium Wilt,2,32.5,65.2,61.5,829.3,MEDIUM,40.0
Early Blight,0,35.7,62.7,38.9,433.3,LOW,25.0
Late Blight,0,35.7,62.7,38.9,433.3,LOW,10.0
Fusarium Wilt,1,35.7,62.7,38.9,433.3,LOW,25.0
Early Blight,1,37.6,59.4,47.7,641.9,LOW,35.0
Late Blight,1,37.6,59.4,47.7,641.9,LOW,10.0
Fusarium Wilt,0,37.6,59.4,47.7,641.9,MEDIUM,40.0
Early Blight,1,34.1,48.1,59.0,1087.4,LOW,22.0
Late Blight,0,34.1,48.1,59.0,1087.4,LOW,10.0
Fusarium Wilt,2,34.1,48.1,59.0,1087.4,MEDIUM,40.0
Early Blight,0,19.8,70.4,47.3,1193.5,LOW,25.0
Late Blight,1,19.8,70.4,47.3,1193.5,LOW,25.0
Fusarium Wilt,1,19.8,70.4,47.3,1193.5,LOW,25.0
Early Blight,0,34.8,82.1,59.2,389.1,LOW,25.0
Late Blight,0,34.8,82.1,59.2,389.1,LOW,10.0
Fusarium Wilt,1,34.8,82.1,59.2,389.1,MEDIUM,40.0
Early Blight,1,19.0,94.1,47.5,650.5,LOW,35.0
Late Blight,2,19.0,94.1,47.5,650.5,MEDIUM,45.0
Fusarium Wilt,0,19.0,94.1,47.5,650.5,LOW,25.0
Early Blight,1,26.2,36.5,52.7,1063.1,LOW,22.0
Late Blight,1,26.2,36.5,52.7,1063.1,LOW,10.0
Fusarium Wilt,1,26.2,36.5,52.7,1063.1,MEDIUM,40.0
Early Blight,0,27.3,95.7,38.0,119.4,MEDIUM,42.0
Late Blight,0,27.3,95.7,38.0,119.4,LOW,25.0
Fusarium Wilt,1,27.3,95.7,38.0,119.4,LOW,25.0
Early Blight,0,28.7,86.6,39.0,651.7,MEDIUM,42.0
Late Blight,2,28.7,86.6,39.0,651.7,LOW,10.0
Fusarium Wilt,0,28.7,86.6,39.0,651.7,LOW,25.0
Early Blight,1,35.9,72.7,19.4,312.8,LOW,35.0
Late Blight,1,35.9,72.7,19.4,312.8,LOW,10.0
Fusarium Wilt,0,35.9,72.7,19.4,312.8,LOW,15.0
Early Blight,0,25.2,50.4,47.2,376.8,LOW,25.0
Late Blight,1,25.2,50.4,47.2,376.8,LOW,20.0
Fusarium Wilt,1,25.2,50.4,47.2,376.8,MEDIUM,40.0
Early Blight,0,37.5,75.5,49.1,990.3,LOW,25.0
Late Blight,2,37.5,75.5,49.1,990.3,LOW,10.0
Fusarium Wilt,0,37.5,75.5,49.1,990.3,MEDIUM,40.0
Early Blight,0,28.2,97.6,51.5,338.4,MEDIUM,42.0
Late Blight,1,28.2,97.6,51.5,338.4,LOW,10.0
Fusarium Wilt,2,28.2,97.6,51.5,338.4,MEDIUM,40.0
Early Blight,1,19.4,86.1,18.1,185.6,LOW,35.0
Late Blight,0,19.4,86.1,18.1,185.6,MEDIUM,45.0
Fusarium Wilt,2,19.4,86.1,18.1,185.6,LOW,15.0
Early Blight,1,32.2,93.9,46.8,969.6,LOW,35.0
Late Blight,1,32.2,93.9,46.8,969.6,LOW,10.0
Fusarium Wilt,1,32.2,93.9,46.8,969.6,MEDIUM,40.0
Early Blight,1,27.2,51.3,17.8,1094.3,LOW,35.0
Late Blight,1,27.2,51.3,17.8,1094.3,LOW,20.0
Fusarium Wilt,1,27.2,51.3,17.8,1094.3,LOW,15.0
Early Blight,0,27.6,83.8,56.8,589.7,MEDIUM,42.0
Late Blight,2,27.6,83.8,56.8,589.7,LOW,25.0
Fusarium Wilt,1,27.6,83.8,56.8,589.7,MEDIUM,40.0
Early Blight,1,23.5,75.8,38.5,679.9,LOW,35.0
Late Blight,2,23.5,75.8,38.5,679.9,LOW,25.0
Fusarium Wilt,1,23.5,75.8,38.5,679.9,LOW,25.0
Early Blight,0,21.2,35.8,27.1,980.9,LOW,12.0
Late Blight,0,21.2,35.8,27.1,980.9,LOW,10.0
Fusarium Wilt,2,21.2,35.8,27.1,980.9,LOW,25.0
Early Blight,1,28.9,91.9,34.8,641.7,MEDIUM,52.0
Late Blight,1,28.9,91.9,34.8,641.7,LOW,20.0
Fusarium Wilt,0,28.9,91.9,34.8,641.7,LOW,25.0
Early Blight,0,22.2,78.4,68.2,555.5,LOW,25.0
Late Blight,0,22.2,78.4,68.2,555.5,LOW,25.0
Fusarium Wilt,1,22.2,78.4,68.2,555.5,LOW,25.0
Early Blight,0,19.5,82.2,87.9,834.3,LOW,25.0
Late Blight,0,19.5,82.2,87.9,834.3,MEDIUM,45.0
Fusarium Wilt,2,19.5,82.2,87.9,834.3,LOW,25.0
Early Blight,0,29.5,87.4,54.9,268.7,MEDIUM,42.0
Late Blight,0,29.5,87.4,54.9,268.7,LOW,10.0
Fusarium Wilt,1,29.5,87.4,54.9,268.7,MEDIUM,40.0
Early Blight,0,30.4,46.1,68.4,990.8,LOW,12.0
Late Blight,0,30.4,46.1,68.4,990.8,LOW,10.0
Fusarium Wilt,1,30.4,46.1,68.4,990.8,MEDIUM,40.0
Early Blight,0,32.6,56.5,85.1,214.1,LOW,25.0
Late Blight,0,32.6,56.5,85.1,214.1,LOW,10.0
Fusarium Wilt,1,32.6,56.5,85.1,214.1,LOW,25.0
Early Blight,1,21.1,74.7,35.8,275.0,LOW,35.0
Late Blight,0,21.1,74.7,35.8,275.0,LOW,25.0
Fusarium Wilt,0,21.1,74.7,35.8,275.0,LOW,25.0
Early Blight,1,33.5,40.0,36.7,780.6,LOW,22.0
Late Blight,0,33.5,40.0,36.7,780.6,LOW,10.0
Fusarium Wilt,2,33.5,40.0,36.7,780.6,LOW,25.0
Early Blight,1,29.5,55.7,39.8,336.2,LOW,35.0
Late Blight,1,29.5,55.7,39.8,336.2,LOW,20.0
Fusarium Wilt,1,29.5,55.7,39.8,336.2,LOW,25.0
Early Blight,0,17.2,82.5,52.6,1035.0,LOW,25.0
Late Blight,2,17.2,82.5,52.6,1035.0,MEDIUM,45.0
Fusarium Wilt,1,17.2,82.5,52.6,1035.0,LOW,25.0
Early Blight,0,37.2,76.7,21.6,326.7,LOW,25.0
Late Blight,1,37.2,76.7,21.6,326.7,LOW,20.0
Fusarium Wilt,1,37.2,76.7,21.6,326.7,LOW,15.0
Early Blight,0,36.9,59.2,34.1,209.7,LOW,25.0
Late Blight,2,36.9,59.2,34.1,209.7,LOW,10.0
Fusarium Wilt,2,36.9,59.2,34.1,209.7,LOW,25.0
Early Blight,1,18.1,31.9,16.0,828.1,LOW,22.0
Late Blight,2,18.1,31.9,16.0,828.1,LOW,10.0
Fusarium Wilt,2,18.1,31.9,16.0,828.1,LOW,15.0
Early Blight,1,19.2,41.5,26.6,528.1,LOW,22.0
Late Blight,0,19.2,41.5,26.6,528.1,LOW,10.0
Fusarium Wilt,2,19.2,41.5,26.6,528.1,LOW,25.0
Early Blight,0,35.9,33.1,55.8,1190.5,LOW,12.0
Late Blight,2,35.9,33.1,55.8,1190.5,LOW,10.0
Fusarium Wilt,0,35.9,33.1,55.8,1190.5,MEDIUM,40.0
Early Blight,0,23.7,80.4,39.9,631.5,LOW,25.0
Late Blight,1,23.7,80.4,39.9,631.5,MEDIUM,55.0
Fusarium Wilt,1,23.7,80.4,39.9,631.5,LOW,25.0
Early Blight,1,26.5,32.8,53.6,1030.1,LOW,22.0
Late Blight,2,26.5,32.8,53.6,1030.1,LOW,10.0
Fusarium Wilt,0,26.5,32.8,53.6,1030.1,MEDIUM,40.0
Early Blight,0,20.1,45.4,76.2,278.0,LOW,12.0
Late Blight,0,20.1,45.4,76.2,278.0,LOW,10.0
Fusarium Wilt,2,20.1,45.4,76.2,278.0,LOW,25.0
Early Blight,0,21.9,70.0,16.7,140.7,LOW,25.0
Late Blight,1,21.9,70.0,16.7,140.7,LOW,35.0
Fusarium Wilt,1,21.9,70.0,16.7,140.7,LOW,15.0
Early Blight,0,36.0,84.1,55.5,1161.8,LOW,25.0
Late Blight,0,36.0,84.1,55.5,1161.8,LOW,10.0
Fusarium Wilt,2,36.0,84.1,55.5,1161.8,MEDIUM,40.0
Early Blight,0,33.7,97.9,66.4,755.8,LOW,25.0
Late Blight,2,33.7,97.9,66.4,755.8,LOW,10.0
Fusarium Wilt,0,33.7,97.9,66.4,755.8,MEDIUM,40.0
Early Blight,1,17.3,57.0,53.6,737.5,LOW,35.0
Late Blight,2,17.3,57.0,53.6,737.5,LOW,10.0
Fusarium Wilt,2,17.3,57.0,53.6,737.5,LOW,25.0
Early Blight,1,20.7,70.7,61.0,537.8,LOW,35.0
Late Blight,0,20.7,70.7,61.0,537.8,LOW,25.0
Fusarium Wilt,2,20.7,70.7,61.0,537.8,LOW,25.0
Early Blight,0,19.0,58.8,68.8,932.4,LOW,25.0
Late Blight,1,19.0,58.8,68.8,932.4,LOW,20.0
Fusarium Wilt,2,19.0,58.8,68.8,932.4,LOW,25.0
Early Blight,1,34.9,93.1,28.6,950.0,LOW,35.0
Late Blight,1,34.9,93.1,28.6,950.0,LOW,10.0
Fusarium Wilt,1,34.9,93.1,28.6,950.0,LOW,25.0
Early Blight,0,29.3,35.6,42.7,593.5,LOW,12.0
Late Blight,2,29.3,35.6,42.7,593.5,LOW,10.0
Fusarium Wilt,1,29.3,35.6,42.7,593.5,MEDIUM,40.0
Early Blight,1,23.7,44.8,65.2,479.7,LOW,22.0
Late Blight,2,23.7,44.8,65.2,479.7,LOW,10.0
Fusarium Wilt,1,23.7,44.8,65.2,479.7,LOW,25.0
Early Blight,1,17.0,91.9,29.6,195.5,LOW,35.0
Late Blight,0,17.0,91.9,29.6,195.5,MEDIUM,45.0
Fusarium Wilt,0,17.0,91.9,29.6,195.5,LOW,25.0
Early Blight,1,15.3,45.0,74.6,1048.6,LOW,22.0
Late Blight,2,15.3,45.0,74.6,1048.6,LOW,10.0
Fusarium Wilt,0,15.3,45.0,74.6,1048.6,LOW,25.0
Early Blight,0,19.4,53.5,50.0,1098.3,LOW,25.0
Late Blight,2,19.4,53.5,50.0,1098.3,LOW,10.0
Fusarium Wilt,0,19.4,53.5,50.0,1098.3,LOW,25.0
Early Blight,1,15.1,36.3,41.4,695.0,LOW,22.0
Late Blight,0,15.1,36.3,41.4,695.0,LOW,10.0
Fusarium Wilt,2,15.1,36.3,41.4,695.0,LOW,25.0
Early Blight,0,23.9,47.6,70.5,598.9,LOW,12.0
Late Blight,1,23.9,47.6,70.5,598.9,LOW,10.0
Fusarium Wilt,2,23.9,47.6,70.5,598.9,LOW,25.0
Early Blight,0,23.9,45.3,36.0,1149.6,LOW,12.0
Late Blight,0,23.9,45.3,36.0,1149.6,LOW,10.0
Fusarium Wilt,1,23.9,45.3,36.0,1149.6,LOW,25.0
Early Blight,1,34.4,87.3,61.1,619.7,LOW,35.0
Late Blight,2,34.4,87.3,61.1,619.7,LOW,10.0
Fusarium Wilt,1,34.4,87.3,61.1,619.7,MEDIUM,40.0
Early Blight,1,34.1,79.3,36.7,930.4,LOW,35.0
Late Blight,0,34.1,79.3,36.7,930.4,LOW,10.0
Fusarium Wilt,1,34.1,79.3,36.7,930.4,LOW,25.0
Early Blight,1,22.0,49.1,52.7,147.5,LOW,22.0
Late Blight,1,22.0,49.1,52.7,147.5,LOW,20.0
Fusarium Wilt,0,22.0,49.1,52.7,147.5,LOW,25.0
Early Blight,0,27.5,97.4,41.0,1042.1,MEDIUM,42.0
Late Blight,2,27.5,97.4,41.0,1042.1,LOW,25.0
Fusarium Wilt,0,27.5,97.4,41.0,1042.1,MEDIUM,40.0
Early Blight,0,35.5,54.5,56.4,1078.7,LOW,25.0
Late Blight,2,35.5,54.5,56.4,1078.7,LOW,10.0
Fusarium Wilt,2,35.5,54.5,56.4,1078.7,MEDIUM,40.0
Early Blight,1,37.8,62.1,34.5,594.5,LOW,35.0
Late Blight,1,37.8,62.1,34.5,594.5,LOW,20.0
Fusarium Wilt,1,37.8,62.1,34.5,594.5,LOW,25.0
Early Blight,1,33.2,40.3,41.0,734.3,LOW,22.0
Late Blight,1,33.2,40.3,41.0,734.3,LOW,10.0
Fusarium Wilt,0,33.2,40.3,41.0,734.3,MEDIUM,40.0
Early Blight,0,28.3,71.4,30.6,853.8,MEDIUM,42.0
Late Blight,2,28.3,71.4,30.6,853.8,LOW,10.0
Fusarium Wilt,1,28.3,71.4,30.6,853.8,LOW,25.0
Early Blight,0,28.6,70.6,83.8,1149.2,MEDIUM,42.0
Late Blight,2,28.6,70.6,83.8,1149.2,LOW,10.0
Fusarium Wilt,2,28.6,70.6,83.8,1149.2,LOW,25.0
Early Blight,1,27.6,32.3,71.4,587.1,LOW,22.0
Late Blight,1,27.6,32.3,71.4,587.1,LOW,10.0
Fusarium Wilt,1,27.6,32.3,71.4,587.1,LOW,25.0
Early Blight,1,19.7,68.4,76.0,258.7,LOW,35.0
Late Blight,2,19.7,68.4,76.0,258.7,LOW,25.0
Fusarium Wilt,0,19.7,68.4,76.0,258.7,LOW,25.0
Early Blight,0,25.2,75.6,16.8,1141.0,MEDIUM,42.0
Late Blight,1,25.2,75.6,16.8,1141.0,LOW,35.0
Fusarium Wilt,1,25.2,75.6,16.8,1141.0,LOW,15.0
Early Blight,0,19.3,83.9,42.5,1163.5,LOW,25.0
Late Blight,2,19.3,83.9,42.5,1163.5,MEDIUM,45.0
Fusarium Wilt,1,19.3,83.9,42.5,1163.5,LOW,25.0
Early Blight,0,32.9,33.5,21.4,778.5,LOW,12.0
Late Blight,2,32.9,33.5,21.4,778.5,LOW,10.0
Fusarium Wilt,0,32.9,33.5,21.4,778.5,LOW,15.0
Early Blight,0,35.5,86.7,86.2,515.6,LOW,25.0
Late Blight,2,35.5,86.7,86.2,515.6,LOW,10.0
Fusarium Wilt,1,35.5,86.7,86.2,515.6,LOW,25.0
Early Blight,1,22.9,38.9,37.3,691.5,LOW,22.0
Late Blight,0,22.9,38.9,37.3,691.5,LOW,10.0
Fusarium Wilt,1,22.9,38.9,37.3,691.5,LOW,25.0
Early Blight,0,20.6,78.6,13.9,964.0,LOW,25.0
Late Blight,1,20.6,78.6,13.9,964.0,LOW,25.0
Fusarium Wilt,1,20.6,78.6,13.9,964.0,LOW,15.0
Early Blight,0,27.2,83.0,37.3,217.3,MEDIUM,42.0
Late Blight,0,27.2,83.0,37.3,217.3,LOW,25.0
Fusarium Wilt,1,27.2,83.0,37.3,217.3,LOW,25.0
Early Blight,0,18.8,53.8,34.9,257.5,LOW,25.0
Late Blight,1,18.8,53.8,34.9,257.5,LOW,10.0
Fusarium Wilt,1,18.8,53.8,34.9,257.5,LOW,25.0
Early Blight,0,37.3,54.8,74.1,627.6,LOW,25.0
Late Blight,0,37.3,54.8,74.1,627.6,LOW,10.0
Fusarium Wilt,1,37.3,54.8,74.1,627.6,LOW,25.0
Early Blight,0,24.1,76.2,13.4,894.3,MEDIUM,42.0
Late Blight,2,24.1,76.2,13.4,894.3,LOW,25.0
Fusarium Wilt,2,24.1,76.2,13.4,894.3,LOW,15.0
Early Blight,0,35.7,36.3,87.5,1093.9,LOW,12.0
Late Blight,0,35.7,36.3,87.5,1093.9,LOW,10.0
Fusarium Wilt,0,35.7,36.3,87.5,1093.9,LOW,25.0
Early Blight,1,30.2,66.7,47.8,676.9,LOW,35.0
Late Blight,0,30.2,66.7,47.8,676.9,LOW,10.0
Fusarium Wilt,1,30.2,66.7,47.8,676.9,MEDIUM,40.0
Early Blight,0,16.8,84.5,74.4,724.1,LOW,25.0
Late Blight,1,16.8,84.5,74.4,724.1,MEDIUM,45.0
Fusarium Wilt,1,16.8,84.5,74.4,724.1,LOW,25.0
Early Blight,0,24.0,50.4,44.2,357.9,LOW,25.0
Late Blight,0,24.0,50.4,44.2,357.9,LOW,10.0
Fusarium Wilt,2,24.0,50.4,44.2,357.9,LOW,25.0
Early Blight,0,16.8,32.8,52.2,443.4,LOW,12.0
Late Blight,2,16.8,32.8,52.2,443.4,LOW,10.0
Fusarium Wilt,0,16.8,32.8,52.2,443.4,LOW,25.0
Early Blight,1,30.1,30.2,67.9,638.0,LOW,22.0
Late Blight,1,30.1,30.2,67.9,638.0,LOW,20.0
Fusarium Wilt,2,30.1,30.2,67.9,638.0,MEDIUM,40.0
Early Blight,1,18.2,88.8,15.5,1055.3,LOW,35.0
Late Blight,1,18.2,88.8,15.5,1055.3,MEDIUM,45.0
Fusarium Wilt,1,18.2,88.8,15.5,1055.3,LOW,15.0
Early Blight,1,32.9,54.2,42.5,848.6,LOW,35.0
Late Blight,1,32.9,54.2,42.5,848.6,LOW,10.0
Fusarium Wilt,1,32.9,54.2,42.5,848.6,MEDIUM,40.0
Early Blight,0,16.3,66.3,71.4,421.6,LOW,25.0
Late Blight,1,16.3,66.3,71.4,421.6,LOW,35.0
Fusarium Wilt,1,16.3,66.3,71.4,421.6,LOW,25.0
Early Blight,1,26.7,63.6,82.2,857.7,LOW,35.0
Late Blight,0,26.7,63.6,82.2,857.7,LOW,25.0
Fusarium Wilt,1,26.7,63.6,82.2,857.7,LOW,25.0
Early Blight,1,34.9,52.8,88.2,268.9,LOW,35.0
Late Blight,2,34.9,52.8,88.2,268.9,LOW,10.0
Fusarium Wilt,1,34.9,52.8,88.2,268.9,LOW,25.0
Early Blight,1,31.2,72.2,46.8,205.2,MEDIUM,52.0
Late Blight,2,31.2,72.2,46.8,205.2,LOW,10.0
Fusarium Wilt,0,31.2,72.2,46.8,205.2,MEDIUM,40.0
Early Blight,0,26.1,39.0,59.4,485.4,LOW,12.0
Late Blight,1,26.1,39.0,59.4,485.4,LOW,10.0
Fusarium Wilt,1,26.1,39.0,59.4,485.4,MEDIUM,40.0
Early Blight,1,23.1,46.2,66.4,1166.5,LOW,22.0
Late Blight,2,23.1,46.2,66.4,1166.5,LOW,10.0
Fusarium Wilt,1,23.1,46.2,66.4,1166.5,LOW,25.0
Early Blight,1,26.0,53.2,22.9,1100.4,LOW,35.0
Late Blight,0,26.0,53.2,22.9,1100.4,LOW,10.0
Fusarium Wilt,2,26.0,53.2,22.9,1100.4,LOW,15.0
Early Blight,1,17.9,59.2,26.9,764.8,LOW,35.0
Late Blight,2,17.9,59.2,26.9,764.8,LOW,10.0
Fusarium Wilt,1,17.9,59.2,26.9,764.8,LOW,25.0
Early Blight,0,22.7,93.7,34.2,1045.1,LOW,25.0
Late Blight,0,22.7,93.7,34.2,1045.1,MEDIUM,45.0
Fusarium Wilt,1,22.7,93.7,34.2,1045.1,LOW,25.0
Early Blight,0,34.0,69.6,22.7,243.3,LOW,25.0
Late Blight,0,34.0,69.6,22.7,243.3,LOW,10.0
Fusarium Wilt,1,34.0,69.6,22.7,243.3,LOW,15.0
Early Blight,0,30.0,94.8,87.4,1106.4,MEDIUM,42.0
Late Blight,1,30.0,94.8,87.4,1106.4,LOW,10.0
Fusarium Wilt,1,30.0,94.8,87.4,1106.4,LOW,25.0
Early Blight,1,26.0,90.0,30.6,310.4,MEDIUM,52.0
Late Blight,1,26.0,90.0,30.6,310.4,LOW,35.0
Fusarium Wilt,1,26.0,90.0,30.6,310.4,LOW,25.0
Early Blight,1,26.9,41.2,88.0,514.0,LOW,22.0
Late Blight,2,26.9,41.2,88.0,514.0,LOW,10.0
Fusarium Wilt,1,26.9,41.2,88.0,514.0,LOW,25.0
Early Blight,0,35.6,88.9,61.8,1018.4,LOW,25.0
Late Blight,0,35.6,88.9,61.8,1018.4,LOW,10.0
Fusarium Wilt,1,35.6,88.9,61.8,1018.4,MEDIUM,40.0
Early Blight,0,29.9,73.6,20.0,618.0,MEDIUM,42.0
Late Blight,0,29.9,73.6,20.0,618.0,LOW,10.0
Fusarium Wilt,0,29.9,73.6,20.0,618.0,LOW,15.0
Early Blight,1,15.2,34.5,65.9,631.2,LOW,22.0
Late Blight,1,15.2,34.5,65.9,631.2,LOW,10.0
Fusarium Wilt,1,15.2,34.5,65.9,631.2,LOW,25.0
Early Blight,1,37.3,86.7,20.1,387.9,LOW,35.0
Late Blight,2,37.3,86.7,20.1,387.9,LOW,10.0
Fusarium Wilt,1,37.3,86.7,20.1,387.9,LOW,15.0
Early Blight,0,32.5,78.8,31.5,1013.2,LOW,25.0
Late Blight,0,32.5,78.8,31.5,1013.2,LOW,10.0
Fusarium Wilt,2,32.5,78.8,31.5,1013.2,LOW,25.0
Early Blight,1,36.7,37.7,46.8,1001.6,LOW,22.0
Late Blight,1,36.7,37.7,46.8,1001.6,LOW,20.0
Fusarium Wilt,1,36.7,37.7,46.8,1001.6,MEDIUM,40.0
Early Blight,0,28.1,83.6,80.3,797.5,MEDIUM,42.0
Late Blight,1,28.1,83.6,80.3,797.5,LOW,10.0
Fusarium Wilt,1,28.1,83.6,80.3,797.5,LOW,25.0
Early Blight,1,29.0,97.0,31.8,981.2,MEDIUM,52.0
Late Blight,0,29.0,97.0,31.8,981.2,LOW,10.0
Fusarium Wilt,0,29.0,97.0,31.8,981.2,LOW,25.0
Early Blight,0,29.9,52.0,43.4,557.0,LOW,25.0
Late Blight,0,29.9,52.0,43.4,557.0,LOW,10.0
Fusarium Wilt,2,29.9,52.0,43.4,557.0,MEDIUM,40.0
Early Blight,0,34.9,31.4,23.5,574.4,LOW,12.0
Late Blight,1,34.9,31.4,23.5,574.4,LOW,20.0
Fusarium Wilt,1,34.9,31.4,23.5,574.4,LOW,15.0
Early Blight,0,15.2,78.9,21.5,719.0,LOW,25.0
Late Blight,0,15.2,78.9,21.5,719.0,LOW,25.0
Fusarium Wilt,1,15.2,78.9,21.5,719.0,LOW,15.0
Early Blight,1,24.4,88.8,61.6,431.2,MEDIUM,52.0
Late Blight,1,24.4,88.8,61.6,431.2,LOW,25.0
Fusarium Wilt,1,24.4,88.8,61.6,431.2,LOW,25.0
Early Blight,1,30.1,33.6,83.7,293.6,LOW,22.0
Late Blight,2,30.1,33.6,83.7,293.6,LOW,10.0
Fusarium Wilt,1,30.1,33.6,83.7,293.6,LOW,25.0
Early Blight,1,16.4,59.4,86.0,992.6,LOW,35.0
Late Blight,0,16.4,59.4,86.0,992.6,LOW,10.0
Fusarium Wilt,2,16.4,59.4,86.0,992.6,LOW,25.0
Early Blight,0,28.2,69.9,32.2,1039.0,LOW,25.0
Late Blight,0,28.2,69.9,32.2,1039.0,LOW,10.0
Fusarium Wilt,0,28.2,69.9,32.2,1039.0,LOW,25.0
Early Blight,1,19.0,61.9,65.5,467.8,LOW,35.0
Late Blight,0,19.0,61.9,65.5,467.8,LOW,25.0
Fusarium Wilt,2,19.0,61.9,65.5,467.8,LOW,25.0
Early Blight,0,15.5,62.7,32.2,373.4,LOW,25.0
Late Blight,1,15.5,62.7,32.2,373.4,LOW,35.0
Fusarium Wilt,1,15.5,62.7,32.2,373.4,LOW,25.0
Early Blight,1,17.3,42.2,33.4,623.2,LOW,22.0
Late Blight,0,17.3,42.2,33.4,623.2,LOW,10.0
Fusarium Wilt,1,17.3,42.2,33.4,623.2,LOW,25.0
Early Blight,1,18.6,46.4,37.7,456.6,LOW,22.0
Late Blight,2,18.6,46.4,37.7,456.6,LOW,10.0
Fusarium Wilt,2,18.6,46.4,37.7,456.6,LOW,25.0
Early Blight,0,15.7,78.2,39.3,492.1,LOW,25.0
Late Blight,1,15.7,78.2,39.3,492.1,LOW,25.0
Fusarium Wilt,1,15.7,78.2,39.3,492.1,LOW,25.0
Early Blight,0,37.9,33.6,22.2,1084.9,LOW,12.0
Late Blight,0,37.9,33.6,22.2,1084.9,LOW,10.0
Fusarium Wilt,2,37.9,33.6,22.2,1084.9,LOW,15.0
Early Blight,1,28.7,40.6,75.0,1041.4,LOW,22.0
Late Blight,1,28.7,40.6,75.0,1041.4,LOW,10.0
Fusarium Wilt,2,28.7,40.6,75.0,1041.4,LOW,25.0
Early Blight,0,26.9,69.9,77.6,1004.5,LOW,25.0
Late Blight,0,26.9,69.9,77.6,1004.5,LOW,25.0
Fusarium Wilt,1,26.9,69.9,77.6,1004.5,LOW,25.0
Early Blight,0,31.8,51.1,86.9,1124.8,LOW,25.0
Late Blight,0,31.8,51.1,86.9,1124.8,LOW,10.0
Fusarium Wilt,1,31.8,51.1,86.9,1124.8,LOW,25.0
Early Blight,0,34.7,51.4,49.7,233.4,LOW,25.0
Late Blight,2,34.7,51.4,49.7,233.4,LOW,10.0
Fusarium Wilt,0,34.7,51.4,49.7,233.4,MEDIUM,40.0
Early Blight,1,18.0,48.9,29.7,1023.9,LOW,22.0
Late Blight,1,18.0,48.9,29.7,1023.9,LOW,20.0
Fusarium Wilt,0,18.0,48.9,29.7,1023.9,LOW,25.0
Early Blight,1,35.1,74.7,81.3,887.7,LOW,35.0
Late Blight,1,35.1,74.7,81.3,887.7,LOW,10.0
Fusarium Wilt,2,35.1,74.7,81.3,887.7,LOW,25.0
Early Blight,0,16.7,32.8,22.3,445.8,LOW,12.0
Late Blight,1,16.7,32.8,22.3,445.8,LOW,10.0
Fusarium Wilt,1,16.7,32.8,22.3,445.8,LOW,15.0
Early Blight,0,25.2,89.7,34.5,854.4,MEDIUM,42.0
Late Blight,1,25.2,89.7,34.5,854.4,LOW,25.0
Fusarium Wilt,0,25.2,89.7,34.5,854.4,LOW,25.0
Early Blight,0,28.6,37.4,16.3,413.0,LOW,12.0
Late Blight,0,28.6,37.4,16.3,413.0,LOW,10.0
Fusarium Wilt,0,28.6,37.4,16.3,413.0,LOW,15.0
Early Blight,0,26.2,64.9,50.1,208.0,LOW,25.0
Late Blight,1,26.2,64.9,50.1,208.0,LOW,25.0
Fusarium Wilt,0,26.2,64.9,50.1,208.0,MEDIUM,40.0
Early Blight,0,23.9,46.5,51.8,548.4,LOW,12.0
Late Blight,0,23.9,46.5,51.8,548.4,LOW,10.0
Fusarium Wilt,1,23.9,46.5,51.8,548.4,LOW,25.0
Early Blight,0,23.1,58.6,57.7,1192.3,LOW,25.0
Late Blight,1,23.1,58.6,57.7,1192.3,LOW,20.0
Fusarium Wilt,0,23.1,58.6,57.7,1192.3,LOW,25.0
Early Blight,1,27.3,40.9,48.3,676.4,LOW,22.0
Late Blight,0,27.3,40.9,48.3,676.4,LOW,10.0
Fusarium Wilt,2,27.3,40.9,48.3,676.4,MEDIUM,40.0
Early Blight,1,29.7,67.7,63.9,1138.0,LOW,35.0
Late Blight,2,29.7,67.7,63.9,1138.0,LOW,10.0
Fusarium Wilt,2,29.7,67.7,63.9,1138.0,MEDIUM,40.0
Early Blight,1,15.4,65.1,68.2,883.1,LOW,35.0
Late Blight,1,15.4,65.1,68.2,883.1,LOW,35.0
Fusarium Wilt,2,15.4,65.1,68.2,883.1,LOW,25.0
Early Blight,1,35.3,81.7,56.7,1187.5,LOW,35.0
Late Blight,1,35.3,81.7,56.7,1187.5,LOW,20.0
Fusarium Wilt,1,35.3,81.7,56.7,1187.5,MEDIUM,40.0
Early Blight,0,24.5,90.6,30.8,628.9,MEDIUM,42.0
Late Blight,1,24.5,90.6,30.8,628.9,LOW,35.0
Fusarium Wilt,1,24.5,90.6,30.8,628.9,LOW,25.0
Early Blight,1,23.6,89.1,37.0,640.6,LOW,35.0
Late Blight,2,23.6,89.1,37.0,640.6,MEDIUM,45.0
Fusarium Wilt,1,23.6,89.1,37.0,640.6,LOW,25.0
Early Blight,0,33.3,85.8,26.6,434.0,LOW,25.0
Late Blight,2,33.3,85.8,26.6,434.0,LOW,10.0
Fusarium Wilt,1,33.3,85.8,26.6,434.0,LOW,25.0
Early Blight,0,28.5,40.0,67.6,248.2,LOW,12.0
Late Blight,1,28.5,40.0,67.6,248.2,LOW,20.0
Fusarium Wilt,1,28.5,40.0,67.6,248.2,MEDIUM,40.0
Early Blight,0,32.7,77.8,48.6,366.1,LOW,25.0
Late Blight,2,32.7,77.8,48.6,366.1,LOW,10.0
Fusarium Wilt,1,32.7,77.8,48.6,366.1,MEDIUM,40.0
Early Blight,1,33.0,87.1,18.6,411.5,LOW,35.0
Late Blight,1,33.0,87.1,18.6,411.5,LOW,10.0
Fusarium Wilt,1,33.0,87.1,18.6,411.5,LOW,15.0
Early Blight,1,18.2,55.5,75.4,470.7,LOW,35.0
Late Blight,2,18.2,55.5,75.4,470.7,LOW,10.0
Fusarium Wilt,1,18.2,55.5,75.4,470.7,LOW,25.0
Early Blight,0,37.9,79.0,63.3,744.8,LOW,25.0
Late Blight,1,37.9,79.0,63.3,744.8,LOW,10.0
Fusarium Wilt,2,37.9,79.0,63.3,744.8,MEDIUM,40.0
Early Blight,1,27.0,62.5,34.8,207.1,LOW,35.0
Late Blight,1,27.0,62.5,34.8,207.1,LOW,25.0
Fusarium Wilt,1,27.0,62.5,34.8,207.1,LOW,25.0
Early Blight,1,32.8,34.0,12.4,187.4,LOW,22.0
Late Blight,2,32.8,34.0,12.4,187.4,LOW,10.0
Fusarium Wilt,0,32.8,34.0,12.4,187.4,LOW,15.0
Early Blight,0,26.3,96.2,32.2,581.5,MEDIUM,42.0
Late Blight,1,26.3,96.2,32.2,581.5,LOW,35.0
Fusarium Wilt,1,26.3,96.2,32.2,581.5,LOW,25.0
Early Blight,1,23.9,64.8,49.7,314.1,LOW,35.0
Late Blight,1,23.9,64.8,49.7,314.1,LOW,35.0
Fusarium Wilt,2,23.9,64.8,49.7,314.1,LOW,25.0
Early Blight,1,32.9,73.0,14.5,282.5,LOW,35.0
Late Blight,1,32.9,73.0,14.5,282.5,LOW,10.0
Fusarium Wilt,2,32.9,73.0,14.5,282.5,LOW,15.0
Early Blight,1,32.1,60.7,77.8,1148.8,LOW,35.0
Late Blight,2,32.1,60.7,77.8,1148.8,LOW,10.0
Fusarium Wilt,1,32.1,60.7,77.8,1148.8,LOW,25.0
Early Blight,0,21.0,92.8,78.1,282.6,LOW,25.0
Late Blight,1,21.0,92.8,78.1,282.6,MEDIUM,55.0
Fusarium Wilt,2,21.0,92.8,78.1,282.6,LOW,25.0
Early Blight,0,16.0,66.9,19.2,297.7,LOW,25.0
Late Blight,1,16.0,66.9,19.2,297.7,LOW,25.0
Fusarium Wilt,1,16.0,66.9,19.2,297.7,LOW,15.0
Early Blight,1,29.1,69.7,40.5,313.1,LOW,35.0
Late Blight,2,29.1,69.7,40.5,313.1,LOW,10.0
Fusarium Wilt,1,29.1,69.7,40.5,313.1,MEDIUM,40.0
Early Blight,1,33.7,88.3,34.2,270.8,LOW,35.0
Late Blight,1,33.7,88.3,34.2,270.8,LOW,20.0
Fusarium Wilt,1,33.7,88.3,34.2,270.8,LOW,25.0
